ResourceID,brocade.id,card,order,source_field,source_code,Material
6bdab216-eab6-5653-b896-57492506250a,tg:rubhs:115,Materials,1,kenmerken.rubschrijfhs,pc,pencils (drawing and writing equipment)
6bdab216-eab6-5653-b896-57492506250a,tg:rubhs:115,Materials,2,kenmerken.rubschrijfhs,in,ink
651614bc-d11c-5d51-a064-34ed34494f8d,tg:rubhs:142,Materials,1,kenmerken.rubschrijfhs,pc,pencils (drawing and writing equipment)
651614bc-d11c-5d51-a064-34ed34494f8d,tg:rubhs:142,Materials,2,kenmerken.rubschrijfhs,in,ink
34cdbfe1-25aa-59d8-9c0c-8f805df7634f,tg:rubhs:154,Materials,1,kenmerken.rubschrijfhs,in,ink
f89075b7-bbea-5413-b7c5-5f40bfb1ea45,tg:rubhs:103,Materials,1,kenmerken.rubschrijfhs,pc,pencils (drawing and writing equipment)
f89075b7-bbea-5413-b7c5-5f40bfb1ea45,tg:rubhs:103,Materials,2,kenmerken.rubschrijfhs,in,ink
77edd04e-5fb6-5474-8b0a-91d9907eccc0,tg:rubhs:197,Materials,1,kenmerken.rubschrijfhs,pc,pencils (drawing and writing equipment)
77edd04e-5fb6-5474-8b0a-91d9907eccc0,tg:rubhs:197,Materials,2,kenmerken.rubschrijfhs,in,ink
6472f2e0-2285-519c-9c4a-3f62b23532ac,tg:rubhs:178,Materials,1,kenmerken.rubschrijfhs,pc,pencils (drawing and writing equipment)
6472f2e0-2285-519c-9c4a-3f62b23532ac,tg:rubhs:178,Materials,2,kenmerken.rubschrijfhs,in,ink
e63337da-bf45-5777-bb14-d3ef95982778,tg:rubhs:20,Materials,1,kenmerken.rubschrijfhs,pc,pencils (drawing and writing equipment)
e63337da-bf45-5777-bb14-d3ef95982778,tg:rubhs:20,Materials,2,kenmerken.rubschrijfhs,in,ink
23b02e04-46f9-5eb4-8eb9-8b3dede41e80,tg:rubhs:206,Materials,1,kenmerken.rubschrijfhs,pc,pencils (drawing and writing equipment)
23b02e04-46f9-5eb4-8eb9-8b3dede41e80,tg:rubhs:206,Materials,2,kenmerken.rubschrijfhs,in,ink
96420871-9263-54bc-b914-66a155f7623b,tg:rubhs:77,Materials,1,kenmerken.rubschrijfhs,pc,pencils (drawing and writing equipment)
96420871-9263-54bc-b914-66a155f7623b,tg:rubhs:77,Materials,2,kenmerken.rubschrijfhs,in,ink
f922fabb-2edf-5f02-a48b-b520db166615,tg:rubhs:210,Materials,1,kenmerken.rubschrijfhs,pc,pencils (drawing and writing equipment)
facadc33-bdd7-54fd-8c35-a3156f280ad9,tg:rubhs:139,Materials,1,kenmerken.rubschrijfhs,pc,pencils (drawing and writing equipment)
facadc33-bdd7-54fd-8c35-a3156f280ad9,tg:rubhs:139,Materials,2,kenmerken.rubschrijfhs,in,ink
8ba8ffac-3c35-5178-85a8-0df0924a37f1,tg:rubhs:61,Materials,1,kenmerken.rubschrijfhs,pc,pencils (drawing and writing equipment)
8ba8ffac-3c35-5178-85a8-0df0924a37f1,tg:rubhs:61,Materials,2,kenmerken.rubschrijfhs,in,ink
71cefda3-be50-508c-a98e-c9c552369f73,tg:rubhs:181,Materials,1,kenmerken.rubschrijfhs,pc,pencils (drawing and writing equipment)
71cefda3-be50-508c-a98e-c9c552369f73,tg:rubhs:181,Materials,2,kenmerken.rubschrijfhs,in,ink
013db479-4b8e-51d9-8e5d-793832023bda,tg:rubhs:36,Materials,1,kenmerken.rubschrijfhs,pc,pencils (drawing and writing equipment)
013db479-4b8e-51d9-8e5d-793832023bda,tg:rubhs:36,Materials,2,kenmerken.rubschrijfhs,in,ink
cf13a37b-d8f8-5092-8ccb-56c26be682eb,tg:rubhs:119,Materials,1,kenmerken.rubschrijfhs,pc,pencils (drawing and writing equipment)
cf13a37b-d8f8-5092-8ccb-56c26be682eb,tg:rubhs:119,Materials,2,kenmerken.rubschrijfhs,in,ink
fb58236a-34ca-5dce-9524-4234b548880e,tg:rubhs:41,Materials,1,kenmerken.rubschrijfhs,pc,pencils (drawing and writing equipment)
fb58236a-34ca-5dce-9524-4234b548880e,tg:rubhs:41,Materials,2,kenmerken.rubschrijfhs,in,ink
ef379e44-9f91-5b8e-bfd1-d1c8536ee9d8,tg:rubhs:16,Materials,1,kenmerken.rubschrijfhs,pc,pencils (drawing and writing equipment)
ef379e44-9f91-5b8e-bfd1-d1c8536ee9d8,tg:rubhs:16,Materials,2,kenmerken.rubschrijfhs,in,ink
76405c8e-f119-5338-99fc-65a0be468e3b,tg:rubhs:158,Materials,1,kenmerken.rubschrijfhs,pc,pencils (drawing and writing equipment)
76405c8e-f119-5338-99fc-65a0be468e3b,tg:rubhs:158,Materials,2,kenmerken.rubschrijfhs,in,ink
db03d75c-f6bd-560e-a0bc-701dccd7cdac,tg:rubhs:57,Materials,1,kenmerken.rubschrijfhs,pc,pencils (drawing and writing equipment)
db03d75c-f6bd-560e-a0bc-701dccd7cdac,tg:rubhs:57,Materials,2,kenmerken.rubschrijfhs,in,ink
1575e60d-ff57-5aa7-8698-f8ab175402dd,tg:rubhs:174,Materials,1,kenmerken.rubschrijfhs,pc,pencils (drawing and writing equipment)
1575e60d-ff57-5aa7-8698-f8ab175402dd,tg:rubhs:174,Materials,2,kenmerken.rubschrijfhs,in,ink
a3efe53b-777c-5c27-8fac-b2ab7e054028,tg:rubhs:94,Materials,1,kenmerken.rubschrijfhs,pc,pencils (drawing and writing equipment)
a3efe53b-777c-5c27-8fac-b2ab7e054028,tg:rubhs:94,Materials,2,kenmerken.rubschrijfhs,in,ink
e8f343b6-5e7d-5204-bb58-d426e6016269,tg:rubhs:123,Materials,1,kenmerken.rubschrijfhs,pc,pencils (drawing and writing equipment)
4b9d89fc-1d97-5e7e-8e3d-7fa0a5b7c1fc,tg:rubhs:82,Materials,1,kenmerken.rubschrijfhs,pc,pencils (drawing and writing equipment)
4b9d89fc-1d97-5e7e-8e3d-7fa0a5b7c1fc,tg:rubhs:82,Materials,2,kenmerken.rubschrijfhs,in,ink
b412a4ae-4325-5a90-83f0-e809116a7f9e,tg:rubhs:6,Materials,1,kenmerken.rubschrijfhs,pc,pencils (drawing and writing equipment)
e84587f9-c4ac-5f8d-bf98-256295b41cde,tg:rubhs:135,Materials,1,kenmerken.rubschrijfhs,pc,pencils (drawing and writing equipment)
e84587f9-c4ac-5f8d-bf98-256295b41cde,tg:rubhs:135,Materials,2,kenmerken.rubschrijfhs,in,ink
e84587f9-c4ac-5f8d-bf98-256295b41cde,tg:rubhs:135,Materials,3,kenmerken.rubschrijfhs,bi,ball-point pens
bba95541-b953-51cb-bb30-06349e54c4d3,tg:rubhs:162,Materials,1,kenmerken.rubschrijfhs,pc,pencils (drawing and writing equipment)
4d430dc5-68c5-5556-9ddc-4b9041c573e9,tg:rubhs:163,Materials,1,kenmerken.rubschrijfhs,pc,pencils (drawing and writing equipment)
4d430dc5-68c5-5556-9ddc-4b9041c573e9,tg:rubhs:163,Materials,2,kenmerken.rubschrijfhs,in,ink
6ba58e6a-c5aa-528d-8223-0cdeecb3d481,tg:rubhs:83,Materials,1,kenmerken.rubschrijfhs,pc,pencils (drawing and writing equipment)
6ba58e6a-c5aa-528d-8223-0cdeecb3d481,tg:rubhs:83,Materials,2,kenmerken.rubschrijfhs,in,ink
7c225786-d095-55ee-8d80-eaf75ab82926,tg:rubhs:134,Materials,1,kenmerken.rubschrijfhs,pc,pencils (drawing and writing equipment)
7c225786-d095-55ee-8d80-eaf75ab82926,tg:rubhs:134,Materials,2,kenmerken.rubschrijfhs,in,ink
7c225786-d095-55ee-8d80-eaf75ab82926,tg:rubhs:134,Materials,3,kenmerken.rubschrijfhs,bi,ball-point pens
c9314aa8-f637-5d3d-aab1-b5a856601641,tg:rubhs:95,Materials,1,kenmerken.rubschrijfhs,pc,pencils (drawing and writing equipment)
c9314aa8-f637-5d3d-aab1-b5a856601641,tg:rubhs:95,Materials,2,kenmerken.rubschrijfhs,in,ink
80ddb6da-09ba-512d-a340-2a29e29da93e,tg:rubhs:122,Materials,1,kenmerken.rubschrijfhs,pc,pencils (drawing and writing equipment)
80ddb6da-09ba-512d-a340-2a29e29da93e,tg:rubhs:122,Materials,2,kenmerken.rubschrijfhs,in,ink
80ddb6da-09ba-512d-a340-2a29e29da93e,tg:rubhs:122,Materials,3,kenmerken.rubschrijfhs,bi,ball-point pens
9d985d63-cbb7-5c4a-aa79-18748d76f47e,tg:rubhs:175,Materials,1,kenmerken.rubschrijfhs,pc,pencils (drawing and writing equipment)
9d985d63-cbb7-5c4a-aa79-18748d76f47e,tg:rubhs:175,Materials,2,kenmerken.rubschrijfhs,in,ink
654d6d97-997d-555f-ad89-c11f184b9917,tg:rubhs:56,Materials,1,kenmerken.rubschrijfhs,pc,pencils (drawing and writing equipment)
654d6d97-997d-555f-ad89-c11f184b9917,tg:rubhs:56,Materials,2,kenmerken.rubschrijfhs,in,ink
3ac3e81b-bc7e-5499-ac45-6389e06c6ec1,tg:rubhs:159,Materials,1,kenmerken.rubschrijfhs,pc,pencils (drawing and writing equipment)
bb580b69-be01-550d-9ef8-8ecd9a1e9dc4,tg:rubhs:17,Materials,1,kenmerken.rubschrijfhs,pc,pencils (drawing and writing equipment)
bb580b69-be01-550d-9ef8-8ecd9a1e9dc4,tg:rubhs:17,Materials,2,kenmerken.rubschrijfhs,in,ink
a7b7dfe7-8bff-58b8-b9a6-7d85258ad951,tg:rubhs:118,Materials,1,kenmerken.rubschrijfhs,pc,pencils (drawing and writing equipment)
a7b7dfe7-8bff-58b8-b9a6-7d85258ad951,tg:rubhs:118,Materials,2,kenmerken.rubschrijfhs,in,ink
302dadda-bf64-5ec1-b32b-5bfdc490fc08,tg:rubhs:40,Materials,1,kenmerken.rubschrijfhs,pc,pencils (drawing and writing equipment)
302dadda-bf64-5ec1-b32b-5bfdc490fc08,tg:rubhs:40,Materials,2,kenmerken.rubschrijfhs,in,ink
1f7c8be3-70e8-5048-ace7-65dcbee30cdd,tg:rubhs:180,Materials,1,kenmerken.rubschrijfhs,pc,pencils (drawing and writing equipment)
1f7c8be3-70e8-5048-ace7-65dcbee30cdd,tg:rubhs:180,Materials,2,kenmerken.rubschrijfhs,in,ink
5454dcb4-ee56-5ff9-ab6c-9f8a28f1b745,tg:rubhs:37,Materials,1,kenmerken.rubschrijfhs,pc,pencils (drawing and writing equipment)
5454dcb4-ee56-5ff9-ab6c-9f8a28f1b745,tg:rubhs:37,Materials,2,kenmerken.rubschrijfhs,in,ink
568eb2b2-e872-5bd4-b883-d45041fbf573,tg:rubhs:138,Materials,1,kenmerken.rubschrijfhs,pc,pencils (drawing and writing equipment)
568eb2b2-e872-5bd4-b883-d45041fbf573,tg:rubhs:138,Materials,2,kenmerken.rubschrijfhs,in,ink
75577ba0-3510-5f3a-a847-8e835bbcf15b,tg:rubhs:60,Materials,1,kenmerken.rubschrijfhs,pc,pencils (drawing and writing equipment)
75577ba0-3510-5f3a-a847-8e835bbcf15b,tg:rubhs:60,Materials,2,kenmerken.rubschrijfhs,in,ink
2f639716-8718-5e72-a485-c6e0b0ec814c,tg:rubhs:211,Materials,1,kenmerken.rubschrijfhs,pc,pencils (drawing and writing equipment)
3bad7f9e-001c-5157-aaad-666a587bcb81,tg:rubhs:99,Materials,1,kenmerken.rubschrijfhs,pc,pencils (drawing and writing equipment)
3bad7f9e-001c-5157-aaad-666a587bcb81,tg:rubhs:99,Materials,2,kenmerken.rubschrijfhs,in,ink
5154fddb-09a7-5763-a247-6619b67a6a9d,tg:rubhs:76,Materials,1,kenmerken.rubschrijfhs,pc,pencils (drawing and writing equipment)
5154fddb-09a7-5763-a247-6619b67a6a9d,tg:rubhs:76,Materials,2,kenmerken.rubschrijfhs,in,ink
67b63eb1-4d26-5a98-aa53-0bb599a0920e,tg:rubhs:207,Materials,1,kenmerken.rubschrijfhs,pc,pencils (drawing and writing equipment)
67b63eb1-4d26-5a98-aa53-0bb599a0920e,tg:rubhs:207,Materials,2,kenmerken.rubschrijfhs,in,ink
e11971b7-5b6c-5359-9502-f436522362e4,tg:rubhs:196,Materials,1,kenmerken.rubschrijfhs,pc,pencils (drawing and writing equipment)
e11971b7-5b6c-5359-9502-f436522362e4,tg:rubhs:196,Materials,2,kenmerken.rubschrijfhs,in,ink
ba53b791-7b7d-54c1-ab97-d87002a8a91d,tg:rubhs:179,Materials,1,kenmerken.rubschrijfhs,pc,pencils (drawing and writing equipment)
ba53b791-7b7d-54c1-ab97-d87002a8a91d,tg:rubhs:179,Materials,2,kenmerken.rubschrijfhs,in,ink
9393531a-c279-5330-a028-1eaad6505039,tg:rubhs:21,Materials,1,kenmerken.rubschrijfhs,pc,pencils (drawing and writing equipment)
9393531a-c279-5330-a028-1eaad6505039,tg:rubhs:21,Materials,2,kenmerken.rubschrijfhs,in,ink
d609fecc-495a-59f3-aea5-37d40adc6052,tg:rubhs:102,Materials,1,kenmerken.rubschrijfhs,pc,pencils (drawing and writing equipment)
d609fecc-495a-59f3-aea5-37d40adc6052,tg:rubhs:102,Materials,2,kenmerken.rubschrijfhs,in,ink
27533568-4345-51b9-a141-691a47ff01e0,tg:rubhs:155,Materials,1,kenmerken.rubschrijfhs,pc,pencils (drawing and writing equipment)
27533568-4345-51b9-a141-691a47ff01e0,tg:rubhs:155,Materials,2,kenmerken.rubschrijfhs,in,ink
8cf60f7c-14b3-5cd9-b603-ed1b763ccb5b,tg:rubhs:143,Materials,1,kenmerken.rubschrijfhs,pc,pencils (drawing and writing equipment)
8cf60f7c-14b3-5cd9-b603-ed1b763ccb5b,tg:rubhs:143,Materials,2,kenmerken.rubschrijfhs,in,ink
18735cac-fb72-587a-a72c-5e04d3655815,tg:rubhs:114,Materials,1,kenmerken.rubschrijfhs,pc,pencils (drawing and writing equipment)
18735cac-fb72-587a-a72c-5e04d3655815,tg:rubhs:114,Materials,2,kenmerken.rubschrijfhs,in,ink
86600d7a-ac3d-51e3-9e1a-b63888d9bba4,tg:rubhs:47,Materials,1,kenmerken.rubschrijfhs,pc,pencils (drawing and writing equipment)
86600d7a-ac3d-51e3-9e1a-b63888d9bba4,tg:rubhs:47,Materials,2,kenmerken.rubschrijfhs,in,ink
4a5d8e8c-601e-58d6-83be-195dea6361b9,tg:rubhs:148,Materials,1,kenmerken.rubschrijfhs,pc,pencils (drawing and writing equipment)
4a5d8e8c-601e-58d6-83be-195dea6361b9,tg:rubhs:148,Materials,2,kenmerken.rubschrijfhs,in,ink
02feda08-6016-59e2-8d63-e116729cdb80,tg:rubhs:10,Materials,1,kenmerken.rubschrijfhs,pc,pencils (drawing and writing equipment)
02feda08-6016-59e2-8d63-e116729cdb80,tg:rubhs:10,Materials,2,kenmerken.rubschrijfhs,in,ink
e84d86a6-03a8-526f-b4ed-5f2ab3a1956d,tg:rubhs:109,Materials,1,kenmerken.rubschrijfhs,pc,pencils (drawing and writing equipment)
e84d86a6-03a8-526f-b4ed-5f2ab3a1956d,tg:rubhs:109,Materials,2,kenmerken.rubschrijfhs,in,ink
27b6c1e7-9d36-5a2f-80cd-1051b8bd1cca,tg:rubhs:51,Materials,1,kenmerken.rubschrijfhs,pc,pencils (drawing and writing equipment)
27b6c1e7-9d36-5a2f-80cd-1051b8bd1cca,tg:rubhs:51,Materials,2,kenmerken.rubschrijfhs,in,ink
a5f10b42-d12b-566f-a7b3-0de3687cc628,tg:rubhs:172,Materials,1,kenmerken.rubschrijfhs,pc,pencils (drawing and writing equipment)
a5f10b42-d12b-566f-a7b3-0de3687cc628,tg:rubhs:172,Materials,2,kenmerken.rubschrijfhs,in,ink
98f0d247-783b-5752-836d-9621070e1b9e,tg:rubhs:92,Materials,1,kenmerken.rubschrijfhs,pc,pencils (drawing and writing equipment)
98f0d247-783b-5752-836d-9621070e1b9e,tg:rubhs:92,Materials,2,kenmerken.rubschrijfhs,in,ink
f6b83aad-4ed0-5712-ae85-b8d06b33a818,tg:rubhs:125,Materials,1,kenmerken.rubschrijfhs,pc,pencils (drawing and writing equipment)
f6b83aad-4ed0-5712-ae85-b8d06b33a818,tg:rubhs:125,Materials,2,kenmerken.rubschrijfhs,in,ink
29e1e71f-b40a-544c-8eda-5211248c5baf,tg:rubhs:84,Materials,1,kenmerken.rubschrijfhs,pc,pencils (drawing and writing equipment)
29e1e71f-b40a-544c-8eda-5211248c5baf,tg:rubhs:84,Materials,2,kenmerken.rubschrijfhs,in,ink
f4f61012-e6e6-53f0-87aa-1af53cde29a3,tg:rubhs:133,Materials,1,kenmerken.rubschrijfhs,pc,pencils (drawing and writing equipment)
f4f61012-e6e6-53f0-87aa-1af53cde29a3,tg:rubhs:133,Materials,2,kenmerken.rubschrijfhs,bi,ball-point pens
28c0517b-4e9b-55a4-9055-fcbb1599aadd,tg:rubhs:164,Materials,1,kenmerken.rubschrijfhs,pc,pencils (drawing and writing equipment)
28c0517b-4e9b-55a4-9055-fcbb1599aadd,tg:rubhs:164,Materials,2,kenmerken.rubschrijfhs,in,ink
5a984b56-7518-5567-bd45-9da5759b06b6,tg:rubhs:113,Materials,1,kenmerken.rubschrijfhs,pc,pencils (drawing and writing equipment)
5a984b56-7518-5567-bd45-9da5759b06b6,tg:rubhs:113,Materials,2,kenmerken.rubschrijfhs,in,ink
5c8aa656-79a3-5339-a7bd-e3b4e3e25278,tg:rubhs:144,Materials,1,kenmerken.rubschrijfhs,pc,pencils (drawing and writing equipment)
5c8aa656-79a3-5339-a7bd-e3b4e3e25278,tg:rubhs:144,Materials,2,kenmerken.rubschrijfhs,in,ink
1b921760-1f17-5fe5-be95-642c417b73b3,tg:rubhs:105,Materials,1,kenmerken.rubschrijfhs,pc,pencils (drawing and writing equipment)
1b921760-1f17-5fe5-be95-642c417b73b3,tg:rubhs:105,Materials,2,kenmerken.rubschrijfhs,in,ink
5e546408-f4a9-5c7c-b046-f311a42a1621,tg:rubhs:26,Materials,1,kenmerken.rubschrijfhs,pc,pencils (drawing and writing equipment)
5e546408-f4a9-5c7c-b046-f311a42a1621,tg:rubhs:26,Materials,2,kenmerken.rubschrijfhs,in,ink
4fcc995a-85b4-5c9b-9fb9-2219c5f26625,tg:rubhs:200,Materials,1,kenmerken.rubschrijfhs,pc,pencils (drawing and writing equipment)
4fcc995a-85b4-5c9b-9fb9-2219c5f26625,tg:rubhs:200,Materials,2,kenmerken.rubschrijfhs,in,ink
e496d231-d3f7-53ab-b1f6-18b3290f9a5a,tg:rubhs:129,Materials,1,kenmerken.rubschrijfhs,pc,pencils (drawing and writing equipment)
e496d231-d3f7-53ab-b1f6-18b3290f9a5a,tg:rubhs:129,Materials,2,kenmerken.rubschrijfhs,bi,ball-point pens
cf683190-a7ff-54ab-94ad-351d3e2c72d7,tg:rubhs:71,Materials,1,kenmerken.rubschrijfhs,pc,pencils (drawing and writing equipment)
cf683190-a7ff-54ab-94ad-351d3e2c72d7,tg:rubhs:71,Materials,2,kenmerken.rubschrijfhs,in,ink
da1c9379-7cb1-59a3-90a7-41c1bea975a7,tg:rubhs:88,Materials,1,kenmerken.rubschrijfhs,pc,pencils (drawing and writing equipment)
da1c9379-7cb1-59a3-90a7-41c1bea975a7,tg:rubhs:88,Materials,2,kenmerken.rubschrijfhs,in,ink
7c564919-563f-5ffe-8f08-ff864b9ef5bc,tg:rubhs:67,Materials,1,kenmerken.rubschrijfhs,pc,pencils (drawing and writing equipment)
7c564919-563f-5ffe-8f08-ff864b9ef5bc,tg:rubhs:67,Materials,2,kenmerken.rubschrijfhs,in,ink
fc2118b1-b344-55e4-bb6e-0a98740e35aa,tg:rubhs:187,Materials,1,kenmerken.rubschrijfhs,pc,pencils (drawing and writing equipment)
97316613-fc6f-5902-8fd5-0e544865c423,tg:rubhs:168,Materials,1,kenmerken.rubschrijfhs,pc,pencils (drawing and writing equipment)
97316613-fc6f-5902-8fd5-0e544865c423,tg:rubhs:168,Materials,2,kenmerken.rubschrijfhs,in,ink
d60d1eb6-875d-5f23-bdec-058b08a2a51f,tg:rubhs:30,Materials,1,kenmerken.rubschrijfhs,pc,pencils (drawing and writing equipment)
d60d1eb6-875d-5f23-bdec-058b08a2a51f,tg:rubhs:30,Materials,2,kenmerken.rubschrijfhs,in,ink
f49d2a33-3d8a-5ebe-be25-675a2d97419f,tg:rubhs:186,Materials,1,kenmerken.rubschrijfhs,pc,pencils (drawing and writing equipment)
f49d2a33-3d8a-5ebe-be25-675a2d97419f,tg:rubhs:186,Materials,2,kenmerken.rubschrijfhs,in,ink
326344e8-80b6-59c8-8401-124cdc6218eb,tg:rubhs:169,Materials,1,kenmerken.rubschrijfhs,pc,pencils (drawing and writing equipment)
454d6ddc-3764-5a34-a2cf-b5bb4a97f9bb,tg:rubhs:31,Materials,1,kenmerken.rubschrijfhs,pc,pencils (drawing and writing equipment)
454d6ddc-3764-5a34-a2cf-b5bb4a97f9bb,tg:rubhs:31,Materials,2,kenmerken.rubschrijfhs,in,ink
b48683ed-abdc-5508-8aca-77356550fa87,tg:rubhs:89,Materials,1,kenmerken.rubschrijfhs,pc,pencils (drawing and writing equipment)
b48683ed-abdc-5508-8aca-77356550fa87,tg:rubhs:89,Materials,2,kenmerken.rubschrijfhs,in,ink
14d1116b-2ddd-539c-b4d5-26e75caa949a,tg:rubhs:66,Materials,1,kenmerken.rubschrijfhs,pc,pencils (drawing and writing equipment)
14d1116b-2ddd-539c-b4d5-26e75caa949a,tg:rubhs:66,Materials,2,kenmerken.rubschrijfhs,in,ink
ff6ee980-a224-591c-94b4-6c21c365ace7,tg:rubhs:128,Materials,1,kenmerken.rubschrijfhs,pc,pencils (drawing and writing equipment)
ff6ee980-a224-591c-94b4-6c21c365ace7,tg:rubhs:128,Materials,2,kenmerken.rubschrijfhs,in,ink
2ec5806d-fe4a-5658-b15a-06d1729d4739,tg:rubhs:70,Materials,1,kenmerken.rubschrijfhs,pc,pencils (drawing and writing equipment)
2ec5806d-fe4a-5658-b15a-06d1729d4739,tg:rubhs:70,Materials,2,kenmerken.rubschrijfhs,in,ink
88399b1e-72d7-527a-814c-43743bdf7336,tg:rubhs:201,Materials,1,kenmerken.rubschrijfhs,pc,pencils (drawing and writing equipment)
88399b1e-72d7-527a-814c-43743bdf7336,tg:rubhs:201,Materials,2,kenmerken.rubschrijfhs,in,ink
f021c1e0-9333-510e-9096-13d86932f25e,tg:rubhs:27,Materials,1,kenmerken.rubschrijfhs,pc,pencils (drawing and writing equipment)
f021c1e0-9333-510e-9096-13d86932f25e,tg:rubhs:27,Materials,2,kenmerken.rubschrijfhs,in,ink
e213a637-98cf-5407-b333-fad99cdd55c4,tg:rubhs:104,Materials,1,kenmerken.rubschrijfhs,pc,pencils (drawing and writing equipment)
e213a637-98cf-5407-b333-fad99cdd55c4,tg:rubhs:104,Materials,2,kenmerken.rubschrijfhs,in,ink
199f5750-a618-50c1-ba0d-721fb9481c1c,tg:rubhs:153,Materials,1,kenmerken.rubschrijfhs,pc,pencils (drawing and writing equipment)
199f5750-a618-50c1-ba0d-721fb9481c1c,tg:rubhs:153,Materials,2,kenmerken.rubschrijfhs,in,ink
fffc2c31-2f2e-5bd7-ad05-e3595d32b8d8,tg:rubhs:145,Materials,1,kenmerken.rubschrijfhs,pc,pencils (drawing and writing equipment)
fffc2c31-2f2e-5bd7-ad05-e3595d32b8d8,tg:rubhs:145,Materials,2,kenmerken.rubschrijfhs,in,ink
9ac28c25-1d8b-5ba0-b870-ef99f4b9c766,tg:rubhs:112,Materials,1,kenmerken.rubschrijfhs,pc,pencils (drawing and writing equipment)
9ac28c25-1d8b-5ba0-b870-ef99f4b9c766,tg:rubhs:112,Materials,2,kenmerken.rubschrijfhs,in,ink
8a3a4f76-e2df-5a8b-815f-dbe5f9a6644a,tg:rubhs:165,Materials,1,kenmerken.rubschrijfhs,pc,pencils (drawing and writing equipment)
8a3a4f76-e2df-5a8b-815f-dbe5f9a6644a,tg:rubhs:165,Materials,2,kenmerken.rubschrijfhs,in,ink
8a3a4f76-e2df-5a8b-815f-dbe5f9a6644a,tg:rubhs:165,Materials,3,kenmerken.rubschrijfhs,bi,ball-point pens
77cac798-fb3f-5eff-ac49-d1d279f2408f,tg:rubhs:85,Materials,1,kenmerken.rubschrijfhs,pc,pencils (drawing and writing equipment)
77cac798-fb3f-5eff-ac49-d1d279f2408f,tg:rubhs:85,Materials,2,kenmerken.rubschrijfhs,in,ink
da18148f-d2af-5bae-8550-df807cde96ef,tg:rubhs:132,Materials,1,kenmerken.rubschrijfhs,pc,pencils (drawing and writing equipment)
7ca2c966-4338-5709-9350-b5fba5d88fa8,tg:rubhs:93,Materials,1,kenmerken.rubschrijfhs,pc,pencils (drawing and writing equipment)
7ca2c966-4338-5709-9350-b5fba5d88fa8,tg:rubhs:93,Materials,2,kenmerken.rubschrijfhs,in,ink
30b87c0e-0fd5-538f-b396-c4f65e0615a7,tg:rubhs:124,Materials,1,kenmerken.rubschrijfhs,pc,pencils (drawing and writing equipment)
30b87c0e-0fd5-538f-b396-c4f65e0615a7,tg:rubhs:124,Materials,2,kenmerken.rubschrijfhs,in,ink
30b87c0e-0fd5-538f-b396-c4f65e0615a7,tg:rubhs:124,Materials,3,kenmerken.rubschrijfhs,bi,ball-point pens
032c6f7e-e61d-5e2e-95b3-e7c0e872a9c4,tg:rubhs:173,Materials,1,kenmerken.rubschrijfhs,pc,pencils (drawing and writing equipment)
1c10d76a-7a30-5a5b-8337-268acd0ae9f1,tg:rubhs:108,Materials,1,kenmerken.rubschrijfhs,pc,pencils (drawing and writing equipment)
1c10d76a-7a30-5a5b-8337-268acd0ae9f1,tg:rubhs:108,Materials,2,kenmerken.rubschrijfhs,in,ink
32e6c074-a962-5c6c-ab3a-f8a43c6ca89f,tg:rubhs:50,Materials,1,kenmerken.rubschrijfhs,pc,pencils (drawing and writing equipment)
32e6c074-a962-5c6c-ab3a-f8a43c6ca89f,tg:rubhs:50,Materials,2,kenmerken.rubschrijfhs,in,ink
ca5d8c26-c718-5902-9abc-81ece16fe78b,tg:rubhs:149,Materials,1,kenmerken.rubschrijfhs,pc,pencils (drawing and writing equipment)
ca5d8c26-c718-5902-9abc-81ece16fe78b,tg:rubhs:149,Materials,2,kenmerken.rubschrijfhs,in,ink
f4cde989-f1ee-5c80-8adf-8eb25786a428,tg:rubhs:11,Materials,1,kenmerken.rubschrijfhs,pc,pencils (drawing and writing equipment)
f4cde989-f1ee-5c80-8adf-8eb25786a428,tg:rubhs:11,Materials,2,kenmerken.rubschrijfhs,in,ink
60652640-6649-5c96-84e5-d8915306a9d1,tg:rubhs:46,Materials,1,kenmerken.rubschrijfhs,pc,pencils (drawing and writing equipment)
60652640-6649-5c96-84e5-d8915306a9d1,tg:rubhs:46,Materials,2,kenmerken.rubschrijfhs,in,ink
49b39e48-8b7f-5ea3-936e-4b44e5706811,tg:rubhs:166,Materials,1,kenmerken.rubschrijfhs,pc,pencils (drawing and writing equipment)
49b39e48-8b7f-5ea3-936e-4b44e5706811,tg:rubhs:166,Materials,2,kenmerken.rubschrijfhs,in,ink
599fb696-e6eb-5a9c-bad6-4dcaaa6bc579,tg:rubhs:69,Materials,1,kenmerken.rubschrijfhs,pc,pencils (drawing and writing equipment)
599fb696-e6eb-5a9c-bad6-4dcaaa6bc579,tg:rubhs:69,Materials,2,kenmerken.rubschrijfhs,in,ink
be795ee8-2916-5f62-9883-e994bf6d7a66,tg:rubhs:131,Materials,1,kenmerken.rubschrijfhs,pc,pencils (drawing and writing equipment)
be795ee8-2916-5f62-9883-e994bf6d7a66,tg:rubhs:131,Materials,2,kenmerken.rubschrijfhs,in,ink
be795ee8-2916-5f62-9883-e994bf6d7a66,tg:rubhs:131,Materials,3,kenmerken.rubschrijfhs,bi,ball-point pens
e3892281-ff12-5fbb-af35-1c31ea5db980,tg:rubhs:86,Materials,1,kenmerken.rubschrijfhs,pc,pencils (drawing and writing equipment)
e3892281-ff12-5fbb-af35-1c31ea5db980,tg:rubhs:86,Materials,2,kenmerken.rubschrijfhs,in,ink
7bb7ee8c-d758-5f48-85c7-92490616feb2,tg:rubhs:127,Materials,1,kenmerken.rubschrijfhs,pc,pencils (drawing and writing equipment)
7bb7ee8c-d758-5f48-85c7-92490616feb2,tg:rubhs:127,Materials,2,kenmerken.rubschrijfhs,in,ink
cb89c78c-ecd6-5fcb-8b1f-79e76d37edad,tg:rubhs:90,Materials,1,kenmerken.rubschrijfhs,pc,pencils (drawing and writing equipment)
b8dc72da-ef79-56ae-83a1-392fe8d16013,tg:rubhs:28,Materials,1,kenmerken.rubschrijfhs,pc,pencils (drawing and writing equipment)
1be503ea-dd3a-5275-91d0-e41d1bc02f28,tg:rubhs:170,Materials,1,kenmerken.rubschrijfhs,pc,pencils (drawing and writing equipment)
396d9030-f603-5a4d-88e1-4a1190d86187,tg:rubhs:53,Materials,1,kenmerken.rubschrijfhs,pc,pencils (drawing and writing equipment)
396d9030-f603-5a4d-88e1-4a1190d86187,tg:rubhs:53,Materials,2,kenmerken.rubschrijfhs,in,ink
03322c74-e03a-5d1f-beac-0b05e87d0a1f,tg:rubhs:12,Materials,1,kenmerken.rubschrijfhs,pc,pencils (drawing and writing equipment)
03322c74-e03a-5d1f-beac-0b05e87d0a1f,tg:rubhs:12,Materials,2,kenmerken.rubschrijfhs,in,ink
b2d6e750-f8ac-5088-bd1f-f73776d665e5,tg:rubhs:45,Materials,1,kenmerken.rubschrijfhs,pc,pencils (drawing and writing equipment)
b2d6e750-f8ac-5088-bd1f-f73776d665e5,tg:rubhs:45,Materials,2,kenmerken.rubschrijfhs,in,ink
b5da3516-de0b-58ee-ac85-45fdf878d635,tg:rubhs:32,Materials,1,kenmerken.rubschrijfhs,pc,pencils (drawing and writing equipment)
b5da3516-de0b-58ee-ac85-45fdf878d635,tg:rubhs:32,Materials,2,kenmerken.rubschrijfhs,in,ink
d10435c2-73d4-50c6-b560-e69d428e9a83,tg:rubhs:185,Materials,1,kenmerken.rubschrijfhs,pc,pencils (drawing and writing equipment)
d10435c2-73d4-50c6-b560-e69d428e9a83,tg:rubhs:185,Materials,2,kenmerken.rubschrijfhs,in,ink
d43eb5ca-58dd-59c7-9a3b-6f79751297c9,tg:rubhs:65,Materials,1,kenmerken.rubschrijfhs,pc,pencils (drawing and writing equipment)
d43eb5ca-58dd-59c7-9a3b-6f79751297c9,tg:rubhs:65,Materials,2,kenmerken.rubschrijfhs,in,ink
458021ac-32d3-5dd9-91b6-8c165064acdf,tg:rubhs:214,Materials,1,kenmerken.rubschrijfhs,pc,pencils (drawing and writing equipment)
eb18bae2-09d9-5d6d-b2a6-ea518b7eee12,tg:rubhs:73,Materials,1,kenmerken.rubschrijfhs,pc,pencils (drawing and writing equipment)
eb18bae2-09d9-5d6d-b2a6-ea518b7eee12,tg:rubhs:73,Materials,2,kenmerken.rubschrijfhs,in,ink
e6a0a787-5a3b-52c9-8583-7837c18f6d5f,tg:rubhs:202,Materials,1,kenmerken.rubschrijfhs,pc,pencils (drawing and writing equipment)
e6a0a787-5a3b-52c9-8583-7837c18f6d5f,tg:rubhs:202,Materials,2,kenmerken.rubschrijfhs,in,ink
5faa1eb2-5d3a-59c5-94c7-41873d211d30,tg:rubhs:24,Materials,1,kenmerken.rubschrijfhs,pc,pencils (drawing and writing equipment)
5faa1eb2-5d3a-59c5-94c7-41873d211d30,tg:rubhs:24,Materials,2,kenmerken.rubschrijfhs,in,ink
e51eb822-e3e2-5a4f-a122-78a38f179bd6,tg:rubhs:193,Materials,1,kenmerken.rubschrijfhs,pc,pencils (drawing and writing equipment)
e51eb822-e3e2-5a4f-a122-78a38f179bd6,tg:rubhs:193,Materials,2,kenmerken.rubschrijfhs,in,ink
d1e5fdae-1c99-5051-bcd6-eeb10544c27b,tg:rubhs:107,Materials,1,kenmerken.rubschrijfhs,pc,pencils (drawing and writing equipment)
d1e5fdae-1c99-5051-bcd6-eeb10544c27b,tg:rubhs:107,Materials,2,kenmerken.rubschrijfhs,in,ink
b0d8c4ac-9577-5f33-be38-1f3fc5fa4a1b,tg:rubhs:150,Materials,1,kenmerken.rubschrijfhs,pc,pencils (drawing and writing equipment)
b0d8c4ac-9577-5f33-be38-1f3fc5fa4a1b,tg:rubhs:150,Materials,2,kenmerken.rubschrijfhs,in,ink
c841b542-4e43-53f0-8620-d3dfc17dfd6f,tg:rubhs:146,Materials,1,kenmerken.rubschrijfhs,pc,pencils (drawing and writing equipment)
c841b542-4e43-53f0-8620-d3dfc17dfd6f,tg:rubhs:146,Materials,2,kenmerken.rubschrijfhs,in,ink
75047aef-c244-5ec3-847e-32db85f0a72f,tg:rubhs:49,Materials,1,kenmerken.rubschrijfhs,pc,pencils (drawing and writing equipment)
75047aef-c244-5ec3-847e-32db85f0a72f,tg:rubhs:49,Materials,2,kenmerken.rubschrijfhs,in,ink
269cd29b-9b7e-5d01-bac2-e53aa005792a,tg:rubhs:111,Materials,1,kenmerken.rubschrijfhs,pc,pencils (drawing and writing equipment)
269cd29b-9b7e-5d01-bac2-e53aa005792a,tg:rubhs:111,Materials,2,kenmerken.rubschrijfhs,in,ink
bb73f2d7-05b4-5c90-b428-1ff2e1dac739,tg:rubhs:48,Materials,1,kenmerken.rubschrijfhs,pc,pencils (drawing and writing equipment)
bb73f2d7-05b4-5c90-b428-1ff2e1dac739,tg:rubhs:48,Materials,2,kenmerken.rubschrijfhs,in,ink
b3f40f5e-25d3-57f8-b1be-193b5b5afa07,tg:rubhs:110,Materials,1,kenmerken.rubschrijfhs,pc,pencils (drawing and writing equipment)
b3f40f5e-25d3-57f8-b1be-193b5b5afa07,tg:rubhs:110,Materials,2,kenmerken.rubschrijfhs,in,ink
e19d6016-6de8-52f7-89c6-abd31b37120f,tg:rubhs:147,Materials,1,kenmerken.rubschrijfhs,pc,pencils (drawing and writing equipment)
e19d6016-6de8-52f7-89c6-abd31b37120f,tg:rubhs:147,Materials,2,kenmerken.rubschrijfhs,in,ink
cd73145f-4b0e-5d51-95ca-e8133f93cbee,tg:rubhs:151,Materials,1,kenmerken.rubschrijfhs,pc,pencils (drawing and writing equipment)
cd73145f-4b0e-5d51-95ca-e8133f93cbee,tg:rubhs:151,Materials,2,kenmerken.rubschrijfhs,in,ink
e3f76a05-f91c-5ead-b6b6-19aaf05b4722,tg:rubhs:106,Materials,1,kenmerken.rubschrijfhs,pc,pencils (drawing and writing equipment)
e3f76a05-f91c-5ead-b6b6-19aaf05b4722,tg:rubhs:106,Materials,2,kenmerken.rubschrijfhs,in,ink
b94c9251-d3a4-532f-ba4e-470c528dc483,tg:rubhs:25,Materials,1,kenmerken.rubschrijfhs,pc,pencils (drawing and writing equipment)
b94c9251-d3a4-532f-ba4e-470c528dc483,tg:rubhs:25,Materials,2,kenmerken.rubschrijfhs,in,ink
710de3b2-01c6-5757-b609-34bde322a124,tg:rubhs:203,Materials,1,kenmerken.rubschrijfhs,pc,pencils (drawing and writing equipment)
710de3b2-01c6-5757-b609-34bde322a124,tg:rubhs:203,Materials,2,kenmerken.rubschrijfhs,in,ink
07aa31db-cafd-5a95-8d34-e1a31ef66bad,tg:rubhs:72,Materials,1,kenmerken.rubschrijfhs,pc,pencils (drawing and writing equipment)
07aa31db-cafd-5a95-8d34-e1a31ef66bad,tg:rubhs:72,Materials,2,kenmerken.rubschrijfhs,in,ink
35c29247-ff60-5792-ae69-d95c4b40aa5a,tg:rubhs:215,Materials,1,kenmerken.rubschrijfhs,pc,pencils (drawing and writing equipment)
35c29247-ff60-5792-ae69-d95c4b40aa5a,tg:rubhs:215,Materials,2,kenmerken.rubschrijfhs,in,ink
06091ed7-7f00-5c87-b75d-bc3c42d422c1,tg:rubhs:64,Materials,1,kenmerken.rubschrijfhs,pc,pencils (drawing and writing equipment)
06091ed7-7f00-5c87-b75d-bc3c42d422c1,tg:rubhs:64,Materials,2,kenmerken.rubschrijfhs,in,ink
73e0688a-2baa-5062-b858-447b0ca453cc,tg:rubhs:33,Materials,1,kenmerken.rubschrijfhs,pc,pencils (drawing and writing equipment)
73e0688a-2baa-5062-b858-447b0ca453cc,tg:rubhs:33,Materials,2,kenmerken.rubschrijfhs,in,ink
9bf33f5e-af29-5d24-9ccd-c31c35e18a45,tg:rubhs:184,Materials,1,kenmerken.rubschrijfhs,in,ink
2c26cff8-3a61-521f-803e-bc4524c3f5c6,tg:rubhs:44,Materials,1,kenmerken.rubschrijfhs,pc,pencils (drawing and writing equipment)
2c26cff8-3a61-521f-803e-bc4524c3f5c6,tg:rubhs:44,Materials,2,kenmerken.rubschrijfhs,in,ink
54d52cfc-258c-568a-9bd5-3eba376d5ded,tg:rubhs:13,Materials,1,kenmerken.rubschrijfhs,pc,pencils (drawing and writing equipment)
54d52cfc-258c-568a-9bd5-3eba376d5ded,tg:rubhs:13,Materials,2,kenmerken.rubschrijfhs,in,ink
7070f9cc-d99a-5d50-a5e8-313604832c73,tg:rubhs:52,Materials,1,kenmerken.rubschrijfhs,pc,pencils (drawing and writing equipment)
7070f9cc-d99a-5d50-a5e8-313604832c73,tg:rubhs:52,Materials,2,kenmerken.rubschrijfhs,in,ink
ea4966cf-ff6f-59e2-b617-9ef3a577e04f,tg:rubhs:29,Materials,1,kenmerken.rubschrijfhs,pc,pencils (drawing and writing equipment)
ea4966cf-ff6f-59e2-b617-9ef3a577e04f,tg:rubhs:29,Materials,2,kenmerken.rubschrijfhs,in,ink
98ea238d-43b8-531c-ac18-c215f018db56,tg:rubhs:171,Materials,1,kenmerken.rubschrijfhs,in,ink
fbfdb4db-8642-5512-b87f-c16b54471bd9,tg:rubhs:126,Materials,1,kenmerken.rubschrijfhs,pc,pencils (drawing and writing equipment)
fbfdb4db-8642-5512-b87f-c16b54471bd9,tg:rubhs:126,Materials,2,kenmerken.rubschrijfhs,in,ink
f9fad658-00a4-524b-bd89-6029367758dc,tg:rubhs:91,Materials,1,kenmerken.rubschrijfhs,pc,pencils (drawing and writing equipment)
f9fad658-00a4-524b-bd89-6029367758dc,tg:rubhs:91,Materials,2,kenmerken.rubschrijfhs,in,ink
3250f9ad-7a2f-5f76-bd96-2bb4d3abcea5,tg:rubhs:68,Materials,1,kenmerken.rubschrijfhs,pc,pencils (drawing and writing equipment)
3250f9ad-7a2f-5f76-bd96-2bb4d3abcea5,tg:rubhs:68,Materials,2,kenmerken.rubschrijfhs,in,ink
e415c72d-c912-5ca4-b4c4-13d35818ba50,tg:rubhs:130,Materials,1,kenmerken.rubschrijfhs,pc,pencils (drawing and writing equipment)
e415c72d-c912-5ca4-b4c4-13d35818ba50,tg:rubhs:130,Materials,2,kenmerken.rubschrijfhs,in,ink
c8de16ec-31f2-5b12-9718-450e360a0516,tg:rubhs:87,Materials,1,kenmerken.rubschrijfhs,pc,pencils (drawing and writing equipment)
c8de16ec-31f2-5b12-9718-450e360a0516,tg:rubhs:87,Materials,2,kenmerken.rubschrijfhs,in,ink
b374fac0-f650-535b-89e5-3c27efdb5bfb,tg:rubhs:167,Materials,1,kenmerken.rubschrijfhs,pc,pencils (drawing and writing equipment)
b374fac0-f650-535b-89e5-3c27efdb5bfb,tg:rubhs:167,Materials,2,kenmerken.rubschrijfhs,in,ink
82b8de86-ff89-5b6f-a7d1-5c037ea34a11,tg:rubhs:34,Materials,1,kenmerken.rubschrijfhs,pc,pencils (drawing and writing equipment)
82b8de86-ff89-5b6f-a7d1-5c037ea34a11,tg:rubhs:34,Materials,2,kenmerken.rubschrijfhs,in,ink
49892431-bc2a-50f8-96c0-ccb9f4b359cf,tg:rubhs:183,Materials,1,kenmerken.rubschrijfhs,pc,pencils (drawing and writing equipment)
49892431-bc2a-50f8-96c0-ccb9f4b359cf,tg:rubhs:183,Materials,2,kenmerken.rubschrijfhs,in,ink
4e37693b-e937-5536-ad55-9c21d86cee53,tg:rubhs:63,Materials,1,kenmerken.rubschrijfhs,pc,pencils (drawing and writing equipment)
4e37693b-e937-5536-ad55-9c21d86cee53,tg:rubhs:63,Materials,2,kenmerken.rubschrijfhs,in,ink
bf1ea677-dc81-5e11-997c-658e291849eb,tg:rubhs:75,Materials,1,kenmerken.rubschrijfhs,pc,pencils (drawing and writing equipment)
bf1ea677-dc81-5e11-997c-658e291849eb,tg:rubhs:75,Materials,2,kenmerken.rubschrijfhs,in,ink
63470bbd-1ac7-5b2c-a570-6ccf1abf7c7b,tg:rubhs:204,Materials,1,kenmerken.rubschrijfhs,pc,pencils (drawing and writing equipment)
63470bbd-1ac7-5b2c-a570-6ccf1abf7c7b,tg:rubhs:204,Materials,2,kenmerken.rubschrijfhs,in,ink
da5d40cc-feda-5437-be6f-2898179f56c8,tg:rubhs:22,Materials,1,kenmerken.rubschrijfhs,pc,pencils (drawing and writing equipment)
da5d40cc-feda-5437-be6f-2898179f56c8,tg:rubhs:22,Materials,2,kenmerken.rubschrijfhs,in,ink
35420d49-1920-5358-a302-f91893728def,tg:rubhs:195,Materials,1,kenmerken.rubschrijfhs,pc,pencils (drawing and writing equipment)
35420d49-1920-5358-a302-f91893728def,tg:rubhs:195,Materials,2,kenmerken.rubschrijfhs,in,ink
3f377f02-e7c5-5b6e-992c-aef5050aa0d4,tg:rubhs:59,Materials,1,kenmerken.rubschrijfhs,pc,pencils (drawing and writing equipment)
3f377f02-e7c5-5b6e-992c-aef5050aa0d4,tg:rubhs:59,Materials,2,kenmerken.rubschrijfhs,in,ink
64e24d91-5997-55c1-92cf-9666e5a8e1b4,tg:rubhs:101,Materials,1,kenmerken.rubschrijfhs,pc,pencils (drawing and writing equipment)
64e24d91-5997-55c1-92cf-9666e5a8e1b4,tg:rubhs:101,Materials,2,kenmerken.rubschrijfhs,in,ink
66ee24ad-bccd-555b-bda2-3fd81b481e90,tg:rubhs:156,Materials,1,kenmerken.rubschrijfhs,pc,pencils (drawing and writing equipment)
66ee24ad-bccd-555b-bda2-3fd81b481e90,tg:rubhs:156,Materials,2,kenmerken.rubschrijfhs,in,ink
87474395-b13a-597b-821b-be7ae3d6d461,tg:rubhs:18,Materials,1,kenmerken.rubschrijfhs,pc,pencils (drawing and writing equipment)
87474395-b13a-597b-821b-be7ae3d6d461,tg:rubhs:18,Materials,2,kenmerken.rubschrijfhs,in,ink
65b839f9-12bc-57af-9d30-e6f61655a6d9,tg:rubhs:117,Materials,1,kenmerken.rubschrijfhs,pc,pencils (drawing and writing equipment)
65b839f9-12bc-57af-9d30-e6f61655a6d9,tg:rubhs:117,Materials,2,kenmerken.rubschrijfhs,in,ink
65b839f9-12bc-57af-9d30-e6f61655a6d9,tg:rubhs:117,Materials,3,kenmerken.rubschrijfhs,bi,ball-point pens
71627245-8df3-5bfa-a9ff-5dd5f397f28d,tg:rubhs:38,Materials,1,kenmerken.rubschrijfhs,pc,pencils (drawing and writing equipment)
71627245-8df3-5bfa-a9ff-5dd5f397f28d,tg:rubhs:38,Materials,2,kenmerken.rubschrijfhs,in,ink
6c774a55-ac69-59f8-93a0-b1be0c7a230d,tg:rubhs:137,Materials,1,kenmerken.rubschrijfhs,pc,pencils (drawing and writing equipment)
6c774a55-ac69-59f8-93a0-b1be0c7a230d,tg:rubhs:137,Materials,2,kenmerken.rubschrijfhs,in,ink
ebc83518-f60b-5f0c-b64c-80c6387a73d0,tg:rubhs:80,Materials,1,kenmerken.rubschrijfhs,pc,pencils (drawing and writing equipment)
ebc83518-f60b-5f0c-b64c-80c6387a73d0,tg:rubhs:80,Materials,2,kenmerken.rubschrijfhs,in,ink
a928c7a8-04c3-5484-9d94-e11d0e2c2f4b,tg:rubhs:208,Materials,1,kenmerken.rubschrijfhs,pc,pencils (drawing and writing equipment)
a928c7a8-04c3-5484-9d94-e11d0e2c2f4b,tg:rubhs:208,Materials,2,kenmerken.rubschrijfhs,in,ink
f3c7e972-bd15-5ea5-a80f-88f304395901,tg:rubhs:79,Materials,1,kenmerken.rubschrijfhs,pc,pencils (drawing and writing equipment)
f3c7e972-bd15-5ea5-a80f-88f304395901,tg:rubhs:79,Materials,2,kenmerken.rubschrijfhs,in,ink
9bad62a0-8708-586c-af29-72c95b19d67d,tg:rubhs:121,Materials,1,kenmerken.rubschrijfhs,pc,pencils (drawing and writing equipment)
9bad62a0-8708-586c-af29-72c95b19d67d,tg:rubhs:121,Materials,2,kenmerken.rubschrijfhs,in,ink
9bad62a0-8708-586c-af29-72c95b19d67d,tg:rubhs:121,Materials,3,kenmerken.rubschrijfhs,bi,ball-point pens
ec73332b-329b-53aa-9605-2b7ab293c964,tg:rubhs:96,Materials,1,kenmerken.rubschrijfhs,pc,pencils (drawing and writing equipment)
ec73332b-329b-53aa-9605-2b7ab293c964,tg:rubhs:96,Materials,2,kenmerken.rubschrijfhs,in,ink
58f9caae-36f5-5268-95c3-6b6008397d6b,tg:rubhs:176,Materials,1,kenmerken.rubschrijfhs,pc,pencils (drawing and writing equipment)
58f9caae-36f5-5268-95c3-6b6008397d6b,tg:rubhs:176,Materials,2,kenmerken.rubschrijfhs,in,ink
58f9caae-36f5-5268-95c3-6b6008397d6b,tg:rubhs:176,Materials,3,kenmerken.rubschrijfhs,bi,ball-point pens
b459deaa-ca58-5669-aa67-8ba057c13a8e,tg:rubhs:199,Materials,1,kenmerken.rubschrijfhs,pc,pencils (drawing and writing equipment)
b459deaa-ca58-5669-aa67-8ba057c13a8e,tg:rubhs:199,Materials,2,kenmerken.rubschrijfhs,in,ink
162d1564-e5ba-56ec-b3b4-ef157376760e,tg:rubhs:55,Materials,1,kenmerken.rubschrijfhs,pc,pencils (drawing and writing equipment)
162d1564-e5ba-56ec-b3b4-ef157376760e,tg:rubhs:55,Materials,2,kenmerken.rubschrijfhs,in,ink
6cb7ea80-d572-507a-96ae-037c5456fab9,tg:rubhs:14,Materials,1,kenmerken.rubschrijfhs,pc,pencils (drawing and writing equipment)
6cb7ea80-d572-507a-96ae-037c5456fab9,tg:rubhs:14,Materials,2,kenmerken.rubschrijfhs,in,ink
1f383322-e8b4-573b-86ee-bc6813d2abbd,tg:rubhs:43,Materials,1,kenmerken.rubschrijfhs,pc,pencils (drawing and writing equipment)
1f383322-e8b4-573b-86ee-bc6813d2abbd,tg:rubhs:43,Materials,2,kenmerken.rubschrijfhs,in,ink
f796fdf7-8d51-535e-842d-58981ff831bd,tg:rubhs:42,Materials,1,kenmerken.rubschrijfhs,pc,pencils (drawing and writing equipment)
f796fdf7-8d51-535e-842d-58981ff831bd,tg:rubhs:42,Materials,2,kenmerken.rubschrijfhs,in,ink
62d47886-01c6-526e-8bb0-9edb3250b286,tg:rubhs:15,Materials,1,kenmerken.rubschrijfhs,pc,pencils (drawing and writing equipment)
62d47886-01c6-526e-8bb0-9edb3250b286,tg:rubhs:15,Materials,2,kenmerken.rubschrijfhs,in,ink
7c8bfada-027d-59c3-a98b-721d66367ea8,tg:rubhs:54,Materials,1,kenmerken.rubschrijfhs,pc,pencils (drawing and writing equipment)
7c8bfada-027d-59c3-a98b-721d66367ea8,tg:rubhs:54,Materials,2,kenmerken.rubschrijfhs,in,ink
8f7639cb-98ff-5006-aaf5-f02dd8d29b35,tg:rubhs:177,Materials,1,kenmerken.rubschrijfhs,pc,pencils (drawing and writing equipment)
8f7639cb-98ff-5006-aaf5-f02dd8d29b35,tg:rubhs:177,Materials,2,kenmerken.rubschrijfhs,in,ink
16b14bac-f4f7-5c30-8175-7c001926a264,tg:rubhs:198,Materials,1,kenmerken.rubschrijfhs,pc,pencils (drawing and writing equipment)
16b14bac-f4f7-5c30-8175-7c001926a264,tg:rubhs:198,Materials,2,kenmerken.rubschrijfhs,in,ink
a5efeb61-b101-58a6-89dd-4e0f5ebc0e0b,tg:rubhs:78,Materials,1,kenmerken.rubschrijfhs,pc,pencils (drawing and writing equipment)
a5efeb61-b101-58a6-89dd-4e0f5ebc0e0b,tg:rubhs:78,Materials,2,kenmerken.rubschrijfhs,in,ink
be7a0d92-7297-5e93-a370-d2702df1c042,tg:rubhs:120,Materials,1,kenmerken.rubschrijfhs,pc,pencils (drawing and writing equipment)
be7a0d92-7297-5e93-a370-d2702df1c042,tg:rubhs:120,Materials,2,kenmerken.rubschrijfhs,in,ink
3a0f4383-2dc1-507e-badf-09bf52c28b5f,tg:rubhs:97,Materials,1,kenmerken.rubschrijfhs,pc,pencils (drawing and writing equipment)
3a0f4383-2dc1-507e-badf-09bf52c28b5f,tg:rubhs:97,Materials,2,kenmerken.rubschrijfhs,in,ink
3baa811e-a310-587f-bb59-d0447c53d0e7,tg:rubhs:209,Materials,1,kenmerken.rubschrijfhs,pc,pencils (drawing and writing equipment)
afcbab71-31c7-506c-b51b-433c89feac93,tg:rubhs:136,Materials,1,kenmerken.rubschrijfhs,pc,pencils (drawing and writing equipment)
afcbab71-31c7-506c-b51b-433c89feac93,tg:rubhs:136,Materials,2,kenmerken.rubschrijfhs,in,ink
51b168ce-729d-54c0-a9ce-7b6a533a96b6,tg:rubhs:81,Materials,1,kenmerken.rubschrijfhs,pc,pencils (drawing and writing equipment)
51b168ce-729d-54c0-a9ce-7b6a533a96b6,tg:rubhs:81,Materials,2,kenmerken.rubschrijfhs,in,ink
b60f8b49-fe75-52a5-9c7d-6b7ebc8bb095,tg:rubhs:5,Materials,1,kenmerken.rubschrijfhs,pc,pencils (drawing and writing equipment)
b60f8b49-fe75-52a5-9c7d-6b7ebc8bb095,tg:rubhs:5,Materials,2,kenmerken.rubschrijfhs,in,ink
8dbee85f-5fa3-5a90-9213-400b10872b48,tg:rubhs:39,Materials,1,kenmerken.rubschrijfhs,pc,pencils (drawing and writing equipment)
8dbee85f-5fa3-5a90-9213-400b10872b48,tg:rubhs:39,Materials,2,kenmerken.rubschrijfhs,in,ink
91ee98a4-3d3a-5ddf-b8fe-2c74ed627849,tg:rubhs:116,Materials,1,kenmerken.rubschrijfhs,pc,pencils (drawing and writing equipment)
91ee98a4-3d3a-5ddf-b8fe-2c74ed627849,tg:rubhs:116,Materials,2,kenmerken.rubschrijfhs,in,ink
cecae92a-7ba7-5736-aedd-5bb257ebc095,tg:rubhs:19,Materials,1,kenmerken.rubschrijfhs,pc,pencils (drawing and writing equipment)
cecae92a-7ba7-5736-aedd-5bb257ebc095,tg:rubhs:19,Materials,2,kenmerken.rubschrijfhs,in,ink
6df0a930-ab2d-5f2c-9379-39ba8439b92e,tg:rubhs:141,Materials,1,kenmerken.rubschrijfhs,pc,pencils (drawing and writing equipment)
6df0a930-ab2d-5f2c-9379-39ba8439b92e,tg:rubhs:141,Materials,2,kenmerken.rubschrijfhs,in,ink
41eac4eb-3b74-56f5-9d08-c0c998a6ae5e,tg:rubhs:157,Materials,1,kenmerken.rubschrijfhs,pc,pencils (drawing and writing equipment)
41eac4eb-3b74-56f5-9d08-c0c998a6ae5e,tg:rubhs:157,Materials,2,kenmerken.rubschrijfhs,in,ink
7c6f8d0d-b144-5810-a5fa-599e8c9c5cce,tg:rubhs:58,Materials,1,kenmerken.rubschrijfhs,pc,pencils (drawing and writing equipment)
7c6f8d0d-b144-5810-a5fa-599e8c9c5cce,tg:rubhs:58,Materials,2,kenmerken.rubschrijfhs,in,ink
3aed7578-560b-5a55-b79a-491492b5e8ae,tg:rubhs:100,Materials,1,kenmerken.rubschrijfhs,pc,pencils (drawing and writing equipment)
3aed7578-560b-5a55-b79a-491492b5e8ae,tg:rubhs:100,Materials,2,kenmerken.rubschrijfhs,in,ink
18455cb0-af81-5990-8c2f-9be2d557f2df,tg:rubhs:23,Materials,1,kenmerken.rubschrijfhs,pc,pencils (drawing and writing equipment)
18455cb0-af81-5990-8c2f-9be2d557f2df,tg:rubhs:23,Materials,2,kenmerken.rubschrijfhs,in,ink
bf0f985e-b085-5f46-bdf2-050b8a2c7638,tg:rubhs:194,Materials,1,kenmerken.rubschrijfhs,pc,pencils (drawing and writing equipment)
bf0f985e-b085-5f46-bdf2-050b8a2c7638,tg:rubhs:194,Materials,2,kenmerken.rubschrijfhs,in,ink
5e2ac8ce-bc6f-5923-bc03-5c33df7689ff,tg:rubhs:205,Materials,1,kenmerken.rubschrijfhs,pc,pencils (drawing and writing equipment)
5e2ac8ce-bc6f-5923-bc03-5c33df7689ff,tg:rubhs:205,Materials,2,kenmerken.rubschrijfhs,in,ink
f6809f2c-1600-5325-bdd0-74bd2281af3e,tg:rubhs:74,Materials,1,kenmerken.rubschrijfhs,pc,pencils (drawing and writing equipment)
f6809f2c-1600-5325-bdd0-74bd2281af3e,tg:rubhs:74,Materials,2,kenmerken.rubschrijfhs,in,ink
127afc38-d546-52da-9db8-2043726f5b2c,tg:rubhs:213,Materials,1,kenmerken.rubschrijfhs,pc,pencils (drawing and writing equipment)
127afc38-d546-52da-9db8-2043726f5b2c,tg:rubhs:213,Materials,2,kenmerken.rubschrijfhs,in,ink
845bc693-2538-5d6d-9e00-26cf91dec288,tg:rubhs:62,Materials,1,kenmerken.rubschrijfhs,pc,pencils (drawing and writing equipment)
a6f753c8-f1e2-57f2-bcd7-0745988c4e23,tg:rubhs:9,Materials,1,kenmerken.rubschrijfhs,pc,pencils (drawing and writing equipment)
a6f753c8-f1e2-57f2-bcd7-0745988c4e23,tg:rubhs:9,Materials,2,kenmerken.rubschrijfhs,in,ink
d4dcf6bd-130c-51db-839f-e92b544d2111,tg:rubhs:35,Materials,1,kenmerken.rubschrijfhs,pc,pencils (drawing and writing equipment)
d4dcf6bd-130c-51db-839f-e92b544d2111,tg:rubhs:35,Materials,2,kenmerken.rubschrijfhs,in,ink
f6eaf4a4-b89f-5a65-9a05-3f251d69e2da,tg:rubhs:182,Materials,1,kenmerken.rubschrijfhs,pc,pencils (drawing and writing equipment)
f6eaf4a4-b89f-5a65-9a05-3f251d69e2da,tg:rubhs:182,Materials,2,kenmerken.rubschrijfhs,in,ink
