brocade.id,ResourceID,card,order,Archive Note,Warehouse Location (begin),Warehouse Location (ende),Source Note,Serial Number,Source Note Language,Source Note Type
tg:rubhs:115,6bdab216-eab6-5653-b896-57492506250a,Items,1,isad:rub:911,T 2 20 2,T 2 20 2,RA 001 / 122,56,Nederlands,Noot
tg:rubhs:142,651614bc-d11c-5d51-a064-34ed34494f8d,Items,1,isad:rub:911,T 2 20 2,T 2 20 2,RA 001 / 122,82,Nederlands,Noot
tg:rubhs:154,34cdbfe1-25aa-59d8-9c0c-8f805df7634f,Items,1,isad:rub:911,T 2 20 2,T 2 20 2,RA 001 / 122,93,Nederlands,Noot
tg:rubhs:103,f89075b7-bbea-5413-b7c5-5f40bfb1ea45,Items,1,isad:rub:315,T 2 20 2,T 2 20 2,RA 001 / 002,8,Nederlands,Noot
tg:rubhs:197,77edd04e-5fb6-5474-8b0a-91d9907eccc0,Items,1,isad:rub:911,,,RA 001 / 122,127,Nederlands,Noot
tg:rubhs:178,6472f2e0-2285-519c-9c4a-3f62b23532ac,Items,1,isad:rub:911,T 2 20 2,T 2 20 2,RA 001 / 122,115,Nederlands,Noot
tg:rubhs:20,e63337da-bf45-5777-bb14-d3ef95982778,Items,1,isad:rub:314,,,RA 001 / 001,16,Nederlands,Noot
tg:rubhs:206,23b02e04-46f9-5eb4-8eb9-8b3dede41e80,Items,1,isad:rub:911,,,RA 001 / 122,136,Nederlands,Noot
tg:rubhs:77,96420871-9263-54bc-b914-66a155f7623b,Items,1,isad:rub:911,T 2 20 2,T 2 20 2,RA 001 / 122,27,Nederlands,Noot
tg:rubhs:210,f922fabb-2edf-5f02-a48b-b520db166615,Items,1,isad:rub:911,,,RA 001 / 122,140,Nederlands,Noot
tg:rubhs:139,facadc33-bdd7-54fd-8c35-a3156f280ad9,Items,1,isad:rub:911,T 2 20 2,T 2 20 2,RA 001 / 122,80,Nederlands,Noot
tg:rubhs:61,8ba8ffac-3c35-5178-85a8-0df0924a37f1,Items,1,isad:rub:911,T 2 20 2,T 2 20 2,RA 001 / 122,11,Nederlands,Noot
tg:rubhs:181,71cefda3-be50-508c-a98e-c9c552369f73,Items,1,isad:rub:911,T 2 20 2,T 2 20 2,RA 001 / 122,118,Nederlands,Noot
tg:rubhs:36,013db479-4b8e-51d9-8e5d-793832023bda,Items,1,isad:rub:314,,,RA 001 / 001,32,Nederlands,Noot
tg:rubhs:119,cf13a37b-d8f8-5092-8ccb-56c26be682eb,Items,1,isad:rub:911,T 2 20 2,T 2 20 2,RA 001 / 122,60,Nederlands,Noot
tg:rubhs:41,fb58236a-34ca-5dce-9524-4234b548880e,Items,1,isad:rub:314,,,RA 001 / 001,37,Nederlands,Noot
tg:rubhs:16,ef379e44-9f91-5b8e-bfd1-d1c8536ee9d8,Items,1,isad:rub:314,,,RA 001 / 001,12,Nederlands,Noot
tg:rubhs:158,76405c8e-f119-5338-99fc-65a0be468e3b,Items,1,isad:rub:911,T 2 20 2,T 2 20 2,RA 001 / 122,97,Nederlands,Noot
tg:rubhs:57,db03d75c-f6bd-560e-a0bc-701dccd7cdac,Items,1,isad:rub:911,T 2 20 2,T 2 20 2,RA 001 / 122,7,Nederlands,Noot
tg:rubhs:174,1575e60d-ff57-5aa7-8698-f8ab175402dd,Items,1,isad:rub:911,T 2 20 2,T 2 20 2,RA 001 / 122,111,Nederlands,Noot
tg:rubhs:94,a3efe53b-777c-5c27-8fac-b2ab7e054028,Items,1,isad:rub:911,T 2 20 2,T 2 20 2,RA 001 / 122,44,Nederlands,Noot
tg:rubhs:123,e8f343b6-5e7d-5204-bb58-d426e6016269,Items,1,isad:rub:911,T 2 20 2,T 2 20 2,RA 001 / 122,64,Nederlands,Noot
tg:rubhs:82,4b9d89fc-1d97-5e7e-8e3d-7fa0a5b7c1fc,Items,1,isad:rub:911,T 2 20 2,T 2 20 2,RA 001 / 122,32,Nederlands,Noot
tg:rubhs:6,b412a4ae-4325-5a90-83f0-e809116a7f9e,Items,1,isad:rub:314,,,RA 001 / 001,2,Nederlands,Noot
tg:rubhs:135,e84587f9-c4ac-5f8d-bf98-256295b41cde,Items,1,isad:rub:911,T 2 20 2,T 2 20 2,RA 001 / 122,76,Nederlands,Noot
tg:rubhs:162,bba95541-b953-51cb-bb30-06349e54c4d3,Items,1,isad:rub:911,T 2 20 2,T 2 20 2,RA 001 / 122,99,Nederlands,Noot
tg:rubhs:163,4d430dc5-68c5-5556-9ddc-4b9041c573e9,Items,1,isad:rub:911,T 2 20 2,T 2 20 2,RA 001 / 122,100,Nederlands,Noot
tg:rubhs:83,6ba58e6a-c5aa-528d-8223-0cdeecb3d481,Items,1,isad:rub:911,T 2 20 2,T 2 20 2,RA 001 / 122,33,Nederlands,Noot
tg:rubhs:134,7c225786-d095-55ee-8d80-eaf75ab82926,Items,1,isad:rub:911,T 2 20 2,T 2 20 2,RA 001 / 122,75,Nederlands,Noot
tg:rubhs:95,c9314aa8-f637-5d3d-aab1-b5a856601641,Items,1,isad:rub:315,T 2 20 2,T 2 20 2,RA 001 / 002,1,Nederlands,Noot
tg:rubhs:122,80ddb6da-09ba-512d-a340-2a29e29da93e,Items,1,isad:rub:911,T 2 20 2,T 2 20 2,RA 001 / 122,63,Nederlands,Noot
tg:rubhs:175,9d985d63-cbb7-5c4a-aa79-18748d76f47e,Items,1,isad:rub:911,T 2 20 2,T 2 20 2,RA 001 / 122,112,Nederlands,Noot
tg:rubhs:56,654d6d97-997d-555f-ad89-c11f184b9917,Items,1,isad:rub:911,T 2 20 2,T 2 20 2,RA 001 / 122,6,Nederlands,Noot
tg:rubhs:159,3ac3e81b-bc7e-5499-ac45-6389e06c6ec1,Items,1,isad:rub:911,T 2 20 2,T 2 20 2,RA 001 / 122,98,Nederlands,Noot
tg:rubhs:17,bb580b69-be01-550d-9ef8-8ecd9a1e9dc4,Items,1,isad:rub:314,,,RA 001 / 001,13,Nederlands,Noot
tg:rubhs:118,a7b7dfe7-8bff-58b8-b9a6-7d85258ad951,Items,1,isad:rub:911,T 2 20 2,T 2 20 2,RA 001 / 122,59,Nederlands,Noot
tg:rubhs:40,302dadda-bf64-5ec1-b32b-5bfdc490fc08,Items,1,isad:rub:314,,,RA 001 / 001,36,Nederlands,Noot
tg:rubhs:180,1f7c8be3-70e8-5048-ace7-65dcbee30cdd,Items,1,isad:rub:911,T 2 20 2,T 2 20 2,RA 001 / 122,117,Nederlands,Noot
tg:rubhs:37,5454dcb4-ee56-5ff9-ab6c-9f8a28f1b745,Items,1,isad:rub:314,,,RA 001 / 001,33,Nederlands,Noot
tg:rubhs:138,568eb2b2-e872-5bd4-b883-d45041fbf573,Items,1,isad:rub:911,T 2 20 2,T 2 20 2,RA 001 / 122,79,Nederlands,Noot
tg:rubhs:60,75577ba0-3510-5f3a-a847-8e835bbcf15b,Items,1,isad:rub:911,T 2 20 2,T 2 20 2,RA 001 / 122,10,Nederlands,Noot
tg:rubhs:211,2f639716-8718-5e72-a485-c6e0b0ec814c,Items,1,isad:rub:911,,,RA 001 / 122,141,Nederlands,Noot
tg:rubhs:99,3bad7f9e-001c-5157-aaad-666a587bcb81,Items,1,isad:rub:315,T 2 20 2,T 2 20 2,RA 001 / 002,4,Nederlands,Noot
tg:rubhs:76,5154fddb-09a7-5763-a247-6619b67a6a9d,Items,1,isad:rub:911,T 2 20 2,T 2 20 2,RA 001 / 122,26,Nederlands,Noot
tg:rubhs:207,67b63eb1-4d26-5a98-aa53-0bb599a0920e,Items,1,isad:rub:911,,,RA 001 / 122,137,Nederlands,Noot
tg:rubhs:196,e11971b7-5b6c-5359-9502-f436522362e4,Items,1,isad:rub:911,,,RA 001 / 122,126,Nederlands,Noot
tg:rubhs:179,ba53b791-7b7d-54c1-ab97-d87002a8a91d,Items,1,isad:rub:911,T 2 20 2,T 2 20 2,RA 001 / 122,116,Nederlands,Noot
tg:rubhs:21,9393531a-c279-5330-a028-1eaad6505039,Items,1,isad:rub:314,,,RA 001 / 001,17,Nederlands,Noot
tg:rubhs:102,d609fecc-495a-59f3-aea5-37d40adc6052,Items,1,isad:rub:315,T 2 20 2,T 2 20 2,RA 001 / 002,7,Nederlands,Noot
tg:rubhs:155,27533568-4345-51b9-a141-691a47ff01e0,Items,1,isad:rub:911,T 2 20 2,T 2 20 2,RA 001 / 122,94,Nederlands,Noot
tg:rubhs:143,8cf60f7c-14b3-5cd9-b603-ed1b763ccb5b,Items,1,isad:rub:911,T 2 20 2,T 2 20 2,RA 001 / 122,83,Nederlands,Noot
tg:rubhs:114,18735cac-fb72-587a-a72c-5e04d3655815,Items,1,isad:rub:911,T 2 20 2,T 2 20 2,RA 001 / 122,55,Nederlands,Noot
tg:rubhs:47,86600d7a-ac3d-51e3-9e1a-b63888d9bba4,Items,1,isad:rub:314,,,RA 001 / 001,43,Nederlands,Noot
tg:rubhs:148,4a5d8e8c-601e-58d6-83be-195dea6361b9,Items,1,isad:rub:911,T 2 20 2,T 2 20 2,RA 001 / 122,88,Nederlands,Noot
tg:rubhs:10,02feda08-6016-59e2-8d63-e116729cdb80,Items,1,isad:rub:314,,,RA 001 / 001,6,Nederlands,Noot
tg:rubhs:109,e84d86a6-03a8-526f-b4ed-5f2ab3a1956d,Items,1,isad:rub:911,T 2 20 2,T 2 20 2,RA 001 / 122,50,Nederlands,Noot
tg:rubhs:51,27b6c1e7-9d36-5a2f-80cd-1051b8bd1cca,Items,1,isad:rub:911,T 2 20 2,T 2 20 2,RA 001 / 122,1,Nederlands,Noot
tg:rubhs:172,a5f10b42-d12b-566f-a7b3-0de3687cc628,Items,1,isad:rub:911,T 2 20 2,T 2 20 2,RA 001 / 122,109,Nederlands,Noot
tg:rubhs:92,98f0d247-783b-5752-836d-9621070e1b9e,Items,1,isad:rub:911,T 2 20 2,T 2 20 2,RA 001 / 122,42,Nederlands,Noot
tg:rubhs:125,f6b83aad-4ed0-5712-ae85-b8d06b33a818,Items,1,isad:rub:911,T 2 20 2,T 2 20 2,RA 001 / 122,66,Nederlands,Noot
tg:rubhs:84,29e1e71f-b40a-544c-8eda-5211248c5baf,Items,1,isad:rub:911,T 2 20 2,T 2 20 2,RA 001 / 122,34,Nederlands,Noot
tg:rubhs:133,f4f61012-e6e6-53f0-87aa-1af53cde29a3,Items,1,isad:rub:911,T 2 20 2,T 2 20 2,RA 001 / 122,74,Nederlands,Noot
tg:rubhs:164,28c0517b-4e9b-55a4-9055-fcbb1599aadd,Items,1,isad:rub:911,T 2 20 2,T 2 20 2,RA 001 / 122,101,Nederlands,Noot
tg:rubhs:113,5a984b56-7518-5567-bd45-9da5759b06b6,Items,1,isad:rub:911,T 2 20 2,T 2 20 2,RA 001 / 122,54,Nederlands,Noot
tg:rubhs:144,5c8aa656-79a3-5339-a7bd-e3b4e3e25278,Items,1,isad:rub:911,T 2 20 2,T 2 20 2,RA 001 / 122,84,Nederlands,Noot
tg:rubhs:105,1b921760-1f17-5fe5-be95-642c417b73b3,Items,1,isad:rub:911,T 2 20 2,T 2 20 2,RA 001 / 122,46,Nederlands,Noot
tg:rubhs:26,5e546408-f4a9-5c7c-b046-f311a42a1621,Items,1,isad:rub:314,,,RA 001 / 001,22,Nederlands,Noot
tg:rubhs:200,4fcc995a-85b4-5c9b-9fb9-2219c5f26625,Items,1,isad:rub:911,,,RA 001 / 122,130,Nederlands,Noot
tg:rubhs:129,e496d231-d3f7-53ab-b1f6-18b3290f9a5a,Items,1,isad:rub:911,T 2 20 2,T 2 20 2,RA 001 / 122,70,Nederlands,Noot
tg:rubhs:71,cf683190-a7ff-54ab-94ad-351d3e2c72d7,Items,1,isad:rub:911,T 2 20 2,T 2 20 2,RA 001 / 122,21,Nederlands,Noot
tg:rubhs:88,da1c9379-7cb1-59a3-90a7-41c1bea975a7,Items,1,isad:rub:911,T 2 20 2,T 2 20 2,RA 001 / 122,38,Nederlands,Noot
tg:rubhs:67,7c564919-563f-5ffe-8f08-ff864b9ef5bc,Items,1,isad:rub:911,T 2 20 2,T 2 20 2,RA 001 / 122,17,Nederlands,Noot
tg:rubhs:187,fc2118b1-b344-55e4-bb6e-0a98740e35aa,Items,1,isad:rub:911,T 2 20 2,T 2 20 2,RA 001 / 122,122,Nederlands,Noot
tg:rubhs:168,97316613-fc6f-5902-8fd5-0e544865c423,Items,1,isad:rub:911,T 2 20 2,T 2 20 2,RA 001 / 122,105,Nederlands,Noot
tg:rubhs:30,d60d1eb6-875d-5f23-bdec-058b08a2a51f,Items,1,isad:rub:314,,,RA 001 / 001,26,Nederlands,Noot
tg:rubhs:186,f49d2a33-3d8a-5ebe-be25-675a2d97419f,Items,1,isad:rub:1107,T 2 20 2,T 2 20 2,RA 001 / 003,2,Nederlands,Noot
tg:rubhs:169,326344e8-80b6-59c8-8401-124cdc6218eb,Items,1,isad:rub:911,T 2 20 2,T 2 20 2,RA 001 / 122,106,Nederlands,Noot
tg:rubhs:31,454d6ddc-3764-5a34-a2cf-b5bb4a97f9bb,Items,1,isad:rub:314,,,RA 001 / 001,27,Nederlands,Noot
tg:rubhs:89,b48683ed-abdc-5508-8aca-77356550fa87,Items,1,isad:rub:911,T 2 20 2,T 2 20 2,RA 001 / 122,39,Nederlands,Noot
tg:rubhs:66,14d1116b-2ddd-539c-b4d5-26e75caa949a,Items,1,isad:rub:911,T 2 20 2,T 2 20 2,RA 001 / 122,16,Nederlands,Noot
tg:rubhs:128,ff6ee980-a224-591c-94b4-6c21c365ace7,Items,1,isad:rub:911,T 2 20 2,T 2 20 2,RA 001 / 122,69,Nederlands,Noot
tg:rubhs:70,2ec5806d-fe4a-5658-b15a-06d1729d4739,Items,1,isad:rub:911,T 2 20 2,T 2 20 2,RA 001 / 122,20,Nederlands,Noot
tg:rubhs:201,88399b1e-72d7-527a-814c-43743bdf7336,Items,1,isad:rub:911,,,RA 001 / 122,131,Nederlands,Noot
tg:rubhs:27,f021c1e0-9333-510e-9096-13d86932f25e,Items,1,isad:rub:314,,,RA 001 / 001,23,Nederlands,Noot
tg:rubhs:104,e213a637-98cf-5407-b333-fad99cdd55c4,Items,1,isad:rub:911,T 2 20 2,T 2 20 2,RA 001 / 122,45,Nederlands,Noot
tg:rubhs:153,199f5750-a618-50c1-ba0d-721fb9481c1c,Items,1,isad:rub:911,T 2 20 2,T 2 20 2,RA 001 / 122,92,Nederlands,Noot
tg:rubhs:145,fffc2c31-2f2e-5bd7-ad05-e3595d32b8d8,Items,1,isad:rub:911,T 2 20 2,T 2 20 2,RA 001 / 122,85,Nederlands,Noot
tg:rubhs:112,9ac28c25-1d8b-5ba0-b870-ef99f4b9c766,Items,1,isad:rub:911,T 2 20 2,T 2 20 2,RA 001 / 122,53,Nederlands,Noot
tg:rubhs:165,8a3a4f76-e2df-5a8b-815f-dbe5f9a6644a,Items,1,isad:rub:911,T 2 20 2,T 2 20 2,RA 001 / 122,102,Nederlands,Noot
tg:rubhs:85,77cac798-fb3f-5eff-ac49-d1d279f2408f,Items,1,isad:rub:911,T 2 20 2,T 2 20 2,RA 001 / 122,35,Nederlands,Noot
tg:rubhs:132,da18148f-d2af-5bae-8550-df807cde96ef,Items,1,isad:rub:911,T 2 20 2,T 2 20 2,RA 001 / 122,73,Nederlands,Noot
tg:rubhs:93,7ca2c966-4338-5709-9350-b5fba5d88fa8,Items,1,isad:rub:911,T 2 20 2,T 2 20 2,RA 001 / 122,43,Nederlands,Noot
tg:rubhs:124,30b87c0e-0fd5-538f-b396-c4f65e0615a7,Items,1,isad:rub:911,T 2 20 2,T 2 20 2,RA 001 / 122,65,Nederlands,Noot
tg:rubhs:173,032c6f7e-e61d-5e2e-95b3-e7c0e872a9c4,Items,1,isad:rub:911,T 2 20 2,T 2 20 2,RA 001 / 122,110,Nederlands,Noot
tg:rubhs:108,1c10d76a-7a30-5a5b-8337-268acd0ae9f1,Items,1,isad:rub:911,T 2 20 2,T 2 20 2,RA 001 / 122,49,Nederlands,Noot
tg:rubhs:50,32e6c074-a962-5c6c-ab3a-f8a43c6ca89f,Items,1,isad:rub:314,,,RA 001 / 001,46,Nederlands,Noot
tg:rubhs:149,ca5d8c26-c718-5902-9abc-81ece16fe78b,Items,1,isad:rub:911,T 2 20 2,T 2 20 2,RA 001 / 122,89,Nederlands,Noot
tg:rubhs:11,f4cde989-f1ee-5c80-8adf-8eb25786a428,Items,1,isad:rub:314,,,RA 001 / 001,7,Nederlands,Noot
tg:rubhs:46,60652640-6649-5c96-84e5-d8915306a9d1,Items,1,isad:rub:314,,,RA 001 / 001,42,Nederlands,Noot
tg:rubhs:166,49b39e48-8b7f-5ea3-936e-4b44e5706811,Items,1,isad:rub:911,T 2 20 2,T 2 20 2,RA 001 / 122,103,Nederlands,Noot
tg:rubhs:218,00aae731-40a4-579d-872d-30c121a1187f,Items,1,isad:rub:3288,,,,RA 006 / 001,Nederlands,Noot
tg:rubhs:69,599fb696-e6eb-5a9c-bad6-4dcaaa6bc579,Items,1,isad:rub:911,T 2 20 2,T 2 20 2,RA 001 / 122,19,Nederlands,Noot
tg:rubhs:131,be795ee8-2916-5f62-9883-e994bf6d7a66,Items,1,isad:rub:911,T 2 20 2,T 2 20 2,RA 001 / 122,72,Nederlands,Noot
tg:rubhs:86,e3892281-ff12-5fbb-af35-1c31ea5db980,Items,1,isad:rub:911,T 2 20 2,T 2 20 2,RA 001 / 122,36,Nederlands,Noot
tg:rubhs:127,7bb7ee8c-d758-5f48-85c7-92490616feb2,Items,1,isad:rub:911,T 2 20 2,T 2 20 2,RA 001 / 122,68,Nederlands,Noot
tg:rubhs:90,cb89c78c-ecd6-5fcb-8b1f-79e76d37edad,Items,1,isad:rub:911,T 2 20 2,T 2 20 2,RA 001 / 122,40,Nederlands,Noot
tg:rubhs:28,b8dc72da-ef79-56ae-83a1-392fe8d16013,Items,1,isad:rub:314,,,RA 001 / 001,24,Nederlands,Noot
tg:rubhs:170,1be503ea-dd3a-5275-91d0-e41d1bc02f28,Items,1,isad:rub:911,T 2 20 2,T 2 20 2,RA 001 / 122,107,Nederlands,Noot
tg:rubhs:53,396d9030-f603-5a4d-88e1-4a1190d86187,Items,1,isad:rub:911,T 2 20 2,T 2 20 2,RA 001 / 122,3,Nederlands,Noot
tg:rubhs:12,03322c74-e03a-5d1f-beac-0b05e87d0a1f,Items,1,isad:rub:314,,,RA 001 / 001,8,Nederlands,Noot
tg:rubhs:45,b2d6e750-f8ac-5088-bd1f-f73776d665e5,Items,1,isad:rub:314,,,RA 001 / 001,41,Nederlands,Noot
tg:rubhs:32,b5da3516-de0b-58ee-ac85-45fdf878d635,Items,1,isad:rub:314,,,RA 001 / 001,28,Nederlands,Noot
tg:rubhs:185,d10435c2-73d4-50c6-b560-e69d428e9a83,Items,1,isad:rub:1107,T 2 20 2,T 2 20 2,RA 001 / 003,1,Nederlands,Noot
tg:rubhs:65,d43eb5ca-58dd-59c7-9a3b-6f79751297c9,Items,1,isad:rub:911,T 2 20 2,T 2 20 2,RA 001 / 122,15,Nederlands,Noot
tg:rubhs:214,458021ac-32d3-5dd9-91b6-8c165064acdf,Items,1,isad:rub:314,,,RA 001 / 001,3,Nederlands,Noot
tg:rubhs:73,eb18bae2-09d9-5d6d-b2a6-ea518b7eee12,Items,1,isad:rub:911,T 2 20 2,T 2 20 2,RA 001 / 122,23,Nederlands,Noot
tg:rubhs:202,e6a0a787-5a3b-52c9-8583-7837c18f6d5f,Items,1,isad:rub:911,,,RA 001 / 122,132,Nederlands,Noot
tg:rubhs:24,5faa1eb2-5d3a-59c5-94c7-41873d211d30,Items,1,isad:rub:314,,,Ra 001 / 001,20,Nederlands,Noot
tg:rubhs:193,e51eb822-e3e2-5a4f-a122-78a38f179bd6,Items,1,isad:rub:911,,,RA 001 / 122,123,Nederlands,Noot
tg:rubhs:107,d1e5fdae-1c99-5051-bcd6-eeb10544c27b,Items,1,isad:rub:911,T 2 20 2,T 2 20 2,RA 001 / 122,48,Nederlands,Noot
tg:rubhs:150,b0d8c4ac-9577-5f33-be38-1f3fc5fa4a1b,Items,1,isad:rub:911,T 2 20 2,T 2 20 2,RA 001 / 122,90,Nederlands,Noot
tg:rubhs:146,c841b542-4e43-53f0-8620-d3dfc17dfd6f,Items,1,isad:rub:911,T 2 20 2,T 2 20 2,RA 001 / 122,86,Nederlands,Noot
tg:rubhs:49,75047aef-c244-5ec3-847e-32db85f0a72f,Items,1,isad:rub:314,,,RA 001 / 001,45,Nederlands,Noot
tg:rubhs:111,269cd29b-9b7e-5d01-bac2-e53aa005792a,Items,1,isad:rub:911,T 2 20 2,T 2 20 2,RA 001 / 122,52,Nederlands,Noot
tg:rubhs:48,bb73f2d7-05b4-5c90-b428-1ff2e1dac739,Items,1,isad:rub:314,,,RA 001 / 001,44,Nederlands,Noot
tg:rubhs:110,b3f40f5e-25d3-57f8-b1be-193b5b5afa07,Items,1,isad:rub:911,T 2 20 2,T 2 20 2,RA 001 / 122,51,Nederlands,Noot
tg:rubhs:147,e19d6016-6de8-52f7-89c6-abd31b37120f,Items,1,isad:rub:911,T 2 20 2,T 2 20 2,RA 001 / 122,87,Nederlands,Noot
tg:rubhs:151,cd73145f-4b0e-5d51-95ca-e8133f93cbee,Items,1,isad:rub:911,T 2 20 2,T 2 20 2,RA 001 / 122,91,Nederlands,Noot
tg:rubhs:106,e3f76a05-f91c-5ead-b6b6-19aaf05b4722,Items,1,isad:rub:911,T 2 20 2,T 2 20 2,RA 001 / 122,47,Nederlands,Noot
tg:rubhs:25,b94c9251-d3a4-532f-ba4e-470c528dc483,Items,1,isad:rub:314,,,RA 001 / 001,21,Nederlands,Noot
tg:rubhs:203,710de3b2-01c6-5757-b609-34bde322a124,Items,1,isad:rub:911,,,RA 001 / 122,133,Nederlands,Noot
tg:rubhs:72,07aa31db-cafd-5a95-8d34-e1a31ef66bad,Items,1,isad:rub:911,T 2 20 2,T 2 20 2,RA 001 / 122,22,Nederlands,Noot
tg:rubhs:215,35c29247-ff60-5792-ae69-d95c4b40aa5a,Items,1,isad:rub:314,,,RA 001 / 001,4,Nederlands,Noot
tg:rubhs:64,06091ed7-7f00-5c87-b75d-bc3c42d422c1,Items,1,isad:rub:911,T 2 20 2,T 2 20 2,RA 001 / 122,14,Nederlands,Noot
tg:rubhs:33,73e0688a-2baa-5062-b858-447b0ca453cc,Items,1,isad:rub:314,,,RA 001 / 001,29,Nederlands,Noot
tg:rubhs:184,9bf33f5e-af29-5d24-9ccd-c31c35e18a45,Items,1,isad:rub:911,T 2 20 2,T 2 20 2,RA 001 / 122,121,Nederlands,Noot
tg:rubhs:44,2c26cff8-3a61-521f-803e-bc4524c3f5c6,Items,1,isad:rub:314,,,RA 001 / 001,40,Nederlands,Noot
tg:rubhs:13,54d52cfc-258c-568a-9bd5-3eba376d5ded,Items,1,isad:rub:314,,,RA 001 / 001,9,Nederlands,Noot
tg:rubhs:52,7070f9cc-d99a-5d50-a5e8-313604832c73,Items,1,isad:rub:911,T 2 20 2,T 2 20 2,RA 001 / 122,2,Nederlands,Noot
tg:rubhs:29,ea4966cf-ff6f-59e2-b617-9ef3a577e04f,Items,1,isad:rub:314,,,RA 001 / 001,25,Nederlands,Noot
tg:rubhs:171,98ea238d-43b8-531c-ac18-c215f018db56,Items,1,isad:rub:911,T 2 20 2,T 2 20 2,RA 001 / 122,108,Nederlands,Noot
tg:rubhs:126,fbfdb4db-8642-5512-b87f-c16b54471bd9,Items,1,isad:rub:911,T 2 20 2,T 2 20 2,RA 001 / 122,67,Nederlands,Noot
tg:rubhs:91,f9fad658-00a4-524b-bd89-6029367758dc,Items,1,isad:rub:911,T 2 20 2,T 2 20 2,RA 001 / 122,41,Nederlands,Noot
tg:rubhs:68,3250f9ad-7a2f-5f76-bd96-2bb4d3abcea5,Items,1,isad:rub:911,T 2 20 2,T 2 20 2,RA 001 / 122,18,Nederlands,Noot
tg:rubhs:130,e415c72d-c912-5ca4-b4c4-13d35818ba50,Items,1,isad:rub:911,T 2 20 2,T 2 20 2,RA 001 / 122,71,Nederlands,Noot
tg:rubhs:87,c8de16ec-31f2-5b12-9718-450e360a0516,Items,1,isad:rub:911,T 2 20 2,T 2 20 2,Ra 001 / 122,37,Nederlands,Noot
tg:rubhs:219,362d2b3f-ff1e-5ef1-b7ab-4e44f28a893d,Items,1,isad:rub:3292,,,,RA 006 / 009,Nederlands,Noot
tg:rubhs:167,b374fac0-f650-535b-89e5-3c27efdb5bfb,Items,1,isad:rub:911,T 2 20 2,T 2 20 2,RA 001 / 122,104,Nederlands,Noot
tg:rubhs:34,82b8de86-ff89-5b6f-a7d1-5c037ea34a11,Items,1,isad:rub:314,,,RA 001 / 001,30,Nederlands,Noot
tg:rubhs:183,49892431-bc2a-50f8-96c0-ccb9f4b359cf,Items,1,isad:rub:911,T 2 20 2,T 2 20 2,RA 001 / 122,120,Nederlands,Noot
tg:rubhs:63,4e37693b-e937-5536-ad55-9c21d86cee53,Items,1,isad:rub:911,T 2 20 2,T 2 20 2,RA 001 / 122,13,Nederlands,Noot
tg:rubhs:75,bf1ea677-dc81-5e11-997c-658e291849eb,Items,1,isad:rub:911,T 2 20 2,T 2 20 2,RA 001 / 122,25,Nederlands,Noot
tg:rubhs:204,63470bbd-1ac7-5b2c-a570-6ccf1abf7c7b,Items,1,isad:rub:911,,,RA 001 / 122,134,Nederlands,Noot
tg:rubhs:22,da5d40cc-feda-5437-be6f-2898179f56c8,Items,1,isad:rub:314,,,RA 001 / 001,18,Nederlands,Noot
tg:rubhs:195,35420d49-1920-5358-a302-f91893728def,Items,1,isad:rub:911,,,RA 001 / 122,125,Nederlands,Noot
tg:rubhs:59,3f377f02-e7c5-5b6e-992c-aef5050aa0d4,Items,1,isad:rub:911,T 2 20 2,T 2 20 2,RA 001 / 122,9,Nederlands,Noot
tg:rubhs:101,64e24d91-5997-55c1-92cf-9666e5a8e1b4,Items,1,isad:rub:315,T 2 20 2,T 2 20 2,RA 001 / 002,6,Nederlands,Noot
tg:rubhs:156,66ee24ad-bccd-555b-bda2-3fd81b481e90,Items,1,isad:rub:911,T 2 20 2,T 2 20 2,RA 001 / 122,95,Nederlands,Noot
tg:rubhs:18,87474395-b13a-597b-821b-be7ae3d6d461,Items,1,isad:rub:314,,,RA 001 / 001,14,Nederlands,Noot
tg:rubhs:117,65b839f9-12bc-57af-9d30-e6f61655a6d9,Items,1,isad:rub:911,T 2 20 2,T 2 20 2,RA 001 / 122,58,Nederlands,Noot
tg:rubhs:38,71627245-8df3-5bfa-a9ff-5dd5f397f28d,Items,1,isad:rub:314,,,RA 001 / 001,34,Nederlands,Noot
tg:rubhs:137,6c774a55-ac69-59f8-93a0-b1be0c7a230d,Items,1,isad:rub:911,T 2 20 2,T 2 20 2,RA 001 / 122,78,Nederlands,Noot
tg:rubhs:80,ebc83518-f60b-5f0c-b64c-80c6387a73d0,Items,1,isad:rub:911,T 2 20 2,T 2 20 2,RA 001 / 122,30,Nederlands,Noot
tg:rubhs:208,a928c7a8-04c3-5484-9d94-e11d0e2c2f4b,Items,1,isad:rub:911,,,RA 001 / 122,138,Nederlands,Noot
tg:rubhs:79,f3c7e972-bd15-5ea5-a80f-88f304395901,Items,1,isad:rub:911,T 2 20 2,T 2 20 2,RA 001 / 122,29,Nederlands,Noot
tg:rubhs:121,9bad62a0-8708-586c-af29-72c95b19d67d,Items,1,isad:rub:911,T 2 20 2,T 2 20 2,RA 001 / 122,62,Nederlands,Noot
tg:rubhs:96,ec73332b-329b-53aa-9605-2b7ab293c964,Items,1,isad:rub:315,T 2 20 2,T 2 20 2,RA 001 / 002,2,Nederlands,Noot
tg:rubhs:176,58f9caae-36f5-5268-95c3-6b6008397d6b,Items,1,isad:rub:911,T 2 20 2,T 2 20 2,RA 001 / 122,113,Nederlands,Noot
tg:rubhs:199,b459deaa-ca58-5669-aa67-8ba057c13a8e,Items,1,isad:rub:911,,,RA 001 / 122,129,Nederlands,Noot
tg:rubhs:55,162d1564-e5ba-56ec-b3b4-ef157376760e,Items,1,isad:rub:911,T 2 20 2,T 2 20 2,RA 001 / 122,5,Nederlands,Noot
tg:rubhs:14,6cb7ea80-d572-507a-96ae-037c5456fab9,Items,1,isad:rub:314,,,RA 001 / 001,10,Nederlands,Noot
tg:rubhs:43,1f383322-e8b4-573b-86ee-bc6813d2abbd,Items,1,isad:rub:314,,,RA 001 / 001,39,Nederlands,Noot
tg:rubhs:42,f796fdf7-8d51-535e-842d-58981ff831bd,Items,1,isad:rub:314,,,RA 001 / 001,38,Nederlands,Noot
tg:rubhs:15,62d47886-01c6-526e-8bb0-9edb3250b286,Items,1,isad:rub:314,,,RA 001 / 001,11,Nederlands,Noot
tg:rubhs:54,7c8bfada-027d-59c3-a98b-721d66367ea8,Items,1,isad:rub:911,T 2 20 2,T 2 20 2,RA 001 / 122,4,Nederlands,Noot
tg:rubhs:177,8f7639cb-98ff-5006-aaf5-f02dd8d29b35,Items,1,isad:rub:911,T 2 20 2,T 2 20 2,RA 001 / 122,114,Nederlands,Noot
tg:rubhs:198,16b14bac-f4f7-5c30-8175-7c001926a264,Items,1,isad:rub:911,,,RA 001 / 122,128,Nederlands,Noot
tg:rubhs:78,a5efeb61-b101-58a6-89dd-4e0f5ebc0e0b,Items,1,isad:rub:911,T 2 20 2,T 2 20 2,RA 001 / 122,28,Nederlands,Noot
tg:rubhs:120,be7a0d92-7297-5e93-a370-d2702df1c042,Items,1,isad:rub:911,T 2 20 2,T 2 20 2,RA 001 / 122,61,Nederlands,Noot
tg:rubhs:97,3a0f4383-2dc1-507e-badf-09bf52c28b5f,Items,1,isad:rub:315,T 2 20 2,T 2 20 2,RA 001 / 002,3,Nederlands,Noot
tg:rubhs:209,3baa811e-a310-587f-bb59-d0447c53d0e7,Items,1,isad:rub:911,,,RA 001 / 122,139,Nederlands,Noot
tg:rubhs:136,afcbab71-31c7-506c-b51b-433c89feac93,Items,1,isad:rub:911,T 2 20 2,T 2 20 2,RA 001 / 122,77,Nederlands,Noot
tg:rubhs:81,51b168ce-729d-54c0-a9ce-7b6a533a96b6,Items,1,isad:rub:911,T 2 20 2,T 2 20 2,RA 001 / 122,31,Nederlands,Noot
tg:rubhs:5,b60f8b49-fe75-52a5-9c7d-6b7ebc8bb095,Items,1,isad:rub:314,,,RA 001 / 001,1,Nederlands,Noot
tg:rubhs:39,8dbee85f-5fa3-5a90-9213-400b10872b48,Items,1,isad:rub:314,,,RA 001 / 001,35,Nederlands,Noot
tg:rubhs:116,91ee98a4-3d3a-5ddf-b8fe-2c74ed627849,Items,1,isad:rub:911,T 2 20 2,T 2 20 2,RA 001 / 122,57,Nederlands,Noot
tg:rubhs:19,cecae92a-7ba7-5736-aedd-5bb257ebc095,Items,1,isad:rub:314,,,RA 001 / 001,15,Nederlands,Noot
tg:rubhs:141,6df0a930-ab2d-5f2c-9379-39ba8439b92e,Items,1,isad:rub:911,T 2 20 2,T 2 20 2,RA 001 / 122,81,Nederlands,Noot
tg:rubhs:157,41eac4eb-3b74-56f5-9d08-c0c998a6ae5e,Items,1,isad:rub:911,T 2 20 2,T 2 20 2,RA 001 / 122,96,Nederlands,Noot
tg:rubhs:58,7c6f8d0d-b144-5810-a5fa-599e8c9c5cce,Items,1,isad:rub:911,T 2 20 2,T 2 20 2,RA 001 / 122,8,Nederlands,Noot
tg:rubhs:100,3aed7578-560b-5a55-b79a-491492b5e8ae,Items,1,isad:rub:315,T 2 20 2,T 2 20 2,RA 001 / 002,5,Nederlands,Noot
tg:rubhs:23,18455cb0-af81-5990-8c2f-9be2d557f2df,Items,1,isad:rub:314,,,RA 001 / 001,19,Nederlands,Noot
tg:rubhs:194,bf0f985e-b085-5f46-bdf2-050b8a2c7638,Items,1,isad:rub:911,,,RA 001 / 122,124,Nederlands,Noot
tg:rubhs:205,5e2ac8ce-bc6f-5923-bc03-5c33df7689ff,Items,1,isad:rub:911,,,RA 001 / 122,135,Nederlands,Noot
tg:rubhs:74,f6809f2c-1600-5325-bdd0-74bd2281af3e,Items,1,isad:rub:911,T 2 20 2,T 2 20 2,RA 001 / 122,24,Nederlands,Noot
tg:rubhs:213,127afc38-d546-52da-9db8-2043726f5b2c,Items,1,isad:rub:324,,,RA 001 / 050,,Nederlands,Noot
tg:rubhs:62,845bc693-2538-5d6d-9e00-26cf91dec288,Items,1,isad:rub:911,T 2 20 2,T 2 20 2,RA 001 / 122,12,Nederlands,Noot
tg:rubhs:9,a6f753c8-f1e2-57f2-bcd7-0745988c4e23,Items,1,isad:rub:314,,,RA 001 / 001,5,Nederlands,Noot
tg:rubhs:35,d4dcf6bd-130c-51db-839f-e92b544d2111,Items,1,isad:rub:314,,,RA 001 / 001,31,Nederlands,Noot
tg:rubhs:182,f6eaf4a4-b89f-5a65-9a05-3f251d69e2da,Items,1,isad:rub:911,T 2 20 2,T 2 20 2,RA 001 / 122,119,Nederlands,Noot
