Record Type,ResourceID,Keeper,object Identifier,Object Identifier Type,order,card,brocade.id,source_field,Annotation,Annotation Language,Annotation Type,Archive Brocade ID,Archive Widget,Archive Identifier,source_code,Carrier Type,Colour,Dimension Value,Dimension Type,Dimension Measurement Unit,Dimension Source Note,External Relation,External Relation URL,External Relation URL Type,External Relation Note,External Relation Note Language,External Relation Note Type,Illustration URL,Illustration Type,Registration Number value,Warehouse Location (begin),Archive Note,Serial Number,Language,Legacy Information Value,Legacy Information Type,Legacy Information Published,Mark Text,Mark Type,Mark Language,Object Type,ire.isaar.uuid,ISAAR Brocade ID,Entity Relation,Entity Widget,Entity Identifier,Title,Title Type,Title Language,Visual ISAAR Brocade ID,Visual Actor Role,Visual Actor Note,Visual Actor Widget,Visual Actor Identifier,ire.isaar.id,Production Actor Role,Production Actor Note,Production Actor Widget,Production Actor Identifier,Record ID,id,Production Place Identifier,Production Place Widget,Production Technique Type,Start Date,End Date,Start Date Note,Start Date Note Type,Start Date Note Language,Start Date Type
Tekeningen,00d08c3f-d02d-5604-bcb4-b1036cf771a6,Museum Plantin-Moretus,https://data.museumplantinmoretus.be/ark:/11975/00d08c3f-d02d-5604-bcb4-b1036cf771a6,object identifier,0,AA,,,,,,,,,,,,,,,,,,,,,,,,,,,,,,,,,,,,,,,,,,,,,,,,,,,,,,,,,,,,,,,,
,00d08c3f-d02d-5604-bcb4-b1036cf771a6,,,,1,Carrier,tg:mpmtk:32,kenmerken.mpmdragertk,,,,,,,dpp,paper (fiber product),,,,,,,,,,,,,,,,,,,,,,,,,,,,,,,,,,,,,,,,,,,,,,,,,,,,,,
,00d08c3f-d02d-5604-bcb4-b1036cf771a6,,,,1,DimensionSourceNotes,tg:mpmtk:32,kenmerken.mpmformattk,,,,,,,18 x 13,,,,,,18 x 13,,,,,,,,,,,,,,,,,,,,,,,,,,,,,,,,,,,,,,,,,,,,,,,,,
,00d08c3f-d02d-5604-bcb4-b1036cf771a6,,,,,Dimensions,tg:mpmtk:32,kenmerken.mpmformattk,,,,,,,,,,180.0,hoogte,millimeter,,,,,,,,,,,,,,,,,,,,,,,,,,,,,,,,,,,,,,,,,,,,,,,,,,
,00d08c3f-d02d-5604-bcb4-b1036cf771a6,,,,,Dimensions,tg:mpmtk:32,kenmerken.mpmformattk,,,,,,,,,,130.0,breedte,millimeter,,,,,,,,,,,,,,,,,,,,,,,,,,,,,,,,,,,,,,,,,,,,,,,,,,
,00d08c3f-d02d-5604-bcb4-b1036cf771a6,,,,1,ExternalRelations,tg:mpmtk:32,,,,,,,,,,,,,,,ontwerp voor,https://anet.be/record/mpm/opacmpm/c:lvd:495262,zie verder bibliotheekcatalogus Museum Plantin Moretus,,,,,,,,,,,,,,,,,,,,,,,,,,,,,,,,,,,,,,,,,,,,,,
,00d08c3f-d02d-5604-bcb4-b1036cf771a6,,,,1,Images,tg:mpmtk:32,ill.lowres,,,,,,,,,,,,,,,,,,,,https://anet.be/docstore/d:mpmdoc:578,Lage resolutie,,,,,,,,,,,,,,,,,,,,,,,,,,,,,,,,,,,,,,,,,
,00d08c3f-d02d-5604-bcb4-b1036cf771a6,,,,1,Items,tg:mpmtk:32,,,,,,,,,,,,,,,,,,,,,,,TK 399,10 K 1 H,,,,,,,,,,,,,,,,,,,,,,,,,,,,,,,,,,,,,,,
,00d08c3f-d02d-5604-bcb4-b1036cf771a6,,,,1,LegacyInformation,,id.objectNumber,,,,,,,,,,,,,,,,,,,,,,,,,,,BE-ANN00/tk/000000015,referentienummer,False,,,,,,,,,,,,,,,,,,,,,,,,,,,,,,,,,
,00d08c3f-d02d-5604-bcb4-b1036cf771a6,,,,1,LegacyInformation,,brocade.id,,,,,,,,,,,,,,,,,,,,,,,,,,,tg:mpmtk:32,brocade id,False,,,,,,,,,,,,,,,,,,,,,,,,,,,,,,,,,
,00d08c3f-d02d-5604-bcb4-b1036cf771a6,,,,1,LegacyInformation,,brocade.url,,,,,,,,,,,,,,,,,,,,,,,,,,,https://anet.be/record/opacmpmobj/tg:mpmtk:32/N,brocade url,False,,,,,,,,,,,,,,,,,,,,,,,,,,,,,,,,,
,00d08c3f-d02d-5604-bcb4-b1036cf771a6,,,,1,Marks,tg:mpmtk:32,,,,,,,,,,,,,,,,,,,,,,,,,,,,,,,"Le Siege / de la Ville / de Dole / Capitale / de la Franche-Comte / et / son heurese [sic] delvrance [sic] / Discrits [het woord """"Racontes"""" geschrapt] par M. I.",inscriptions,Nederlands,,,,,,,,,,,,,,,,,,,,,,,,,,,,,,
,00d08c3f-d02d-5604-bcb4-b1036cf771a6,,,,1,ObjectTypes,tg:mpmtk:32,kenmerken.mpmtypetk,,,,,,,tttek,,,,,,,,,,,,,,,,,,,,,,,,,,drawings (visual works),,,,,,,,,,,,,,,,,,,,,,,,,,,,,
,00d08c3f-d02d-5604-bcb4-b1036cf771a6,,,,1,ProductionActors,tg:mpmtk:32,,,,,,,,,,,,,,,,,,,,,,,,,,,,,,,,,,,0dd77f3c-9f4b-591f-96e2-8ae1e7a757d0,,,,,,,,,,,,,au::15342,artists (visual artists),,"dlod={""name"":""Erasmus II Quellinus"",""ark"":""ark:/83110/x0/0dd77f3c-9f4b-591f-96e2-8ae1e7a757d0"",""uri"":""/agents/people/77046"",""id"":""au::15342"",""isCapacity"":false,""orgID"":""digipolis"",""suggestType"":""agent""}",ark:/83110/x0/0dd77f3c-9f4b-591f-96e2-8ae1e7a757d0,,,,,,,,,,,
,00d08c3f-d02d-5604-bcb4-b1036cf771a6,,,,1,ProductionTechniques,tg:mpmtk:32,kenmerken/mpmtechbasistk.mpmtechtk,,,,,,,tpe,,,,,,,,,,,,,,,,,,,,,,,,,,,,,,,,,,,,,,,,,,,,,,,,,pens (drawing and writing implements),,,,,,
,00d08c3f-d02d-5604-bcb4-b1036cf771a6,,,,,ProductionTimeSpans,tg:mpmtk:32,,,,,,,,,,,,,,,,,,,,,,,,,,,,,,,,,,,,,,,,,,,,,,,,,,,,,,,,,,1636,1637,,,,
,00d08c3f-d02d-5604-bcb4-b1036cf771a6,,,,1,Titles,tg:mpmtk:32,id.title/ti,,,,,,,,,,,,,,,,,,,,,,,,,,,,,,,,,,,,,,,"Ontwerp voor de titelpagina van Jean Boyvin, Le siege de la ville de Dole",titles proper,Dutch (language),,,,,,,,,,,,,,,,,,,,,
,00d08c3f-d02d-5604-bcb4-b1036cf771a6,,,,1,VisualContent,tg:mpmtk:32,,,,,,,,,,,,,,,,,,,,,,,,,,,,,,,,,,,0dd77f3c-9f4b-591f-96e2-8ae1e7a757d0,,,,,,,,au::15342,artists (visual artists),,"dlod={""name"":""Erasmus II Quellinus"",""ark"":""ark:/83110/x0/0dd77f3c-9f4b-591f-96e2-8ae1e7a757d0"",""uri"":""/agents/people/77046"",""id"":""au::15342"",""isCapacity"":false,""orgID"":""digipolis"",""suggestType"":""agent""}",ark:/83110/x0/0dd77f3c-9f4b-591f-96e2-8ae1e7a757d0,,,,,,,,,,,,,,,,
Tekeningen,251d4f80-80c8-5190-a8e5-e63866de74cd,Museum Plantin-Moretus,https://data.museumplantinmoretus.be/ark:/11975/251d4f80-80c8-5190-a8e5-e63866de74cd,object identifier,0,AA,,,,,,,,,,,,,,,,,,,,,,,,,,,,,,,,,,,,,,,,,,,,,,,,,,,,,,,,,,,,,,,,
,251d4f80-80c8-5190-a8e5-e63866de74cd,,,,1,Annotations,tg:mpmtk:24,note.mpmalg,"Seraphinorum fervor"""" en """"Cherubinorum scientia"""" in banderoles links en rechts van Maria",Nederlands,remarks,,,,,,,,,,,,,,,,,,,,,,,,,,,,,,,,,,,,,,,,,,,,,,,,,,,,,,,,,,,
,251d4f80-80c8-5190-a8e5-e63866de74cd,,,,1,Carrier,tg:mpmtk:24,kenmerken.mpmdragertk,,,,,,,dpp,paper (fiber product),,,,,,,,,,,,,,,,,,,,,,,,,,,,,,,,,,,,,,,,,,,,,,,,,,,,,,
,251d4f80-80c8-5190-a8e5-e63866de74cd,,,,1,Colours,tg:mpmtk:24,kenmerken/mpmtechbasistk.mpmkleur,,,,,,,ksp,,sepia (color),,,,,,,,,,,,,,,,,,,,,,,,,,,,,,,,,,,,,,,,,,,,,,,,,,,,,
,251d4f80-80c8-5190-a8e5-e63866de74cd,,,,1,DimensionSourceNotes,tg:mpmtk:24,kenmerken.mpmformattk,,,,,,,"12,7 x 7,7",,,,,,"12,7 x 7,7",,,,,,,,,,,,,,,,,,,,,,,,,,,,,,,,,,,,,,,,,,,,,,,,,
,251d4f80-80c8-5190-a8e5-e63866de74cd,,,,,Dimensions,tg:mpmtk:24,kenmerken.mpmformattk,,,,,,,,,,127.0,hoogte,millimeter,,,,,,,,,,,,,,,,,,,,,,,,,,,,,,,,,,,,,,,,,,,,,,,,,,
,251d4f80-80c8-5190-a8e5-e63866de74cd,,,,,Dimensions,tg:mpmtk:24,kenmerken.mpmformattk,,,,,,,,,,77.0,breedte,millimeter,,,,,,,,,,,,,,,,,,,,,,,,,,,,,,,,,,,,,,,,,,,,,,,,,,
,251d4f80-80c8-5190-a8e5-e63866de74cd,,,,1,ExternalRelations,tg:mpmtk:24,,,,,,,,,,,,,,,gerelateerde publicatie,https://anet.be/record/mpm/opacmpm/c:lvd:839899,zie verder bibliotheekcatalogus Museum Plantin Moretus,p. 346,Nederlands,remarks,,,,,,,,,,,,,,,,,,,,,,,,,,,,,,,,,,,,,,,,,,,
,251d4f80-80c8-5190-a8e5-e63866de74cd,,,,1,Items,tg:mpmtk:24,,,,,,,,,,,,,,,,,,,,,,,TK 383,10 K 1 H,,,,,,,,,,,,,,,,,,,,,,,,,,,,,,,,,,,,,,,
,251d4f80-80c8-5190-a8e5-e63866de74cd,,,,1,LegacyInformation,,id.objectNumber,,,,,,,,,,,,,,,,,,,,,,,,,,,BE-ANN00/tk/000000009,referentienummer,False,,,,,,,,,,,,,,,,,,,,,,,,,,,,,,,,,
,251d4f80-80c8-5190-a8e5-e63866de74cd,,,,1,LegacyInformation,,brocade.id,,,,,,,,,,,,,,,,,,,,,,,,,,,tg:mpmtk:24,brocade id,False,,,,,,,,,,,,,,,,,,,,,,,,,,,,,,,,,
,251d4f80-80c8-5190-a8e5-e63866de74cd,,,,1,LegacyInformation,,brocade.url,,,,,,,,,,,,,,,,,,,,,,,,,,,https://anet.be/record/opacmpmobj/tg:mpmtk:24/N,brocade url,False,,,,,,,,,,,,,,,,,,,,,,,,,,,,,,,,,
,251d4f80-80c8-5190-a8e5-e63866de74cd,,,,1,ObjectTypes,tg:mpmtk:24,kenmerken.mpmtypetk,,,,,,,tttek,,,,,,,,,,,,,,,,,,,,,,,,,,drawings (visual works),,,,,,,,,,,,,,,,,,,,,,,,,,,,,
,251d4f80-80c8-5190-a8e5-e63866de74cd,,,,1,ProductionActors,tg:mpmtk:24,,,,,,,,,,,,,,,,,,,,,,,,,,,,,,,,,,,4c2593ff-6f39-5958-b785-bfb49d6cc786,,,,,,,,,,,,,au::13830,artists (visual artists),AVN monogram midden onderaan,"dlod={""name"":""Adam van Noort"",""ark"":""ark:/83110/x0/4c2593ff-6f39-5958-b785-bfb49d6cc786"",""uri"":""/agents/people/60894"",""id"":""au::13830"",""isCapacity"":false,""orgID"":""digipolis"",""suggestType"":""agent""}",ark:/83110/x0/4c2593ff-6f39-5958-b785-bfb49d6cc786,,,,,,,,,,,
,251d4f80-80c8-5190-a8e5-e63866de74cd,,,,1,ProductionTechniques,tg:mpmtk:24,kenmerken/mpmtechbasistk.mpmtechtk,,,,,,,tpe,,,,,,,,,,,,,,,,,,,,,,,,,,,,,,,,,,,,,,,,,,,,,,,,,pens (drawing and writing implements),,,,,,
,251d4f80-80c8-5190-a8e5-e63866de74cd,,,,,ProductionTimeSpans,tg:mpmtk:24,,,,,,,,,,,,,,,,,,,,,,,,,,,,,,,,,,,,,,,,,,,,,,,,,,,,,,,,,,1605,1609,,,,
,251d4f80-80c8-5190-a8e5-e63866de74cd,,,,1,Titles,tg:mpmtk:24,id.title/ti,,,,,,,,,,,,,,,,,,,,,,,,,,,,,,,,,,,,,,,Maria op een troon omringd door engelen,titles proper,Dutch (language),,,,,,,,,,,,,,,,,,,,,
,251d4f80-80c8-5190-a8e5-e63866de74cd,,,,1,VisualContent,tg:mpmtk:24,,,,,,,,,,,,,,,,,,,,,,,,,,,,,,,,,,,4c2593ff-6f39-5958-b785-bfb49d6cc786,,,,,,,,au::13830,artists (visual artists),AVN monogram midden onderaan,"dlod={""name"":""Adam van Noort"",""ark"":""ark:/83110/x0/4c2593ff-6f39-5958-b785-bfb49d6cc786"",""uri"":""/agents/people/60894"",""id"":""au::13830"",""isCapacity"":false,""orgID"":""digipolis"",""suggestType"":""agent""}",ark:/83110/x0/4c2593ff-6f39-5958-b785-bfb49d6cc786,,,,,,,,,,,,,,,,
Tekeningen,3d7a61cb-2404-5110-ae89-8b5ff60be96b,Museum Plantin-Moretus,https://data.museumplantinmoretus.be/ark:/11975/3d7a61cb-2404-5110-ae89-8b5ff60be96b,object identifier,0,AA,,,,,,,,,,,,,,,,,,,,,,,,,,,,,,,,,,,,,,,,,,,,,,,,,,,,,,,,,,,,,,,,
,3d7a61cb-2404-5110-ae89-8b5ff60be96b,,,,1,Archives,tg:mpmtk:11,,,,,isad:mpm:22,,,,,,,,,,,,,,,,,,,,,,,,,,,,,,,,,,,,,,,,,,,,,,,,,,,,,,,,,,
,3d7a61cb-2404-5110-ae89-8b5ff60be96b,,,,1,Carrier,tg:mpmtk:11,kenmerken.mpmdragertk,,,,,,,dpp,paper (fiber product),,,,,,,,,,,,,,,,,,,,,,,,,,,,,,,,,,,,,,,,,,,,,,,,,,,,,,
,3d7a61cb-2404-5110-ae89-8b5ff60be96b,,,,1,Colours,tg:mpmtk:11,kenmerken/mpmtechbasistk.mpmkleur,,,,,,,kdr,,brown (color),,,,,,,,,,,,,,,,,,,,,,,,,,,,,,,,,,,,,,,,,,,,,,,,,,,,,
,3d7a61cb-2404-5110-ae89-8b5ff60be96b,,,,1,DimensionSourceNotes,tg:mpmtk:11,kenmerken.mpmformattk,,,,,,,"19,5 x 29",,,,,,"19,5 x 29",,,,,,,,,,,,,,,,,,,,,,,,,,,,,,,,,,,,,,,,,,,,,,,,,
,3d7a61cb-2404-5110-ae89-8b5ff60be96b,,,,,Dimensions,tg:mpmtk:11,kenmerken.mpmformattk,,,,,,,,,,195.0,hoogte,millimeter,,,,,,,,,,,,,,,,,,,,,,,,,,,,,,,,,,,,,,,,,,,,,,,,,,
,3d7a61cb-2404-5110-ae89-8b5ff60be96b,,,,,Dimensions,tg:mpmtk:11,kenmerken.mpmformattk,,,,,,,,,,290.0,breedte,millimeter,,,,,,,,,,,,,,,,,,,,,,,,,,,,,,,,,,,,,,,,,,,,,,,,,,
,3d7a61cb-2404-5110-ae89-8b5ff60be96b,,,,1,ExternalRelations,tg:mpmtk:11,,,,,,,,,,,,,,,gerelateerde publicatie,https://anet.be/record/mpm/opacmpm/c:lvd:6157678,zie verder bibliotheekcatalogus Museum Plantin Moretus,TEK 591 / Cat. 151,Nederlands,remarks,,,,,,,,,,,,,,,,,,,,,,,,,,,,,,,,,,,,,,,,,,,
,3d7a61cb-2404-5110-ae89-8b5ff60be96b,,,,2,ExternalRelations,tg:mpmtk:11,,,,,,,,,,,,,,,gerelateerde publicatie,https://anet.be/record/mpm/opacmpm/c:lvd:1276,zie verder bibliotheekcatalogus Museum Plantin Moretus,GVd 25,Nederlands,remarks,,,,,,,,,,,,,,,,,,,,,,,,,,,,,,,,,,,,,,,,,,,
,3d7a61cb-2404-5110-ae89-8b5ff60be96b,,,,3,ExternalRelations,tg:mpmtk:11,,,,,,,,,,,,,,,gerelateerde publicatie,https://anet.be/record/mpm/opacmpm/c:lvd:1096796,zie verder bibliotheekcatalogus Museum Plantin Moretus,nr. 95,Nederlands,remarks,,,,,,,,,,,,,,,,,,,,,,,,,,,,,,,,,,,,,,,,,,,
,3d7a61cb-2404-5110-ae89-8b5ff60be96b,,,,4,ExternalRelations,tg:mpmtk:11,,,,,,,,,,,,,,,online catalogs,207765,Link naar record in search.museumplantinmoretus.be,,,,,,,,,,,,,,,,,,,,,,,,,,,,,,,,,,,,,,,,,,,,,,
,3d7a61cb-2404-5110-ae89-8b5ff60be96b,,,,1,Items,tg:mpmtk:11,,,,,,,,,,,,,,,,,,,,,,,Arch. 1150a,15 H 1 F,isad:mpm:22,fol. 35,,,,,,,,,,,,,,,,,,,,,,,,,,,,,,,,,,,,,
,3d7a61cb-2404-5110-ae89-8b5ff60be96b,,,,1,Languages,tg:mpmtk:11,kenmerken.mpmlanguage,,,,,,,lat,,,,,,,,,,,,,,,,,,,Latin (language),,,,,,,,,,,,,,,,,,,,,,,,,,,,,,,,,,,,
,3d7a61cb-2404-5110-ae89-8b5ff60be96b,,,,1,LegacyInformation,,id.objectNumber,,,,,,,,,,,,,,,,,,,,,,,,,,,BE-ANN00/tk/000000003,referentienummer,False,,,,,,,,,,,,,,,,,,,,,,,,,,,,,,,,,
,3d7a61cb-2404-5110-ae89-8b5ff60be96b,,,,1,LegacyInformation,,brocade.id,,,,,,,,,,,,,,,,,,,,,,,,,,,tg:mpmtk:11,brocade id,False,,,,,,,,,,,,,,,,,,,,,,,,,,,,,,,,,
,3d7a61cb-2404-5110-ae89-8b5ff60be96b,,,,1,LegacyInformation,,brocade.url,,,,,,,,,,,,,,,,,,,,,,,,,,,https://anet.be/record/opacmpmobj/tg:mpmtk:11/N,brocade url,False,,,,,,,,,,,,,,,,,,,,,,,,,,,,,,,,,
,3d7a61cb-2404-5110-ae89-8b5ff60be96b,,,,1,ObjectTypes,tg:mpmtk:11,kenmerken.mpmtypetk,,,,,,,tttek,,,,,,,,,,,,,,,,,,,,,,,,,,drawings (visual works),,,,,,,,,,,,,,,,,,,,,,,,,,,,,
,3d7a61cb-2404-5110-ae89-8b5ff60be96b,,,,2,OriginalBrocade,tg:mpmtk:11,,,,,,,,,,,,,,,,,,,,,,,,,,,,,,,,,,,563cf60b-2fc4-505a-aae5-fbd8122909d5,au::11670,subjects (content of works),"dlod={""name"":""Justus Lipsius"",""ark"":""ark:/83110/x0/563cf60b-2fc4-505a-aae5-fbd8122909d5"",""uri"":""/agents/people/74143"",""id"":""au::11670"",""isCapacity"":false,""orgID"":""digipolis"",""suggestType"":""agent""}",ark:/83110/x0/563cf60b-2fc4-505a-aae5-fbd8122909d5,,,,,,,,,,,,,,,,,,,,,,,,
,3d7a61cb-2404-5110-ae89-8b5ff60be96b,,,,1,ProductionActors,tg:mpmtk:11,,,,,,,,,,,,,,,,,,,,,,,,,,,,,,,,,,,50d2268a-3bf7-5f73-827f-ffeb1016b259,,,,,,,,,,,,,au::108212,artists (visual artists),Vermoedelijke kunstenaar,"dlod={""name"":""Melchior Moretus"",""ark"":""ark:/83110/x0/50d2268a-3bf7-5f73-827f-ffeb1016b259"",""uri"":""/agents/people/70187"",""id"":""au::108212"",""isCapacity"":false,""orgID"":""digipolis"",""suggestType"":""agent""}",ark:/83110/x0/50d2268a-3bf7-5f73-827f-ffeb1016b259,,,,,,,,,,,
,3d7a61cb-2404-5110-ae89-8b5ff60be96b,,,,,ProductionTimeSpans,tg:mpmtk:11,,,,,,,,,,,,,,,,,,,,,,,,,,,,,,,,,,,,,,,,,,,,,,,,,,,,,,,,,,1606,,Justus Lipsius overleed in 1606,production date note,Nederlands,circa
,3d7a61cb-2404-5110-ae89-8b5ff60be96b,,,,1,Titles,tg:mpmtk:11,id.title/ti,,,,,,,,,,,,,,,,,,,,,,,,,,,,,,,,,,,,,,,Coenotaphium Justi Lipsii catholici regis historiographi,titles proper,Latin (language),,,,,,,,,,,,,,,,,,,,,
,3d7a61cb-2404-5110-ae89-8b5ff60be96b,,,,1,VisualContent,tg:mpmtk:11,,,,,,,,,,,,,,,,,,,,,,,,,,,,,,,,,,,50d2268a-3bf7-5f73-827f-ffeb1016b259,,,,,,,,au::108212,artists (visual artists),Vermoedelijke kunstenaar,"dlod={""name"":""Melchior Moretus"",""ark"":""ark:/83110/x0/50d2268a-3bf7-5f73-827f-ffeb1016b259"",""uri"":""/agents/people/70187"",""id"":""au::108212"",""isCapacity"":false,""orgID"":""digipolis"",""suggestType"":""agent""}",ark:/83110/x0/50d2268a-3bf7-5f73-827f-ffeb1016b259,,,,,,,,,,,,,,,,
Tekeningen,5355e3fa-7908-52d1-9652-e164ac0c8c43,Museum Plantin-Moretus,https://data.museumplantinmoretus.be/ark:/11975/5355e3fa-7908-52d1-9652-e164ac0c8c43,object identifier,0,AA,,,,,,,,,,,,,,,,,,,,,,,,,,,,,,,,,,,,,,,,,,,,,,,,,,,,,,,,,,,,,,,,
,5355e3fa-7908-52d1-9652-e164ac0c8c43,,,,1,Carrier,tg:mpmtk:34,kenmerken.mpmdragertk,,,,,,,dpp,paper (fiber product),,,,,,,,,,,,,,,,,,,,,,,,,,,,,,,,,,,,,,,,,,,,,,,,,,,,,,
,5355e3fa-7908-52d1-9652-e164ac0c8c43,,,,1,DimensionSourceNotes,tg:mpmtk:34,kenmerken.mpmformattk,,,,,,,"11 x 6,5",,,,,,"11 x 6,5",,,,,,,,,,,,,,,,,,,,,,,,,,,,,,,,,,,,,,,,,,,,,,,,,
,5355e3fa-7908-52d1-9652-e164ac0c8c43,,,,,Dimensions,tg:mpmtk:34,kenmerken.mpmformattk,,,,,,,,,,110.0,hoogte,millimeter,,,,,,,,,,,,,,,,,,,,,,,,,,,,,,,,,,,,,,,,,,,,,,,,,,
,5355e3fa-7908-52d1-9652-e164ac0c8c43,,,,,Dimensions,tg:mpmtk:34,kenmerken.mpmformattk,,,,,,,,,,65.0,breedte,millimeter,,,,,,,,,,,,,,,,,,,,,,,,,,,,,,,,,,,,,,,,,,,,,,,,,,
,5355e3fa-7908-52d1-9652-e164ac0c8c43,,,,1,ExternalRelations,tg:mpmtk:34,,,,,,,,,,,,,,,ontwerp voor,https://anet.be/record/mpm/opacmpm/c:lvd:632549,zie verder bibliotheekcatalogus Museum Plantin Moretus,,,,,,,,,,,,,,,,,,,,,,,,,,,,,,,,,,,,,,,,,,,,,,
,5355e3fa-7908-52d1-9652-e164ac0c8c43,,,,1,Images,tg:mpmtk:34,ill.lowres,,,,,,,,,,,,,,,,,,,,https://anet.be/docstore/d:mpmdoc:1091,Lage resolutie,,,,,,,,,,,,,,,,,,,,,,,,,,,,,,,,,,,,,,,,,
,5355e3fa-7908-52d1-9652-e164ac0c8c43,,,,1,Items,tg:mpmtk:34,,,,,,,,,,,,,,,,,,,,,,,TK 264,10 K 1 H,,,,,,,,,,,,,,,,,,,,,,,,,,,,,,,,,,,,,,,
,5355e3fa-7908-52d1-9652-e164ac0c8c43,,,,1,LegacyInformation,,id.objectNumber,,,,,,,,,,,,,,,,,,,,,,,,,,,BE-ANN00/tk/000000017,referentienummer,False,,,,,,,,,,,,,,,,,,,,,,,,,,,,,,,,,
,5355e3fa-7908-52d1-9652-e164ac0c8c43,,,,1,LegacyInformation,,brocade.id,,,,,,,,,,,,,,,,,,,,,,,,,,,tg:mpmtk:34,brocade id,False,,,,,,,,,,,,,,,,,,,,,,,,,,,,,,,,,
,5355e3fa-7908-52d1-9652-e164ac0c8c43,,,,1,LegacyInformation,,brocade.url,,,,,,,,,,,,,,,,,,,,,,,,,,,https://anet.be/record/opacmpmobj/tg:mpmtk:34/N,brocade url,False,,,,,,,,,,,,,,,,,,,,,,,,,,,,,,,,,
,5355e3fa-7908-52d1-9652-e164ac0c8c43,,,,1,ObjectTypes,tg:mpmtk:34,kenmerken.mpmtypetk,,,,,,,tttek,,,,,,,,,,,,,,,,,,,,,,,,,,drawings (visual works),,,,,,,,,,,,,,,,,,,,,,,,,,,,,
,5355e3fa-7908-52d1-9652-e164ac0c8c43,,,,1,ProductionActors,tg:mpmtk:34,,,,,,,,,,,,,,,,,,,,,,,,,,,,,,,,,,,0dd77f3c-9f4b-591f-96e2-8ae1e7a757d0,,,,,,,,,,,,,au::15342,artists (visual artists),,"dlod={""name"":""Erasmus II Quellinus"",""ark"":""ark:/83110/x0/0dd77f3c-9f4b-591f-96e2-8ae1e7a757d0"",""uri"":""/agents/people/77046"",""id"":""au::15342"",""isCapacity"":false,""orgID"":""digipolis"",""suggestType"":""agent""}",ark:/83110/x0/0dd77f3c-9f4b-591f-96e2-8ae1e7a757d0,,,,,,,,,,,
,5355e3fa-7908-52d1-9652-e164ac0c8c43,,,,1,ProductionTechniques,tg:mpmtk:34,kenmerken/mpmtechbasistk.mpmtechtk,,,,,,,tpe,,,,,,,,,,,,,,,,,,,,,,,,,,,,,,,,,,,,,,,,,,,,,,,,,pens (drawing and writing implements),,,,,,
,5355e3fa-7908-52d1-9652-e164ac0c8c43,,,,,ProductionTimeSpans,tg:mpmtk:34,,,,,,,,,,,,,,,,,,,,,,,,,,,,,,,,,,,,,,,,,,,,,,,,,,,,,,,,,,1637,1638,,,,
,5355e3fa-7908-52d1-9652-e164ac0c8c43,,,,1,Titles,tg:mpmtk:34,id.title/ti,,,,,,,,,,,,,,,,,,,,,,,,,,,,,,,,,,,,,,,"Ontwerp voor de titelpagina van Vincentius Guinisius, Allocutiones gymnasticae",titles proper,Dutch (language),,,,,,,,,,,,,,,,,,,,,
,5355e3fa-7908-52d1-9652-e164ac0c8c43,,,,1,VisualContent,tg:mpmtk:34,,,,,,,,,,,,,,,,,,,,,,,,,,,,,,,,,,,0dd77f3c-9f4b-591f-96e2-8ae1e7a757d0,,,,,,,,au::15342,artists (visual artists),,"dlod={""name"":""Erasmus II Quellinus"",""ark"":""ark:/83110/x0/0dd77f3c-9f4b-591f-96e2-8ae1e7a757d0"",""uri"":""/agents/people/77046"",""id"":""au::15342"",""isCapacity"":false,""orgID"":""digipolis"",""suggestType"":""agent""}",ark:/83110/x0/0dd77f3c-9f4b-591f-96e2-8ae1e7a757d0,,,,,,,,,,,,,,,,
Tekeningen,5edba65c-caf2-5dc7-9e43-46f5e4ddcb0a,Museum Plantin-Moretus,https://data.museumplantinmoretus.be/ark:/11975/5edba65c-caf2-5dc7-9e43-46f5e4ddcb0a,object identifier,0,AA,,,,,,,,,,,,,,,,,,,,,,,,,,,,,,,,,,,,,,,,,,,,,,,,,,,,,,,,,,,,,,,,
,5edba65c-caf2-5dc7-9e43-46f5e4ddcb0a,,,,1,Carrier,tg:mpmtk:28,kenmerken.mpmdragertk,,,,,,,dpp,paper (fiber product),,,,,,,,,,,,,,,,,,,,,,,,,,,,,,,,,,,,,,,,,,,,,,,,,,,,,,
,5edba65c-caf2-5dc7-9e43-46f5e4ddcb0a,,,,1,Colours,tg:mpmtk:28,kenmerken/mpmtechbasistk.mpmkleur,,,,,,,kbr,,brown (color),,,,,,,,,,,,,,,,,,,,,,,,,,,,,,,,,,,,,,,,,,,,,,,,,,,,,
,5edba65c-caf2-5dc7-9e43-46f5e4ddcb0a,,,,1,DimensionSourceNotes,tg:mpmtk:28,kenmerken.mpmformattk,,,,,,,"21,3 x 15,3",,,,,,"21,3 x 15,3",,,,,,,,,,,,,,,,,,,,,,,,,,,,,,,,,,,,,,,,,,,,,,,,,
,5edba65c-caf2-5dc7-9e43-46f5e4ddcb0a,,,,,Dimensions,tg:mpmtk:28,kenmerken.mpmformattk,,,,,,,,,,213.0,hoogte,millimeter,,,,,,,,,,,,,,,,,,,,,,,,,,,,,,,,,,,,,,,,,,,,,,,,,,
,5edba65c-caf2-5dc7-9e43-46f5e4ddcb0a,,,,,Dimensions,tg:mpmtk:28,kenmerken.mpmformattk,,,,,,,,,,153.0,breedte,millimeter,,,,,,,,,,,,,,,,,,,,,,,,,,,,,,,,,,,,,,,,,,,,,,,,,,
,5edba65c-caf2-5dc7-9e43-46f5e4ddcb0a,,,,1,Images,tg:mpmtk:28,ill.lowres,,,,,,,,,,,,,,,,,,,,https://anet.be/docstore/d:mpmdoc:44,Lage resolutie,,,,,,,,,,,,,,,,,,,,,,,,,,,,,,,,,,,,,,,,,
,5edba65c-caf2-5dc7-9e43-46f5e4ddcb0a,,,,1,Items,tg:mpmtk:28,,,,,,,,,,,,,,,,,,,,,,,TK 236,10 K 1 K,,,,,,,,,,,,,,,,,,,,,,,,,,,,,,,,,,,,,,,
,5edba65c-caf2-5dc7-9e43-46f5e4ddcb0a,,,,1,LegacyInformation,,id.objectNumber,,,,,,,,,,,,,,,,,,,,,,,,,,,BE-ANN00/tk/000000012,referentienummer,False,,,,,,,,,,,,,,,,,,,,,,,,,,,,,,,,,
,5edba65c-caf2-5dc7-9e43-46f5e4ddcb0a,,,,1,LegacyInformation,,brocade.id,,,,,,,,,,,,,,,,,,,,,,,,,,,tg:mpmtk:28,brocade id,False,,,,,,,,,,,,,,,,,,,,,,,,,,,,,,,,,
,5edba65c-caf2-5dc7-9e43-46f5e4ddcb0a,,,,1,LegacyInformation,,brocade.url,,,,,,,,,,,,,,,,,,,,,,,,,,,https://anet.be/record/opacmpmobj/tg:mpmtk:28/N,brocade url,False,,,,,,,,,,,,,,,,,,,,,,,,,,,,,,,,,
,5edba65c-caf2-5dc7-9e43-46f5e4ddcb0a,,,,1,Marks,tg:mpmtk:28,,,,,,,,,,,,,,,,,,,,,,,,,,,,,,,Lotharius II Lotharingiae Rex,inscriptions,Nederlands,,,,,,,,,,,,,,,,,,,,,,,,,,,,,,
,5edba65c-caf2-5dc7-9e43-46f5e4ddcb0a,,,,2,Marks,tg:mpmtk:28,,,,,,,,,,,,,,,,,,,,,,,,,,,,,,,int cleijn boelerende wesende ionck ende wulps,inscriptions,Nederlands,,,,,,,,,,,,,,,,,,,,,,,,,,,,,,
,5edba65c-caf2-5dc7-9e43-46f5e4ddcb0a,,,,1,ObjectTypes,tg:mpmtk:28,kenmerken.mpmtypetk,,,,,,,tttek,,,,,,,,,,,,,,,,,,,,,,,,,,drawings (visual works),,,,,,,,,,,,,,,,,,,,,,,,,,,,,
,5edba65c-caf2-5dc7-9e43-46f5e4ddcb0a,,,,1,ProductionActors,tg:mpmtk:28,,,,,,,,,,,,,,,,,,,,,,,,,,,,,,,,,,,4d342113-9196-566e-a3b4-91c1c71efe07,,,,,,,,,,,,,au::108347,aantekenaar,,"dlod={""name"":""Schelte à Bolswert"",""ark"":""ark:/83110/x0/4d342113-9196-566e-a3b4-91c1c71efe07"",""uri"":""/agents/people/70770"",""id"":""au::108347"",""isCapacity"":false,""orgID"":""digipolis"",""suggestType"":""agent""}",ark:/83110/x0/4d342113-9196-566e-a3b4-91c1c71efe07,,,,,,,,,,,
,5edba65c-caf2-5dc7-9e43-46f5e4ddcb0a,,,,1,ProductionTechniques,tg:mpmtk:28,kenmerken/mpmtechbasistk.mpmtechtk,,,,,,,tpe,,,,,,,,,,,,,,,,,,,,,,,,,,,,,,,,,,,,,,,,,,,,,,,,,pens (drawing and writing implements),,,,,,
,5edba65c-caf2-5dc7-9e43-46f5e4ddcb0a,,,,,ProductionTimeSpans,tg:mpmtk:28,,,,,,,,,,,,,,,,,,,,,,,,,,,,,,,,,,,,,,,,,,,,,,,,,,,,,,,,,,1623,,,,,
,5edba65c-caf2-5dc7-9e43-46f5e4ddcb0a,,,,1,Titles,tg:mpmtk:28,id.title/ti,,,,,,,,,,,,,,,,,,,,,,,,,,,,,,,,,,,,,,,Ontwerptekening met het portret van Lotharius II van Lorreinen,titles proper,Dutch (language),,,,,,,,,,,,,,,,,,,,,
Tekeningen,6e00a7bd-8a35-5967-8fa7-543a30c85074,Museum Plantin-Moretus,https://data.museumplantinmoretus.be/ark:/11975/6e00a7bd-8a35-5967-8fa7-543a30c85074,object identifier,0,AA,,,,,,,,,,,,,,,,,,,,,,,,,,,,,,,,,,,,,,,,,,,,,,,,,,,,,,,,,,,,,,,,
,6e00a7bd-8a35-5967-8fa7-543a30c85074,,,,1,Carrier,tg:mpmtk:29,kenmerken.mpmdragertk,,,,,,,dpp,paper (fiber product),,,,,,,,,,,,,,,,,,,,,,,,,,,,,,,,,,,,,,,,,,,,,,,,,,,,,,
,6e00a7bd-8a35-5967-8fa7-543a30c85074,,,,1,Colours,tg:mpmtk:29,kenmerken/mpmtechbasistk.mpmkleur,,,,,,,kbr,,brown (color),,,,,,,,,,,,,,,,,,,,,,,,,,,,,,,,,,,,,,,,,,,,,,,,,,,,,
,6e00a7bd-8a35-5967-8fa7-543a30c85074,,,,1,DimensionSourceNotes,tg:mpmtk:29,kenmerken.mpmformattk,,,,,,,"22,4 x 15,6",,,,,,"22,4 x 15,6",,,,,,,,,,,,,,,,,,,,,,,,,,,,,,,,,,,,,,,,,,,,,,,,,
,6e00a7bd-8a35-5967-8fa7-543a30c85074,,,,,Dimensions,tg:mpmtk:29,kenmerken.mpmformattk,,,,,,,,,,224.0,hoogte,millimeter,,,,,,,,,,,,,,,,,,,,,,,,,,,,,,,,,,,,,,,,,,,,,,,,,,
,6e00a7bd-8a35-5967-8fa7-543a30c85074,,,,,Dimensions,tg:mpmtk:29,kenmerken.mpmformattk,,,,,,,,,,156.0,breedte,millimeter,,,,,,,,,,,,,,,,,,,,,,,,,,,,,,,,,,,,,,,,,,,,,,,,,,
,6e00a7bd-8a35-5967-8fa7-543a30c85074,,,,1,Items,tg:mpmtk:29,,,,,,,,,,,,,,,,,,,,,,,TK 237,10 K 1 K,,,,,,,,,,,,,,,,,,,,,,,,,,,,,,,,,,,,,,,
,6e00a7bd-8a35-5967-8fa7-543a30c85074,,,,1,LegacyInformation,,id.objectNumber,,,,,,,,,,,,,,,,,,,,,,,,,,,BE-ANN00/tk/000000013,referentienummer,False,,,,,,,,,,,,,,,,,,,,,,,,,,,,,,,,,
,6e00a7bd-8a35-5967-8fa7-543a30c85074,,,,1,LegacyInformation,,brocade.id,,,,,,,,,,,,,,,,,,,,,,,,,,,tg:mpmtk:29,brocade id,False,,,,,,,,,,,,,,,,,,,,,,,,,,,,,,,,,
,6e00a7bd-8a35-5967-8fa7-543a30c85074,,,,1,LegacyInformation,,brocade.url,,,,,,,,,,,,,,,,,,,,,,,,,,,https://anet.be/record/opacmpmobj/tg:mpmtk:29/N,brocade url,False,,,,,,,,,,,,,,,,,,,,,,,,,,,,,,,,,
,6e00a7bd-8a35-5967-8fa7-543a30c85074,,,,1,Marks,tg:mpmtk:29,,,,,,,,,,,,,,,,,,,,,,,,,,,,,,,Ludovicus et Carlomannus Lothar. Reges/ XIII. Brabantiae Principes,inscriptions,Nederlands,,,,,,,,,,,,,,,,,,,,,,,,,,,,,,
,6e00a7bd-8a35-5967-8fa7-543a30c85074,,,,1,ObjectTypes,tg:mpmtk:29,kenmerken.mpmtypetk,,,,,,,tttek,,,,,,,,,,,,,,,,,,,,,,,,,,drawings (visual works),,,,,,,,,,,,,,,,,,,,,,,,,,,,,
,6e00a7bd-8a35-5967-8fa7-543a30c85074,,,,1,ProductionActors,tg:mpmtk:29,,,,,,,,,,,,,,,,,,,,,,,,,,,,,,,,,,,4d342113-9196-566e-a3b4-91c1c71efe07,,,,,,,,,,,,,au::108347,aantekenaar,,"dlod={""name"":""Schelte à Bolswert"",""ark"":""ark:/83110/x0/4d342113-9196-566e-a3b4-91c1c71efe07"",""uri"":""/agents/people/70770"",""id"":""au::108347"",""isCapacity"":false,""orgID"":""digipolis"",""suggestType"":""agent""}",ark:/83110/x0/4d342113-9196-566e-a3b4-91c1c71efe07,,,,,,,,,,,
,6e00a7bd-8a35-5967-8fa7-543a30c85074,,,,1,ProductionTechniques,tg:mpmtk:29,kenmerken/mpmtechbasistk.mpmtechtk,,,,,,,tpe,,,,,,,,,,,,,,,,,,,,,,,,,,,,,,,,,,,,,,,,,,,,,,,,,pens (drawing and writing implements),,,,,,
,6e00a7bd-8a35-5967-8fa7-543a30c85074,,,,,ProductionTimeSpans,tg:mpmtk:29,,,,,,,,,,,,,,,,,,,,,,,,,,,,,,,,,,,,,,,,,,,,,,,,,,,,,,,,,,1623,,,,,
,6e00a7bd-8a35-5967-8fa7-543a30c85074,,,,1,Titles,tg:mpmtk:29,id.title/ti,,,,,,,,,,,,,,,,,,,,,,,,,,,,,,,,,,,,,,,Ontwerptekening voor het portret van Lodewijk en Karloman van Lorreinen,titles proper,Dutch (language),,,,,,,,,,,,,,,,,,,,,
Tekeningen,7179bdd9-690d-53ab-a1bf-99848c8138b2,Museum Plantin-Moretus,https://data.museumplantinmoretus.be/ark:/11975/7179bdd9-690d-53ab-a1bf-99848c8138b2,object identifier,0,AA,,,,,,,,,,,,,,,,,,,,,,,,,,,,,,,,,,,,,,,,,,,,,,,,,,,,,,,,,,,,,,,,
,7179bdd9-690d-53ab-a1bf-99848c8138b2,,,,2,Annotations,tg:mpmtk:36,note.mpmalg,Op de keerzijde aantekeningen van Balthasar Moretus en Lobkowitz,Nederlands,remarks,,,,,,,,,,,,,,,,,,,,,,,,,,,,,,,,,,,,,,,,,,,,,,,,,,,,,,,,,,,
,7179bdd9-690d-53ab-a1bf-99848c8138b2,,,,1,Carrier,tg:mpmtk:36,kenmerken.mpmdragertk,,,,,,,dpp,paper (fiber product),,,,,,,,,,,,,,,,,,,,,,,,,,,,,,,,,,,,,,,,,,,,,,,,,,,,,,
,7179bdd9-690d-53ab-a1bf-99848c8138b2,,,,1,DimensionSourceNotes,tg:mpmtk:36,kenmerken.mpmformattk,,,,,,,29 x 18,,,,,,29 x 18,,,,,,,,,,,,,,,,,,,,,,,,,,,,,,,,,,,,,,,,,,,,,,,,,
,7179bdd9-690d-53ab-a1bf-99848c8138b2,,,,,Dimensions,tg:mpmtk:36,kenmerken.mpmformattk,,,,,,,,,,290.0,hoogte,millimeter,,,,,,,,,,,,,,,,,,,,,,,,,,,,,,,,,,,,,,,,,,,,,,,,,,
,7179bdd9-690d-53ab-a1bf-99848c8138b2,,,,,Dimensions,tg:mpmtk:36,kenmerken.mpmformattk,,,,,,,,,,180.0,breedte,millimeter,,,,,,,,,,,,,,,,,,,,,,,,,,,,,,,,,,,,,,,,,,,,,,,,,,
,7179bdd9-690d-53ab-a1bf-99848c8138b2,,,,1,ExternalRelations,tg:mpmtk:36,,,,,,,,,,,,,,,ontwerp voor,https://anet.be/record/mpm/opacmpm/c:lvd:517673,zie verder bibliotheekcatalogus Museum Plantin Moretus,,,,,,,,,,,,,,,,,,,,,,,,,,,,,,,,,,,,,,,,,,,,,,
,7179bdd9-690d-53ab-a1bf-99848c8138b2,,,,1,Images,tg:mpmtk:36,ill.lowres,,,,,,,,,,,,,,,,,,,,https://anet.be/docstore/d:mpmdoc:1098,Lage resolutie,,,,,,,,,,,,,,,,,,,,,,,,,,,,,,,,,,,,,,,,,
,7179bdd9-690d-53ab-a1bf-99848c8138b2,,,,1,Items,tg:mpmtk:36,,,,,,,,,,,,,,,,,,,,,,,TK 270,10 K 1 H,,,,,,,,,,,,,,,,,,,,,,,,,,,,,,,,,,,,,,,
,7179bdd9-690d-53ab-a1bf-99848c8138b2,,,,1,LegacyInformation,,id.objectNumber,,,,,,,,,,,,,,,,,,,,,,,,,,,BE-ANN00/tk/000000019,referentienummer,False,,,,,,,,,,,,,,,,,,,,,,,,,,,,,,,,,
,7179bdd9-690d-53ab-a1bf-99848c8138b2,,,,1,LegacyInformation,,brocade.id,,,,,,,,,,,,,,,,,,,,,,,,,,,tg:mpmtk:36,brocade id,False,,,,,,,,,,,,,,,,,,,,,,,,,,,,,,,,,
,7179bdd9-690d-53ab-a1bf-99848c8138b2,,,,1,LegacyInformation,,brocade.url,,,,,,,,,,,,,,,,,,,,,,,,,,,https://anet.be/record/opacmpmobj/tg:mpmtk:36/N,brocade url,False,,,,,,,,,,,,,,,,,,,,,,,,,,,,,,,,,
,7179bdd9-690d-53ab-a1bf-99848c8138b2,,,,1,Marks,tg:mpmtk:36,,,,,,,,,,,,,,,,,,,,,,,,,,,,,,,Erasmus Quellinius delin.,signatures (names),Nederlands,,,,,,,,,,,,,,,,,,,,,,,,,,,,,,
,7179bdd9-690d-53ab-a1bf-99848c8138b2,,,,1,ObjectTypes,tg:mpmtk:36,kenmerken.mpmtypetk,,,,,,,tttek,,,,,,,,,,,,,,,,,,,,,,,,,,drawings (visual works),,,,,,,,,,,,,,,,,,,,,,,,,,,,,
,7179bdd9-690d-53ab-a1bf-99848c8138b2,,,,1,ProductionActors,tg:mpmtk:36,,,,,,,,,,,,,,,,,,,,,,,,,,,,,,,,,,,0dd77f3c-9f4b-591f-96e2-8ae1e7a757d0,,,,,,,,,,,,,au::15342,artists (visual artists),,"dlod={""name"":""Erasmus II Quellinus"",""ark"":""ark:/83110/x0/0dd77f3c-9f4b-591f-96e2-8ae1e7a757d0"",""uri"":""/agents/people/77046"",""id"":""au::15342"",""isCapacity"":false,""orgID"":""digipolis"",""suggestType"":""agent""}",ark:/83110/x0/0dd77f3c-9f4b-591f-96e2-8ae1e7a757d0,,,,,,,,,,,
,7179bdd9-690d-53ab-a1bf-99848c8138b2,,,,1,ProductionTechniques,tg:mpmtk:36,kenmerken/mpmtechbasistk.mpmtechtk,,,,,,,tpe,,,,,,,,,,,,,,,,,,,,,,,,,,,,,,,,,,,,,,,,,,,,,,,,,pens (drawing and writing implements),,,,,,
,7179bdd9-690d-53ab-a1bf-99848c8138b2,,,,,ProductionTimeSpans,tg:mpmtk:36,,,,,,,,,,,,,,,,,,,,,,,,,,,,,,,,,,,,,,,,,,,,,,,,,,,,,,,,,,1638,1639,,,,
,7179bdd9-690d-53ab-a1bf-99848c8138b2,,,,1,Titles,tg:mpmtk:36,id.title/ti,,,,,,,,,,,,,,,,,,,,,,,,,,,,,,,,,,,,,,,"Ontwerp voor de titelpagina van Joannes Caramuel Lobkowitz, Philippus prudens",titles proper,Dutch (language),,,,,,,,,,,,,,,,,,,,,
,7179bdd9-690d-53ab-a1bf-99848c8138b2,,,,1,VisualContent,tg:mpmtk:36,,,,,,,,,,,,,,,,,,,,,,,,,,,,,,,,,,,0dd77f3c-9f4b-591f-96e2-8ae1e7a757d0,,,,,,,,au::15342,artists (visual artists),,"dlod={""name"":""Erasmus II Quellinus"",""ark"":""ark:/83110/x0/0dd77f3c-9f4b-591f-96e2-8ae1e7a757d0"",""uri"":""/agents/people/77046"",""id"":""au::15342"",""isCapacity"":false,""orgID"":""digipolis"",""suggestType"":""agent""}",ark:/83110/x0/0dd77f3c-9f4b-591f-96e2-8ae1e7a757d0,,,,,,,,,,,,,,,,
Tekeningen,74b9c944-ebb8-5b59-8018-fd6f0bdd6a26,Museum Plantin-Moretus,https://data.museumplantinmoretus.be/ark:/11975/74b9c944-ebb8-5b59-8018-fd6f0bdd6a26,object identifier,0,AA,,,,,,,,,,,,,,,,,,,,,,,,,,,,,,,,,,,,,,,,,,,,,,,,,,,,,,,,,,,,,,,,
,74b9c944-ebb8-5b59-8018-fd6f0bdd6a26,,,,1,Carrier,tg:mpmtk:37,kenmerken.mpmdragertk,,,,,,,dpp,paper (fiber product),,,,,,,,,,,,,,,,,,,,,,,,,,,,,,,,,,,,,,,,,,,,,,,,,,,,,,
,74b9c944-ebb8-5b59-8018-fd6f0bdd6a26,,,,1,DimensionSourceNotes,tg:mpmtk:37,kenmerken.mpmformattk,,,,,,,"26,5 x 20,5",,,,,,"26,5 x 20,5",,,,,,,,,,,,,,,,,,,,,,,,,,,,,,,,,,,,,,,,,,,,,,,,,
,74b9c944-ebb8-5b59-8018-fd6f0bdd6a26,,,,,Dimensions,tg:mpmtk:37,kenmerken.mpmformattk,,,,,,,,,,265.0,hoogte,millimeter,,,,,,,,,,,,,,,,,,,,,,,,,,,,,,,,,,,,,,,,,,,,,,,,,,
,74b9c944-ebb8-5b59-8018-fd6f0bdd6a26,,,,,Dimensions,tg:mpmtk:37,kenmerken.mpmformattk,,,,,,,,,,205.0,breedte,millimeter,,,,,,,,,,,,,,,,,,,,,,,,,,,,,,,,,,,,,,,,,,,,,,,,,,
,74b9c944-ebb8-5b59-8018-fd6f0bdd6a26,,,,1,ExternalRelations,tg:mpmtk:37,,,,,,,,,,,,,,,ontwerp voor,https://anet.be/record/mpm/opacmpm/c:lvd:517673,zie verder bibliotheekcatalogus Museum Plantin Moretus,,,,,,,,,,,,,,,,,,,,,,,,,,,,,,,,,,,,,,,,,,,,,,
,74b9c944-ebb8-5b59-8018-fd6f0bdd6a26,,,,1,Images,tg:mpmtk:37,ill.lowres,,,,,,,,,,,,,,,,,,,,https://anet.be/docstore/d:mpmdoc:1099,Lage resolutie,,,,,,,,,,,,,,,,,,,,,,,,,,,,,,,,,,,,,,,,,
,74b9c944-ebb8-5b59-8018-fd6f0bdd6a26,,,,1,Items,tg:mpmtk:37,,,,,,,,,,,,,,,,,,,,,,,TK 269,10 K 1 H,,,,,,,,,,,,,,,,,,,,,,,,,,,,,,,,,,,,,,,
,74b9c944-ebb8-5b59-8018-fd6f0bdd6a26,,,,1,LegacyInformation,,id.objectNumber,,,,,,,,,,,,,,,,,,,,,,,,,,,BE-ANN00/tk/000000020,referentienummer,False,,,,,,,,,,,,,,,,,,,,,,,,,,,,,,,,,
,74b9c944-ebb8-5b59-8018-fd6f0bdd6a26,,,,1,LegacyInformation,,brocade.id,,,,,,,,,,,,,,,,,,,,,,,,,,,tg:mpmtk:37,brocade id,False,,,,,,,,,,,,,,,,,,,,,,,,,,,,,,,,,
,74b9c944-ebb8-5b59-8018-fd6f0bdd6a26,,,,1,LegacyInformation,,brocade.url,,,,,,,,,,,,,,,,,,,,,,,,,,,https://anet.be/record/opacmpmobj/tg:mpmtk:37/N,brocade url,False,,,,,,,,,,,,,,,,,,,,,,,,,,,,,,,,,
,74b9c944-ebb8-5b59-8018-fd6f0bdd6a26,,,,1,ObjectTypes,tg:mpmtk:37,kenmerken.mpmtypetk,,,,,,,tttek,,,,,,,,,,,,,,,,,,,,,,,,,,drawings (visual works),,,,,,,,,,,,,,,,,,,,,,,,,,,,,
,74b9c944-ebb8-5b59-8018-fd6f0bdd6a26,,,,1,ProductionActors,tg:mpmtk:37,,,,,,,,,,,,,,,,,,,,,,,,,,,,,,,,,,,0dd77f3c-9f4b-591f-96e2-8ae1e7a757d0,,,,,,,,,,,,,au::15342,artists (visual artists),,"dlod={""name"":""Erasmus II Quellinus"",""ark"":""ark:/83110/x0/0dd77f3c-9f4b-591f-96e2-8ae1e7a757d0"",""uri"":""/agents/people/77046"",""id"":""au::15342"",""isCapacity"":false,""orgID"":""digipolis"",""suggestType"":""agent""}",ark:/83110/x0/0dd77f3c-9f4b-591f-96e2-8ae1e7a757d0,,,,,,,,,,,
,74b9c944-ebb8-5b59-8018-fd6f0bdd6a26,,,,1,ProductionTechniques,tg:mpmtk:37,kenmerken/mpmtechbasistk.mpmtechtk,,,,,,,tpe,,,,,,,,,,,,,,,,,,,,,,,,,,,,,,,,,,,,,,,,,,,,,,,,,pens (drawing and writing implements),,,,,,
,74b9c944-ebb8-5b59-8018-fd6f0bdd6a26,,,,,ProductionTimeSpans,tg:mpmtk:37,,,,,,,,,,,,,,,,,,,,,,,,,,,,,,,,,,,,,,,,,,,,,,,,,,,,,,,,,,1638,1639,,,,
,74b9c944-ebb8-5b59-8018-fd6f0bdd6a26,,,,1,Titles,tg:mpmtk:37,id.title/ti,,,,,,,,,,,,,,,,,,,,,,,,,,,,,,,,,,,,,,,"Illustratie voor Joannes Caramuel Lobkowitz, Philippus prudens",titles proper,Dutch (language),,,,,,,,,,,,,,,,,,,,,
,74b9c944-ebb8-5b59-8018-fd6f0bdd6a26,,,,1,VisualContent,tg:mpmtk:37,,,,,,,,,,,,,,,,,,,,,,,,,,,,,,,,,,,0dd77f3c-9f4b-591f-96e2-8ae1e7a757d0,,,,,,,,au::15342,artists (visual artists),,"dlod={""name"":""Erasmus II Quellinus"",""ark"":""ark:/83110/x0/0dd77f3c-9f4b-591f-96e2-8ae1e7a757d0"",""uri"":""/agents/people/77046"",""id"":""au::15342"",""isCapacity"":false,""orgID"":""digipolis"",""suggestType"":""agent""}",ark:/83110/x0/0dd77f3c-9f4b-591f-96e2-8ae1e7a757d0,,,,,,,,,,,,,,,,
Tekeningen,7dc335bd-9eef-53fc-a51a-5d83bf6ee9b7,Museum Plantin-Moretus,https://data.museumplantinmoretus.be/ark:/11975/7dc335bd-9eef-53fc-a51a-5d83bf6ee9b7,object identifier,0,AA,,,,,,,,,,,,,,,,,,,,,,,,,,,,,,,,,,,,,,,,,,,,,,,,,,,,,,,,,,,,,,,,
,7dc335bd-9eef-53fc-a51a-5d83bf6ee9b7,,,,1,Carrier,tg:mpmtk:27,kenmerken.mpmdragertk,,,,,,,dpp,paper (fiber product),,,,,,,,,,,,,,,,,,,,,,,,,,,,,,,,,,,,,,,,,,,,,,,,,,,,,,
,7dc335bd-9eef-53fc-a51a-5d83bf6ee9b7,,,,1,Colours,tg:mpmtk:27,kenmerken/mpmtechbasistk.mpmkleur,,,,,,,kbr,,brown (color),,,,,,,,,,,,,,,,,,,,,,,,,,,,,,,,,,,,,,,,,,,,,,,,,,,,,
,7dc335bd-9eef-53fc-a51a-5d83bf6ee9b7,,,,1,DimensionSourceNotes,tg:mpmtk:27,kenmerken.mpmformattk,,,,,,,12 x 17,,,,,,12 x 17,,,,,,,,,,,,,,,,,,,,,,,,,,,,,,,,,,,,,,,,,,,,,,,,,
,7dc335bd-9eef-53fc-a51a-5d83bf6ee9b7,,,,,Dimensions,tg:mpmtk:27,kenmerken.mpmformattk,,,,,,,,,,120.0,hoogte,millimeter,,,,,,,,,,,,,,,,,,,,,,,,,,,,,,,,,,,,,,,,,,,,,,,,,,
,7dc335bd-9eef-53fc-a51a-5d83bf6ee9b7,,,,,Dimensions,tg:mpmtk:27,kenmerken.mpmformattk,,,,,,,,,,170.0,breedte,millimeter,,,,,,,,,,,,,,,,,,,,,,,,,,,,,,,,,,,,,,,,,,,,,,,,,,
,7dc335bd-9eef-53fc-a51a-5d83bf6ee9b7,,,,1,ExternalRelations,tg:mpmtk:27,,,,,,,,,,,,,,,gerelateerde publicatie,https://anet.be/record/mpm/opacmpm/c:lvd:239025,zie verder bibliotheekcatalogus Museum Plantin Moretus,"nr. 73a, p. 270-271",Nederlands,remarks,,,,,,,,,,,,,,,,,,,,,,,,,,,,,,,,,,,,,,,,,,,
,7dc335bd-9eef-53fc-a51a-5d83bf6ee9b7,,,,2,ExternalRelations,tg:mpmtk:27,,,,,,,,,,,,,,,ontwerp voor,https://anet.be/record/mpm/opacmpm/c:lvd:494695,zie verder bibliotheekcatalogus Museum Plantin Moretus,,,,,,,,,,,,,,,,,,,,,,,,,,,,,,,,,,,,,,,,,,,,,,
,7dc335bd-9eef-53fc-a51a-5d83bf6ee9b7,,,,1,Images,tg:mpmtk:27,ill.lowres,,,,,,,,,,,,,,,,,,,,https://anet.be/docstore/d:mpmdoc:43,Lage resolutie,,,,,,,,,,,,,,,,,,,,,,,,,,,,,,,,,,,,,,,,,
,7dc335bd-9eef-53fc-a51a-5d83bf6ee9b7,,,,1,Items,tg:mpmtk:27,,,,,,,,,,,,,,,,,,,,,,,TK 389,10 K 1 G,,,,,,,,,,,,,,,,,,,,,,,,,,,,,,,,,,,,,,,
,7dc335bd-9eef-53fc-a51a-5d83bf6ee9b7,,,,1,LegacyInformation,,id.objectNumber,,,,,,,,,,,,,,,,,,,,,,,,,,,BE-ANN00/tk/000000011,referentienummer,False,,,,,,,,,,,,,,,,,,,,,,,,,,,,,,,,,
,7dc335bd-9eef-53fc-a51a-5d83bf6ee9b7,,,,1,LegacyInformation,,brocade.id,,,,,,,,,,,,,,,,,,,,,,,,,,,tg:mpmtk:27,brocade id,False,,,,,,,,,,,,,,,,,,,,,,,,,,,,,,,,,
,7dc335bd-9eef-53fc-a51a-5d83bf6ee9b7,,,,1,LegacyInformation,,brocade.url,,,,,,,,,,,,,,,,,,,,,,,,,,,https://anet.be/record/opacmpmobj/tg:mpmtk:27/N,brocade url,False,,,,,,,,,,,,,,,,,,,,,,,,,,,,,,,,,
,7dc335bd-9eef-53fc-a51a-5d83bf6ee9b7,,,,1,Marks,tg:mpmtk:27,,,,,,,,,,,,,,,,,,,,,,,,,,,,,,,Nota quod Musa / habeat Pennam / in capite qua / differt ab Apolline,inscriptions,Nederlands,,,,,,,,,,,,,,,,,,,,,,,,,,,,,,
,7dc335bd-9eef-53fc-a51a-5d83bf6ee9b7,,,,2,Marks,tg:mpmtk:27,,,,,,,,,,,,,,,,,,,,,,,,,,,,,,,"Habes hic Musam sive Poesim cum Minerva seu Virtute / forma Hermatenis coniunctam nam musam pro Mercurio / apposui quod pluribus exemplis licet, nescio an tibi meum commentum / placebit ego certo mihi hoc invento valde placeo / ne dicam gratulor",inscriptions,Nederlands,,,,,,,,,,,,,,,,,,,,,,,,,,,,,,
,7dc335bd-9eef-53fc-a51a-5d83bf6ee9b7,,,,1,ObjectTypes,tg:mpmtk:27,kenmerken.mpmtypetk,,,,,,,tttek,,,,,,,,,,,,,,,,,,,,,,,,,,drawings (visual works),,,,,,,,,,,,,,,,,,,,,,,,,,,,,
,7dc335bd-9eef-53fc-a51a-5d83bf6ee9b7,,,,1,ProductionActors,tg:mpmtk:27,,,,,,,,,,,,,,,,,,,,,,,,,,,,,,,,,,,256eaded-a15e-57cd-83e0-8cf4eba910ee,,,,,,,,,,,,,au::16151,artists (visual artists),,"dlod={""name"":""Peter Paul Rubens"",""ark"":""ark:/83110/x0/256eaded-a15e-57cd-83e0-8cf4eba910ee"",""uri"":""/agents/people/53275"",""id"":""au::16151"",""isCapacity"":false,""orgID"":""digipolis"",""suggestType"":""agent""}",ark:/83110/x0/256eaded-a15e-57cd-83e0-8cf4eba910ee,,,,,,,,,,,
,7dc335bd-9eef-53fc-a51a-5d83bf6ee9b7,,,,1,ProductionTechniques,tg:mpmtk:27,kenmerken/mpmtechbasistk.mpmtechtk,,,,,,,tpe,,,,,,,,,,,,,,,,,,,,,,,,,,,,,,,,,,,,,,,,,,,,,,,,,pens (drawing and writing implements),,,,,,
,7dc335bd-9eef-53fc-a51a-5d83bf6ee9b7,,,,,ProductionTimeSpans,tg:mpmtk:27,,,,,,,,,,,,,,,,,,,,,,,,,,,,,,,,,,,,,,,,,,,,,,,,,,,,,,,,,,1634,,,,,
,7dc335bd-9eef-53fc-a51a-5d83bf6ee9b7,,,,1,Titles,tg:mpmtk:27,id.title/ti,,,,,,,,,,,,,,,,,,,,,,,,,,,,,,,,,,,,,,,"Ontwerp voor de titelpagina van Bauhusius, Epigrammata",titles proper,Dutch (language),,,,,,,,,,,,,,,,,,,,,
,7dc335bd-9eef-53fc-a51a-5d83bf6ee9b7,,,,1,VisualContent,tg:mpmtk:27,,,,,,,,,,,,,,,,,,,,,,,,,,,,,,,,,,,256eaded-a15e-57cd-83e0-8cf4eba910ee,,,,,,,,au::16151,artists (visual artists),,"dlod={""name"":""Peter Paul Rubens"",""ark"":""ark:/83110/x0/256eaded-a15e-57cd-83e0-8cf4eba910ee"",""uri"":""/agents/people/53275"",""id"":""au::16151"",""isCapacity"":false,""orgID"":""digipolis"",""suggestType"":""agent""}",ark:/83110/x0/256eaded-a15e-57cd-83e0-8cf4eba910ee,,,,,,,,,,,,,,,,
Tekeningen,8386be2c-d073-50f9-b5c8-923ae1460715,Museum Plantin-Moretus,https://data.museumplantinmoretus.be/ark:/11975/8386be2c-d073-50f9-b5c8-923ae1460715,object identifier,0,AA,,,,,,,,,,,,,,,,,,,,,,,,,,,,,,,,,,,,,,,,,,,,,,,,,,,,,,,,,,,,,,,,
,8386be2c-d073-50f9-b5c8-923ae1460715,,,,1,Carrier,tg:mpmtk:39,kenmerken.mpmdragertk,,,,,,,dpp,paper (fiber product),,,,,,,,,,,,,,,,,,,,,,,,,,,,,,,,,,,,,,,,,,,,,,,,,,,,,,
,8386be2c-d073-50f9-b5c8-923ae1460715,,,,1,Colours,tg:mpmtk:39,kenmerken/mpmtechbasistk.mpmkleur,,,,,,,kbr,,brown (color),,,,,,,,,,,,,,,,,,,,,,,,,,,,,,,,,,,,,,,,,,,,,,,,,,,,,
,8386be2c-d073-50f9-b5c8-923ae1460715,,,,1,DimensionSourceNotes,tg:mpmtk:39,kenmerken.mpmformattk,,,,,,,18 x 14,,,,,,18 x 14,,,,,,,,,,,,,,,,,,,,,,,,,,,,,,,,,,,,,,,,,,,,,,,,,
,8386be2c-d073-50f9-b5c8-923ae1460715,,,,,Dimensions,tg:mpmtk:39,kenmerken.mpmformattk,,,,,,,,,,180.0,hoogte,millimeter,,,,,,,,,,,,,,,,,,,,,,,,,,,,,,,,,,,,,,,,,,,,,,,,,,
,8386be2c-d073-50f9-b5c8-923ae1460715,,,,,Dimensions,tg:mpmtk:39,kenmerken.mpmformattk,,,,,,,,,,140.0,breedte,millimeter,,,,,,,,,,,,,,,,,,,,,,,,,,,,,,,,,,,,,,,,,,,,,,,,,,
,8386be2c-d073-50f9-b5c8-923ae1460715,,,,1,ExternalRelations,tg:mpmtk:39,,,,,,,,,,,,,,,ontwerp voor,https://anet.be/record/mpm/opacmpm/c:lvd:268004,zie verder bibliotheekcatalogus Museum Plantin Moretus,,,,,,,,,,,,,,,,,,,,,,,,,,,,,,,,,,,,,,,,,,,,,,
,8386be2c-d073-50f9-b5c8-923ae1460715,,,,1,Images,tg:mpmtk:39,ill.lowres,,,,,,,,,,,,,,,,,,,,https://anet.be/docstore/d:mpmdoc:1102,Lage resolutie,,,,,,,,,,,,,,,,,,,,,,,,,,,,,,,,,,,,,,,,,
,8386be2c-d073-50f9-b5c8-923ae1460715,,,,1,Items,tg:mpmtk:39,,,,,,,,,,,,,,,,,,,,,,,TK 388,10 K 1 G,,,,,,,,,,,,,,,,,,,,,,,,,,,,,,,,,,,,,,,
,8386be2c-d073-50f9-b5c8-923ae1460715,,,,1,LegacyInformation,,id.objectNumber,,,,,,,,,,,,,,,,,,,,,,,,,,,BE-ANN00/tk/000000022,referentienummer,False,,,,,,,,,,,,,,,,,,,,,,,,,,,,,,,,,
,8386be2c-d073-50f9-b5c8-923ae1460715,,,,1,LegacyInformation,,brocade.id,,,,,,,,,,,,,,,,,,,,,,,,,,,tg:mpmtk:39,brocade id,False,,,,,,,,,,,,,,,,,,,,,,,,,,,,,,,,,
,8386be2c-d073-50f9-b5c8-923ae1460715,,,,1,LegacyInformation,,brocade.url,,,,,,,,,,,,,,,,,,,,,,,,,,,https://anet.be/record/opacmpmobj/tg:mpmtk:39/N,brocade url,False,,,,,,,,,,,,,,,,,,,,,,,,,,,,,,,,,
,8386be2c-d073-50f9-b5c8-923ae1460715,,,,1,Marks,tg:mpmtk:39,,,,,,,,,,,,,,,,,,,,,,,,,,,,,,,"Ara, Patera et Simpulum Pietatem / Religionem et Sacra indicent / Lira et Hederacea Corona Poesim",inscriptions,Nederlands,,,,,,,,,,,,,,,,,,,,,,,,,,,,,,
,8386be2c-d073-50f9-b5c8-923ae1460715,,,,1,ObjectTypes,tg:mpmtk:39,kenmerken.mpmtypetk,,,,,,,tttek,,,,,,,,,,,,,,,,,,,,,,,,,,drawings (visual works),,,,,,,,,,,,,,,,,,,,,,,,,,,,,
,8386be2c-d073-50f9-b5c8-923ae1460715,,,,1,ProductionActors,tg:mpmtk:39,,,,,,,,,,,,,,,,,,,,,,,,,,,,,,,,,,,256eaded-a15e-57cd-83e0-8cf4eba910ee,,,,,,,,,,,,,au::16151,artists (visual artists),,"dlod={""name"":""Peter Paul Rubens"",""ark"":""ark:/83110/x0/256eaded-a15e-57cd-83e0-8cf4eba910ee"",""uri"":""/agents/people/53275"",""id"":""au::16151"",""isCapacity"":false,""orgID"":""digipolis"",""suggestType"":""agent""}",ark:/83110/x0/256eaded-a15e-57cd-83e0-8cf4eba910ee,,,,,,,,,,,
,8386be2c-d073-50f9-b5c8-923ae1460715,,,,1,ProductionTechniques,tg:mpmtk:39,kenmerken/mpmtechbasistk.mpmtechtk,,,,,,,tpe,,,,,,,,,,,,,,,,,,,,,,,,,,,,,,,,,,,,,,,,,,,,,,,,,pens (drawing and writing implements),,,,,,
,8386be2c-d073-50f9-b5c8-923ae1460715,,,,,ProductionTimeSpans,tg:mpmtk:39,,,,,,,,,,,,,,,,,,,,,,,,,,,,,,,,,,,,,,,,,,,,,,,,,,,,,,,,,,1634,,,,,
,8386be2c-d073-50f9-b5c8-923ae1460715,,,,1,Titles,tg:mpmtk:39,id.title/ti,,,,,,,,,,,,,,,,,,,,,,,,,,,,,,,,,,,,,,,"Ontwerp voor de titelpagina van Jacobus Bidermannus, Heroum epistolae",titles proper,Dutch (language),,,,,,,,,,,,,,,,,,,,,
,8386be2c-d073-50f9-b5c8-923ae1460715,,,,1,VisualContent,tg:mpmtk:39,,,,,,,,,,,,,,,,,,,,,,,,,,,,,,,,,,,256eaded-a15e-57cd-83e0-8cf4eba910ee,,,,,,,,au::16151,artists (visual artists),,"dlod={""name"":""Peter Paul Rubens"",""ark"":""ark:/83110/x0/256eaded-a15e-57cd-83e0-8cf4eba910ee"",""uri"":""/agents/people/53275"",""id"":""au::16151"",""isCapacity"":false,""orgID"":""digipolis"",""suggestType"":""agent""}",ark:/83110/x0/256eaded-a15e-57cd-83e0-8cf4eba910ee,,,,,,,,,,,,,,,,
Tekeningen,92b6bc82-97d3-511b-b41e-09c0ea48083e,Museum Plantin-Moretus,https://data.museumplantinmoretus.be/ark:/11975/92b6bc82-97d3-511b-b41e-09c0ea48083e,object identifier,0,AA,,,,,,,,,,,,,,,,,,,,,,,,,,,,,,,,,,,,,,,,,,,,,,,,,,,,,,,,,,,,,,,,
,92b6bc82-97d3-511b-b41e-09c0ea48083e,,,,1,Carrier,tg:mpmtk:31,kenmerken.mpmdragertk,,,,,,,dpp,paper (fiber product),,,,,,,,,,,,,,,,,,,,,,,,,,,,,,,,,,,,,,,,,,,,,,,,,,,,,,
,92b6bc82-97d3-511b-b41e-09c0ea48083e,,,,1,Colours,tg:mpmtk:31,kenmerken/mpmtechaanvtk.mpmkleur,,,,,,,kbr,,brown (color),,,,,,,,,,,,,,,,,,,,,,,,,,,,,,,,,,,,,,,,,,,,,,,,,,,,,
,92b6bc82-97d3-511b-b41e-09c0ea48083e,,,,1,Colours,tg:mpmtk:31,kenmerken/mpmtechbasistk.mpmkleur,,,,,,,kbr,,brown (color),,,,,,,,,,,,,,,,,,,,,,,,,,,,,,,,,,,,,,,,,,,,,,,,,,,,,
,92b6bc82-97d3-511b-b41e-09c0ea48083e,,,,1,DimensionSourceNotes,tg:mpmtk:31,kenmerken.mpmformattk,,,,,,,20 x 28,,,,,,20 x 28,,,,,,,,,,,,,,,,,,,,,,,,,,,,,,,,,,,,,,,,,,,,,,,,,
,92b6bc82-97d3-511b-b41e-09c0ea48083e,,,,,Dimensions,tg:mpmtk:31,kenmerken.mpmformattk,,,,,,,,,,200.0,hoogte,millimeter,,,,,,,,,,,,,,,,,,,,,,,,,,,,,,,,,,,,,,,,,,,,,,,,,,
,92b6bc82-97d3-511b-b41e-09c0ea48083e,,,,,Dimensions,tg:mpmtk:31,kenmerken.mpmformattk,,,,,,,,,,280.0,breedte,millimeter,,,,,,,,,,,,,,,,,,,,,,,,,,,,,,,,,,,,,,,,,,,,,,,,,,
,92b6bc82-97d3-511b-b41e-09c0ea48083e,,,,1,ExternalRelations,tg:mpmtk:31,,,,,,,,,,,,,,,gerelateerde publicatie,https://anet.be/record/mpm/opacmpm/c:lvd:389068,zie verder bibliotheekcatalogus Museum Plantin Moretus,titelpagina vol. 2-4,Nederlands,remarks,,,,,,,,,,,,,,,,,,,,,,,,,,,,,,,,,,,,,,,,,,,
,92b6bc82-97d3-511b-b41e-09c0ea48083e,,,,1,Images,tg:mpmtk:31,ill.lowres,,,,,,,,,,,,,,,,,,,,https://anet.be/docstore/d:mpmdoc:1100,Lage resolutie,,,,,,,,,,,,,,,,,,,,,,,,,,,,,,,,,,,,,,,,,
,92b6bc82-97d3-511b-b41e-09c0ea48083e,,,,1,Items,tg:mpmtk:31,,,,,,,,,,,,,,,,,,,,,,,TK 391,10 K 1 G,,,,,,,,,,,,,,,,,,,,,,,,,,,,,,,,,,,,,,,
,92b6bc82-97d3-511b-b41e-09c0ea48083e,,,,1,LegacyInformation,,id.objectNumber,,,,,,,,,,,,,,,,,,,,,,,,,,,BE-ANN00/tk/000000014,referentienummer,False,,,,,,,,,,,,,,,,,,,,,,,,,,,,,,,,,
,92b6bc82-97d3-511b-b41e-09c0ea48083e,,,,1,LegacyInformation,,brocade.id,,,,,,,,,,,,,,,,,,,,,,,,,,,tg:mpmtk:31,brocade id,False,,,,,,,,,,,,,,,,,,,,,,,,,,,,,,,,,
,92b6bc82-97d3-511b-b41e-09c0ea48083e,,,,1,LegacyInformation,,brocade.url,,,,,,,,,,,,,,,,,,,,,,,,,,,https://anet.be/record/opacmpmobj/tg:mpmtk:31/N,brocade url,False,,,,,,,,,,,,,,,,,,,,,,,,,,,,,,,,,
,92b6bc82-97d3-511b-b41e-09c0ea48083e,,,,1,ObjectTypes,tg:mpmtk:31,kenmerken.mpmtypetk,,,,,,,tttek,,,,,,,,,,,,,,,,,,,,,,,,,,drawings (visual works),,,,,,,,,,,,,,,,,,,,,,,,,,,,,
,92b6bc82-97d3-511b-b41e-09c0ea48083e,,,,1,ProductionActors,tg:mpmtk:31,,,,,,,,,,,,,,,,,,,,,,,,,,,,,,,,,,,256eaded-a15e-57cd-83e0-8cf4eba910ee,,,,,,,,,,,,,au::16151,artists (visual artists),ontwerper,"dlod={""name"":""Peter Paul Rubens"",""ark"":""ark:/83110/x0/256eaded-a15e-57cd-83e0-8cf4eba910ee"",""uri"":""/agents/people/53275"",""id"":""au::16151"",""isCapacity"":false,""orgID"":""digipolis"",""suggestType"":""agent""}",ark:/83110/x0/256eaded-a15e-57cd-83e0-8cf4eba910ee,,,,,,,,,,,
,92b6bc82-97d3-511b-b41e-09c0ea48083e,,,,1,ProductionTechniques,tg:mpmtk:31,kenmerken/mpmtechaanvtk.mpmtechtaddtk,,,,,,,zgw,,,,,,,,,,,,,,,,,,,,,,,,,,,,,,,,,,,,,,,,,,,,,,,,,ink wash (technique),,,,,,
,92b6bc82-97d3-511b-b41e-09c0ea48083e,,,,1,ProductionTechniques,tg:mpmtk:31,kenmerken/mpmtechbasistk.mpmtechtk,,,,,,,tpe,,,,,,,,,,,,,,,,,,,,,,,,,,,,,,,,,,,,,,,,,,,,,,,,,pens (drawing and writing implements),,,,,,
,92b6bc82-97d3-511b-b41e-09c0ea48083e,,,,,ProductionTimeSpans,tg:mpmtk:31,,,,,,,,,,,,,,,,,,,,,,,,,,,,,,,,,,,,,,,,,,,,,,,,,,,,,,,,,,1628,1630,,,,
,92b6bc82-97d3-511b-b41e-09c0ea48083e,,,,1,Titles,tg:mpmtk:31,id.title/ti,,,,,,,,,,,,,,,,,,,,,,,,,,,,,,,,,,,,,,,Tekening voor het drukkersmerk van de Officina Plantiniana,titles proper,Dutch (language),,,,,,,,,,,,,,,,,,,,,
,92b6bc82-97d3-511b-b41e-09c0ea48083e,,,,1,VisualContent,tg:mpmtk:31,,,,,,,,,,,,,,,,,,,,,,,,,,,,,,,,,,,256eaded-a15e-57cd-83e0-8cf4eba910ee,,,,,,,,au::16151,artists (visual artists),ontwerper,"dlod={""name"":""Peter Paul Rubens"",""ark"":""ark:/83110/x0/256eaded-a15e-57cd-83e0-8cf4eba910ee"",""uri"":""/agents/people/53275"",""id"":""au::16151"",""isCapacity"":false,""orgID"":""digipolis"",""suggestType"":""agent""}",ark:/83110/x0/256eaded-a15e-57cd-83e0-8cf4eba910ee,,,,,,,,,,,,,,,,
Tekeningen,ac9d2a5c-033f-511c-a651-d32fc8b9cb89,Museum Plantin-Moretus,https://data.museumplantinmoretus.be/ark:/11975/ac9d2a5c-033f-511c-a651-d32fc8b9cb89,object identifier,0,AA,,,,,,,,,,,,,,,,,,,,,,,,,,,,,,,,,,,,,,,,,,,,,,,,,,,,,,,,,,,,,,,,
,ac9d2a5c-033f-511c-a651-d32fc8b9cb89,,,,1,Carrier,tg:mpmtk:22,kenmerken.mpmdragertk,,,,,,,dpp,paper (fiber product),,,,,,,,,,,,,,,,,,,,,,,,,,,,,,,,,,,,,,,,,,,,,,,,,,,,,,
,ac9d2a5c-033f-511c-a651-d32fc8b9cb89,,,,1,Colours,tg:mpmtk:22,kenmerken/mpmtechbasistk.mpmkleur,,,,,,,ksp,,sepia (color),,,,,,,,,,,,,,,,,,,,,,,,,,,,,,,,,,,,,,,,,,,,,,,,,,,,,
,ac9d2a5c-033f-511c-a651-d32fc8b9cb89,,,,1,DimensionSourceNotes,tg:mpmtk:22,kenmerken.mpmformattk,,,,,,,"12,7 x 7,7",,,,,,"12,7 x 7,7",,,,,,,,,,,,,,,,,,,,,,,,,,,,,,,,,,,,,,,,,,,,,,,,,
,ac9d2a5c-033f-511c-a651-d32fc8b9cb89,,,,,Dimensions,tg:mpmtk:22,kenmerken.mpmformattk,,,,,,,,,,127.0,hoogte,millimeter,,,,,,,,,,,,,,,,,,,,,,,,,,,,,,,,,,,,,,,,,,,,,,,,,,
,ac9d2a5c-033f-511c-a651-d32fc8b9cb89,,,,,Dimensions,tg:mpmtk:22,kenmerken.mpmformattk,,,,,,,,,,77.0,breedte,millimeter,,,,,,,,,,,,,,,,,,,,,,,,,,,,,,,,,,,,,,,,,,,,,,,,,,
,ac9d2a5c-033f-511c-a651-d32fc8b9cb89,,,,1,ExternalRelations,tg:mpmtk:22,,,,,,,,,,,,,,,gerelateerde publicatie,https://anet.be/record/mpm/opacmpm/c:lvd:839899,zie verder bibliotheekcatalogus Museum Plantin Moretus,p. 170,Nederlands,remarks,,,,,,,,,,,,,,,,,,,,,,,,,,,,,,,,,,,,,,,,,,,
,ac9d2a5c-033f-511c-a651-d32fc8b9cb89,,,,1,Items,tg:mpmtk:22,,,,,,,,,,,,,,,,,,,,,,,TK 386,10 K 1 H,,,,,,,,,,,,,,,,,,,,,,,,,,,,,,,,,,,,,,,
,ac9d2a5c-033f-511c-a651-d32fc8b9cb89,,,,1,LegacyInformation,,id.objectNumber,,,,,,,,,,,,,,,,,,,,,,,,,,,BE-ANN00/tk/386,referentienummer,False,,,,,,,,,,,,,,,,,,,,,,,,,,,,,,,,,
,ac9d2a5c-033f-511c-a651-d32fc8b9cb89,,,,1,LegacyInformation,,brocade.id,,,,,,,,,,,,,,,,,,,,,,,,,,,tg:mpmtk:22,brocade id,False,,,,,,,,,,,,,,,,,,,,,,,,,,,,,,,,,
,ac9d2a5c-033f-511c-a651-d32fc8b9cb89,,,,1,LegacyInformation,,brocade.url,,,,,,,,,,,,,,,,,,,,,,,,,,,https://anet.be/record/opacmpmobj/tg:mpmtk:22/N,brocade url,False,,,,,,,,,,,,,,,,,,,,,,,,,,,,,,,,,
,ac9d2a5c-033f-511c-a651-d32fc8b9cb89,,,,1,Marks,tg:mpmtk:22,,,,,,,,,,,,,,,,,,,,,,,,,,,,,,,"AVN"""" monogram beneden links",signatures (names),Nederlands,,,,,,,,,,,,,,,,,,,,,,,,,,,,,,
,ac9d2a5c-033f-511c-a651-d32fc8b9cb89,,,,1,ObjectTypes,tg:mpmtk:22,kenmerken.mpmtypetk,,,,,,,tttek,,,,,,,,,,,,,,,,,,,,,,,,,,drawings (visual works),,,,,,,,,,,,,,,,,,,,,,,,,,,,,
,ac9d2a5c-033f-511c-a651-d32fc8b9cb89,,,,1,ProductionActors,tg:mpmtk:22,,,,,,,,,,,,,,,,,,,,,,,,,,,,,,,,,,,4c2593ff-6f39-5958-b785-bfb49d6cc786,,,,,,,,,,,,,au::13830,artists (visual artists),,"dlod={""name"":""Adam van Noort"",""ark"":""ark:/83110/x0/4c2593ff-6f39-5958-b785-bfb49d6cc786"",""uri"":""/agents/people/60894"",""id"":""au::13830"",""isCapacity"":false,""orgID"":""digipolis"",""suggestType"":""agent""}",ark:/83110/x0/4c2593ff-6f39-5958-b785-bfb49d6cc786,,,,,,,,,,,
,ac9d2a5c-033f-511c-a651-d32fc8b9cb89,,,,1,ProductionTechniques,tg:mpmtk:22,kenmerken/mpmtechbasistk.mpmtechtk,,,,,,,tpe,,,,,,,,,,,,,,,,,,,,,,,,,,,,,,,,,,,,,,,,,,,,,,,,,pens (drawing and writing implements),,,,,,
,ac9d2a5c-033f-511c-a651-d32fc8b9cb89,,,,,ProductionTimeSpans,tg:mpmtk:22,,,,,,,,,,,,,,,,,,,,,,,,,,,,,,,,,,,,,,,,,,,,,,,,,,,,,,,,,,1605,1609,,,,
,ac9d2a5c-033f-511c-a651-d32fc8b9cb89,,,,1,Titles,tg:mpmtk:22,id.title/ti,,,,,,,,,,,,,,,,,,,,,,,,,,,,,,,,,,,,,,,De aanbidding der herders,titles proper,Dutch (language),,,,,,,,,,,,,,,,,,,,,
,ac9d2a5c-033f-511c-a651-d32fc8b9cb89,,,,1,VisualContent,tg:mpmtk:22,,,,,,,,,,,,,,,,,,,,,,,,,,,,,,,,,,,4c2593ff-6f39-5958-b785-bfb49d6cc786,,,,,,,,au::13830,artists (visual artists),,"dlod={""name"":""Adam van Noort"",""ark"":""ark:/83110/x0/4c2593ff-6f39-5958-b785-bfb49d6cc786"",""uri"":""/agents/people/60894"",""id"":""au::13830"",""isCapacity"":false,""orgID"":""digipolis"",""suggestType"":""agent""}",ark:/83110/x0/4c2593ff-6f39-5958-b785-bfb49d6cc786,,,,,,,,,,,,,,,,
Tekeningen,ad8839e6-3553-5f26-9c38-c52a8ec05cb8,Museum Plantin-Moretus,https://data.museumplantinmoretus.be/ark:/11975/ad8839e6-3553-5f26-9c38-c52a8ec05cb8,object identifier,0,AA,,,,,,,,,,,,,,,,,,,,,,,,,,,,,,,,,,,,,,,,,,,,,,,,,,,,,,,,,,,,,,,,
,ad8839e6-3553-5f26-9c38-c52a8ec05cb8,,,,1,Carrier,tg:mpmtk:26,kenmerken.mpmdragertk,,,,,,,dpp,paper (fiber product),,,,,,,,,,,,,,,,,,,,,,,,,,,,,,,,,,,,,,,,,,,,,,,,,,,,,,
,ad8839e6-3553-5f26-9c38-c52a8ec05cb8,,,,1,Colours,tg:mpmtk:26,kenmerken/mpmtechbasistk.mpmkleur,,,,,,,kbr,,brown (color),,,,,,,,,,,,,,,,,,,,,,,,,,,,,,,,,,,,,,,,,,,,,,,,,,,,,
,ad8839e6-3553-5f26-9c38-c52a8ec05cb8,,,,1,DimensionSourceNotes,tg:mpmtk:26,kenmerken.mpmformattk,,,,,,,"30,9 x 20,1",,,,,,"30,9 x 20,1",,,,,,,,,,,,,,,,,,,,,,,,,,,,,,,,,,,,,,,,,,,,,,,,,
,ad8839e6-3553-5f26-9c38-c52a8ec05cb8,,,,,Dimensions,tg:mpmtk:26,kenmerken.mpmformattk,,,,,,,,,,309.0,hoogte,millimeter,,,,,,,,,,,,,,,,,,,,,,,,,,,,,,,,,,,,,,,,,,,,,,,,,,
,ad8839e6-3553-5f26-9c38-c52a8ec05cb8,,,,,Dimensions,tg:mpmtk:26,kenmerken.mpmformattk,,,,,,,,,,201.0,breedte,millimeter,,,,,,,,,,,,,,,,,,,,,,,,,,,,,,,,,,,,,,,,,,,,,,,,,,
,ad8839e6-3553-5f26-9c38-c52a8ec05cb8,,,,1,ExternalRelations,tg:mpmtk:26,,,,,,,,,,,,,,,gerelateerde publicatie,https://anet.be/record/mpm/opacmpm/c:lvd:239025,zie verder bibliotheekcatalogus Museum Plantin Moretus,"nr. 73a, p. 303-305",Nederlands,remarks,,,,,,,,,,,,,,,,,,,,,,,,,,,,,,,,,,,,,,,,,,,
,ad8839e6-3553-5f26-9c38-c52a8ec05cb8,,,,2,ExternalRelations,tg:mpmtk:26,,,,,,,,,,,,,,,gerelateerde publicatie,tg:mpmkp:48,Verwijzing naar MPM objectbeschrijvingen,,,,,,,,,,,,,,,,,,,,,,,,,,,,,,,,,,,,,,,,,,,,,,
,ad8839e6-3553-5f26-9c38-c52a8ec05cb8,,,,1,Images,tg:mpmtk:26,ill.lowres,,,,,,,,,,,,,,,,,,,,https://anet.be/docstore/d:mpmdoc:42,Lage resolutie,,,,,,,,,,,,,,,,,,,,,,,,,,,,,,,,,,,,,,,,,
,ad8839e6-3553-5f26-9c38-c52a8ec05cb8,,,,1,Items,tg:mpmtk:26,,,,,,,,,,,,,,,,,,,,,,,TK 395,10 K 1 G,,,,,,,,,,,,,,,,,,,,,,,,,,,,,,,,,,,,,,,
,ad8839e6-3553-5f26-9c38-c52a8ec05cb8,,,,1,LegacyInformation,,id.objectNumber,,,,,,,,,,,,,,,,,,,,,,,,,,,BE-ANN00/tk/000000010,referentienummer,False,,,,,,,,,,,,,,,,,,,,,,,,,,,,,,,,,
,ad8839e6-3553-5f26-9c38-c52a8ec05cb8,,,,1,LegacyInformation,,brocade.id,,,,,,,,,,,,,,,,,,,,,,,,,,,tg:mpmtk:26,brocade id,False,,,,,,,,,,,,,,,,,,,,,,,,,,,,,,,,,
,ad8839e6-3553-5f26-9c38-c52a8ec05cb8,,,,1,LegacyInformation,,brocade.url,,,,,,,,,,,,,,,,,,,,,,,,,,,https://anet.be/record/opacmpmobj/tg:mpmtk:26/N,brocade url,False,,,,,,,,,,,,,,,,,,,,,,,,,,,,,,,,,
,ad8839e6-3553-5f26-9c38-c52a8ec05cb8,,,,1,ObjectTypes,tg:mpmtk:26,kenmerken.mpmtypetk,,,,,,,tttek,,,,,,,,,,,,,,,,,,,,,,,,,,drawings (visual works),,,,,,,,,,,,,,,,,,,,,,,,,,,,,
,ad8839e6-3553-5f26-9c38-c52a8ec05cb8,,,,1,ProductionActors,tg:mpmtk:26,,,,,,,,,,,,,,,,,,,,,,,,,,,,,,,,,,,256eaded-a15e-57cd-83e0-8cf4eba910ee,,,,,,,,,,,,,au::16151,artists (visual artists),,"dlod={""name"":""Peter Paul Rubens"",""ark"":""ark:/83110/x0/256eaded-a15e-57cd-83e0-8cf4eba910ee"",""uri"":""/agents/people/53275"",""id"":""au::16151"",""isCapacity"":false,""orgID"":""digipolis"",""suggestType"":""agent""}",ark:/83110/x0/256eaded-a15e-57cd-83e0-8cf4eba910ee,,,,,,,,,,,
,ad8839e6-3553-5f26-9c38-c52a8ec05cb8,,,,1,ProductionTechniques,tg:mpmtk:26,kenmerken/mpmtechbasistk.mpmtechtk,,,,,,,tpe,,,,,,,,,,,,,,,,,,,,,,,,,,,,,,,,,,,,,,,,,,,,,,,,,pens (drawing and writing implements),,,,,,
,ad8839e6-3553-5f26-9c38-c52a8ec05cb8,,,,,ProductionTimeSpans,tg:mpmtk:26,,,,,,,,,,,,,,,,,,,,,,,,,,,,,,,,,,,,,,,,,,,,,,,,,,,,,,,,,,1637,,,,,
,ad8839e6-3553-5f26-9c38-c52a8ec05cb8,,,,1,Titles,tg:mpmtk:26,id.title/ti,,,,,,,,,,,,,,,,,,,,,,,,,,,,,,,,,,,,,,,"Ontwerp voor de titelpagina van Lipsius, Opera omnia",titles proper,Dutch (language),,,,,,,,,,,,,,,,,,,,,
,ad8839e6-3553-5f26-9c38-c52a8ec05cb8,,,,1,VisualContent,tg:mpmtk:26,,,,,,,,,,,,,,,,,,,,,,,,,,,,,,,,,,,256eaded-a15e-57cd-83e0-8cf4eba910ee,,,,,,,,au::16151,artists (visual artists),,"dlod={""name"":""Peter Paul Rubens"",""ark"":""ark:/83110/x0/256eaded-a15e-57cd-83e0-8cf4eba910ee"",""uri"":""/agents/people/53275"",""id"":""au::16151"",""isCapacity"":false,""orgID"":""digipolis"",""suggestType"":""agent""}",ark:/83110/x0/256eaded-a15e-57cd-83e0-8cf4eba910ee,,,,,,,,,,,,,,,,
Tekeningen,b352a12a-d714-52f2-894d-3f3bd5481d42,Museum Plantin-Moretus,https://data.museumplantinmoretus.be/ark:/11975/b352a12a-d714-52f2-894d-3f3bd5481d42,object identifier,0,AA,,,,,,,,,,,,,,,,,,,,,,,,,,,,,,,,,,,,,,,,,,,,,,,,,,,,,,,,,,,,,,,,
,b352a12a-d714-52f2-894d-3f3bd5481d42,,,,1,Carrier,tg:mpmtk:23,kenmerken.mpmdragertk,,,,,,,dpp,paper (fiber product),,,,,,,,,,,,,,,,,,,,,,,,,,,,,,,,,,,,,,,,,,,,,,,,,,,,,,
,b352a12a-d714-52f2-894d-3f3bd5481d42,,,,1,Colours,tg:mpmtk:23,kenmerken/mpmtechbasistk.mpmkleur,,,,,,,ksp,,sepia (color),,,,,,,,,,,,,,,,,,,,,,,,,,,,,,,,,,,,,,,,,,,,,,,,,,,,,
,b352a12a-d714-52f2-894d-3f3bd5481d42,,,,1,DimensionSourceNotes,tg:mpmtk:23,kenmerken.mpmformattk,,,,,,,"12,7 x 7",,,,,,"12,7 x 7",,,,,,,,,,,,,,,,,,,,,,,,,,,,,,,,,,,,,,,,,,,,,,,,,
,b352a12a-d714-52f2-894d-3f3bd5481d42,,,,,Dimensions,tg:mpmtk:23,kenmerken.mpmformattk,,,,,,,,,,127.0,hoogte,millimeter,,,,,,,,,,,,,,,,,,,,,,,,,,,,,,,,,,,,,,,,,,,,,,,,,,
,b352a12a-d714-52f2-894d-3f3bd5481d42,,,,,Dimensions,tg:mpmtk:23,kenmerken.mpmformattk,,,,,,,,,,70.0,breedte,millimeter,,,,,,,,,,,,,,,,,,,,,,,,,,,,,,,,,,,,,,,,,,,,,,,,,,
,b352a12a-d714-52f2-894d-3f3bd5481d42,,,,1,ExternalRelations,tg:mpmtk:23,,,,,,,,,,,,,,,gerelateerde publicatie,https://anet.be/record/mpm/opacmpm/c:lvd:839899,zie verder bibliotheekcatalogus Museum Plantin Moretus,p. 24,Nederlands,remarks,,,,,,,,,,,,,,,,,,,,,,,,,,,,,,,,,,,,,,,,,,,
,b352a12a-d714-52f2-894d-3f3bd5481d42,,,,1,Items,tg:mpmtk:23,,,,,,,,,,,,,,,,,,,,,,,TK 384,10 K 1 H,,,,,,,,,,,,,,,,,,,,,,,,,,,,,,,,,,,,,,,
,b352a12a-d714-52f2-894d-3f3bd5481d42,,,,1,LegacyInformation,,id.objectNumber,,,,,,,,,,,,,,,,,,,,,,,,,,,BE-ANN00/tk/000000008,referentienummer,False,,,,,,,,,,,,,,,,,,,,,,,,,,,,,,,,,
,b352a12a-d714-52f2-894d-3f3bd5481d42,,,,1,LegacyInformation,,brocade.id,,,,,,,,,,,,,,,,,,,,,,,,,,,tg:mpmtk:23,brocade id,False,,,,,,,,,,,,,,,,,,,,,,,,,,,,,,,,,
,b352a12a-d714-52f2-894d-3f3bd5481d42,,,,1,LegacyInformation,,brocade.url,,,,,,,,,,,,,,,,,,,,,,,,,,,https://anet.be/record/opacmpmobj/tg:mpmtk:23/N,brocade url,False,,,,,,,,,,,,,,,,,,,,,,,,,,,,,,,,,
,b352a12a-d714-52f2-894d-3f3bd5481d42,,,,1,ObjectTypes,tg:mpmtk:23,kenmerken.mpmtypetk,,,,,,,tttek,,,,,,,,,,,,,,,,,,,,,,,,,,drawings (visual works),,,,,,,,,,,,,,,,,,,,,,,,,,,,,
,b352a12a-d714-52f2-894d-3f3bd5481d42,,,,1,ProductionActors,tg:mpmtk:23,,,,,,,,,,,,,,,,,,,,,,,,,,,,,,,,,,,4c2593ff-6f39-5958-b785-bfb49d6cc786,,,,,,,,,,,,,au::13830,artists (visual artists),AVN monogram links onderaan,"dlod={""name"":""Adam van Noort"",""ark"":""ark:/83110/x0/4c2593ff-6f39-5958-b785-bfb49d6cc786"",""uri"":""/agents/people/60894"",""id"":""au::13830"",""isCapacity"":false,""orgID"":""digipolis"",""suggestType"":""agent""}",ark:/83110/x0/4c2593ff-6f39-5958-b785-bfb49d6cc786,,,,,,,,,,,
,b352a12a-d714-52f2-894d-3f3bd5481d42,,,,1,ProductionTechniques,tg:mpmtk:23,kenmerken/mpmtechbasistk.mpmtechtk,,,,,,,tpe,,,,,,,,,,,,,,,,,,,,,,,,,,,,,,,,,,,,,,,,,,,,,,,,,pens (drawing and writing implements),,,,,,
,b352a12a-d714-52f2-894d-3f3bd5481d42,,,,,ProductionTimeSpans,tg:mpmtk:23,,,,,,,,,,,,,,,,,,,,,,,,,,,,,,,,,,,,,,,,,,,,,,,,,,,,,,,,,,1605,1609,,,,
,b352a12a-d714-52f2-894d-3f3bd5481d42,,,,1,Titles,tg:mpmtk:23,id.title/ti,,,,,,,,,,,,,,,,,,,,,,,,,,,,,,,,,,,,,,,Het doopsel van Christus,titles proper,Dutch (language),,,,,,,,,,,,,,,,,,,,,
,b352a12a-d714-52f2-894d-3f3bd5481d42,,,,1,VisualContent,tg:mpmtk:23,,,,,,,,,,,,,,,,,,,,,,,,,,,,,,,,,,,4c2593ff-6f39-5958-b785-bfb49d6cc786,,,,,,,,au::13830,artists (visual artists),AVN monogram links onderaan,"dlod={""name"":""Adam van Noort"",""ark"":""ark:/83110/x0/4c2593ff-6f39-5958-b785-bfb49d6cc786"",""uri"":""/agents/people/60894"",""id"":""au::13830"",""isCapacity"":false,""orgID"":""digipolis"",""suggestType"":""agent""}",ark:/83110/x0/4c2593ff-6f39-5958-b785-bfb49d6cc786,,,,,,,,,,,,,,,,
Tekeningen,b7844246-831e-5339-bb8e-494ce76fca52,Museum Plantin-Moretus,https://data.museumplantinmoretus.be/ark:/11975/b7844246-831e-5339-bb8e-494ce76fca52,object identifier,0,AA,,,,,,,,,,,,,,,,,,,,,,,,,,,,,,,,,,,,,,,,,,,,,,,,,,,,,,,,,,,,,,,,
,b7844246-831e-5339-bb8e-494ce76fca52,,,,1,Carrier,tg:mpmtk:33,kenmerken.mpmdragertk,,,,,,,dpp,paper (fiber product),,,,,,,,,,,,,,,,,,,,,,,,,,,,,,,,,,,,,,,,,,,,,,,,,,,,,,
,b7844246-831e-5339-bb8e-494ce76fca52,,,,1,DimensionSourceNotes,tg:mpmtk:33,kenmerken.mpmformattk,,,,,,,"11 x 6,5",,,,,,"11 x 6,5",,,,,,,,,,,,,,,,,,,,,,,,,,,,,,,,,,,,,,,,,,,,,,,,,
,b7844246-831e-5339-bb8e-494ce76fca52,,,,,Dimensions,tg:mpmtk:33,kenmerken.mpmformattk,,,,,,,,,,110.0,hoogte,millimeter,,,,,,,,,,,,,,,,,,,,,,,,,,,,,,,,,,,,,,,,,,,,,,,,,,
,b7844246-831e-5339-bb8e-494ce76fca52,,,,,Dimensions,tg:mpmtk:33,kenmerken.mpmformattk,,,,,,,,,,65.0,breedte,millimeter,,,,,,,,,,,,,,,,,,,,,,,,,,,,,,,,,,,,,,,,,,,,,,,,,,
,b7844246-831e-5339-bb8e-494ce76fca52,,,,1,ExternalRelations,tg:mpmtk:33,,,,,,,,,,,,,,,ontwerp voor,https://anet.be/record/mpm/opacmpm/c:lvd:371295,zie verder bibliotheekcatalogus Museum Plantin Moretus,,,,,,,,,,,,,,,,,,,,,,,,,,,,,,,,,,,,,,,,,,,,,,
,b7844246-831e-5339-bb8e-494ce76fca52,,,,1,Images,tg:mpmtk:33,ill.lowres,,,,,,,,,,,,,,,,,,,,https://anet.be/docstore/d:mpmdoc:1090,Lage resolutie,,,,,,,,,,,,,,,,,,,,,,,,,,,,,,,,,,,,,,,,,
,b7844246-831e-5339-bb8e-494ce76fca52,,,,1,Items,tg:mpmtk:33,,,,,,,,,,,,,,,,,,,,,,,TK 263,10 K 1 H,,,,,,,,,,,,,,,,,,,,,,,,,,,,,,,,,,,,,,,
,b7844246-831e-5339-bb8e-494ce76fca52,,,,1,LegacyInformation,,id.objectNumber,,,,,,,,,,,,,,,,,,,,,,,,,,,BE-ANN00/tk/000000016,referentienummer,False,,,,,,,,,,,,,,,,,,,,,,,,,,,,,,,,,
,b7844246-831e-5339-bb8e-494ce76fca52,,,,1,LegacyInformation,,brocade.id,,,,,,,,,,,,,,,,,,,,,,,,,,,tg:mpmtk:33,brocade id,False,,,,,,,,,,,,,,,,,,,,,,,,,,,,,,,,,
,b7844246-831e-5339-bb8e-494ce76fca52,,,,1,LegacyInformation,,brocade.url,,,,,,,,,,,,,,,,,,,,,,,,,,,https://anet.be/record/opacmpmobj/tg:mpmtk:33/N,brocade url,False,,,,,,,,,,,,,,,,,,,,,,,,,,,,,,,,,
,b7844246-831e-5339-bb8e-494ce76fca52,,,,1,ObjectTypes,tg:mpmtk:33,kenmerken.mpmtypetk,,,,,,,tttek,,,,,,,,,,,,,,,,,,,,,,,,,,drawings (visual works),,,,,,,,,,,,,,,,,,,,,,,,,,,,,
,b7844246-831e-5339-bb8e-494ce76fca52,,,,1,ProductionActors,tg:mpmtk:33,,,,,,,,,,,,,,,,,,,,,,,,,,,,,,,,,,,0dd77f3c-9f4b-591f-96e2-8ae1e7a757d0,,,,,,,,,,,,,au::15342,artists (visual artists),,"dlod={""name"":""Erasmus II Quellinus"",""ark"":""ark:/83110/x0/0dd77f3c-9f4b-591f-96e2-8ae1e7a757d0"",""uri"":""/agents/people/77046"",""id"":""au::15342"",""isCapacity"":false,""orgID"":""digipolis"",""suggestType"":""agent""}",ark:/83110/x0/0dd77f3c-9f4b-591f-96e2-8ae1e7a757d0,,,,,,,,,,,
,b7844246-831e-5339-bb8e-494ce76fca52,,,,1,ProductionTechniques,tg:mpmtk:33,kenmerken/mpmtechbasistk.mpmtechtk,,,,,,,tpe,,,,,,,,,,,,,,,,,,,,,,,,,,,,,,,,,,,,,,,,,,,,,,,,,pens (drawing and writing implements),,,,,,
,b7844246-831e-5339-bb8e-494ce76fca52,,,,,ProductionTimeSpans,tg:mpmtk:33,,,,,,,,,,,,,,,,,,,,,,,,,,,,,,,,,,,,,,,,,,,,,,,,,,,,,,,,,,1636,1637,,,,
,b7844246-831e-5339-bb8e-494ce76fca52,,,,1,Titles,tg:mpmtk:33,id.title/ti,,,,,,,,,,,,,,,,,,,,,,,,,,,,,,,,,,,,,,,"Ontwerp voor de titelpagina van Vincentius Guinisius, Poesis heroica",titles proper,Dutch (language),,,,,,,,,,,,,,,,,,,,,
,b7844246-831e-5339-bb8e-494ce76fca52,,,,1,VisualContent,tg:mpmtk:33,,,,,,,,,,,,,,,,,,,,,,,,,,,,,,,,,,,0dd77f3c-9f4b-591f-96e2-8ae1e7a757d0,,,,,,,,au::15342,artists (visual artists),,"dlod={""name"":""Erasmus II Quellinus"",""ark"":""ark:/83110/x0/0dd77f3c-9f4b-591f-96e2-8ae1e7a757d0"",""uri"":""/agents/people/77046"",""id"":""au::15342"",""isCapacity"":false,""orgID"":""digipolis"",""suggestType"":""agent""}",ark:/83110/x0/0dd77f3c-9f4b-591f-96e2-8ae1e7a757d0,,,,,,,,,,,,,,,,
Tekeningen,c008cae5-11d7-55fc-a4da-bfa7b15b2cd7,Museum Plantin-Moretus,https://data.museumplantinmoretus.be/ark:/11975/c008cae5-11d7-55fc-a4da-bfa7b15b2cd7,object identifier,0,AA,,,,,,,,,,,,,,,,,,,,,,,,,,,,,,,,,,,,,,,,,,,,,,,,,,,,,,,,,,,,,,,,
,c008cae5-11d7-55fc-a4da-bfa7b15b2cd7,,,,1,Archives,tg:mpmtk:15,,,,,isad:mpm:22,,,,,,,,,,,,,,,,,,,,,,,,,,,,,,,,,,,,,,,,,,,,,,,,,,,,,,,,,,
,c008cae5-11d7-55fc-a4da-bfa7b15b2cd7,,,,1,Carrier,tg:mpmtk:15,kenmerken.mpmdragertk,,,,,,,dpp,paper (fiber product),,,,,,,,,,,,,,,,,,,,,,,,,,,,,,,,,,,,,,,,,,,,,,,,,,,,,,
,c008cae5-11d7-55fc-a4da-bfa7b15b2cd7,,,,1,Colours,tg:mpmtk:15,kenmerken/mpmtechbasistk.mpmkleur,,,,,,,kdr,,brown (color),,,,,,,,,,,,,,,,,,,,,,,,,,,,,,,,,,,,,,,,,,,,,,,,,,,,,
,c008cae5-11d7-55fc-a4da-bfa7b15b2cd7,,,,1,DimensionSourceNotes,tg:mpmtk:15,kenmerken.mpmformattk,,,,,,,"21,3 x 34,1",,,,,,"21,3 x 34,1",,,,,,,,,,,,,,,,,,,,,,,,,,,,,,,,,,,,,,,,,,,,,,,,,
,c008cae5-11d7-55fc-a4da-bfa7b15b2cd7,,,,,Dimensions,tg:mpmtk:15,kenmerken.mpmformattk,,,,,,,,,,213.0,hoogte,millimeter,,,,,,,,,,,,,,,,,,,,,,,,,,,,,,,,,,,,,,,,,,,,,,,,,,
,c008cae5-11d7-55fc-a4da-bfa7b15b2cd7,,,,,Dimensions,tg:mpmtk:15,kenmerken.mpmformattk,,,,,,,,,,341.0,breedte,millimeter,,,,,,,,,,,,,,,,,,,,,,,,,,,,,,,,,,,,,,,,,,,,,,,,,,
,c008cae5-11d7-55fc-a4da-bfa7b15b2cd7,,,,1,ExternalRelations,tg:mpmtk:15,,,,,,,,,,,,,,,gerelateerde publicatie,https://anet.be/record/mpm/opacmpm/c:lvd:6157678,zie verder bibliotheekcatalogus Museum Plantin Moretus,TEK 596/6 - Cat. 179/6,Nederlands,remarks,,,,,,,,,,,,,,,,,,,,,,,,,,,,,,,,,,,,,,,,,,,
,c008cae5-11d7-55fc-a4da-bfa7b15b2cd7,,,,1,Items,tg:mpmtk:15,,,,,,,,,,,,,,,,,,,,,,,M 21,10 I 2 C,isad:mpm:22,fol. 15,,,,,,,,,,,,,,,,,,,,,,,,,,,,,,,,,,,,,
,c008cae5-11d7-55fc-a4da-bfa7b15b2cd7,,,,1,Languages,tg:mpmtk:15,kenmerken.mpmlanguage,,,,,,,lat,,,,,,,,,,,,,,,,,,,Latin (language),,,,,,,,,,,,,,,,,,,,,,,,,,,,,,,,,,,,
,c008cae5-11d7-55fc-a4da-bfa7b15b2cd7,,,,2,Languages,tg:mpmtk:15,kenmerken.mpmlanguage,,,,,,,spa,,,,,,,,,,,,,,,,,,,Spanish (language),,,,,,,,,,,,,,,,,,,,,,,,,,,,,,,,,,,,
,c008cae5-11d7-55fc-a4da-bfa7b15b2cd7,,,,1,LegacyInformation,,id.objectNumber,,,,,,,,,,,,,,,,,,,,,,,,,,,BE-ANN00/tk/000000004,referentienummer,False,,,,,,,,,,,,,,,,,,,,,,,,,,,,,,,,,
,c008cae5-11d7-55fc-a4da-bfa7b15b2cd7,,,,1,LegacyInformation,,brocade.id,,,,,,,,,,,,,,,,,,,,,,,,,,,tg:mpmtk:15,brocade id,False,,,,,,,,,,,,,,,,,,,,,,,,,,,,,,,,,
,c008cae5-11d7-55fc-a4da-bfa7b15b2cd7,,,,1,LegacyInformation,,brocade.url,,,,,,,,,,,,,,,,,,,,,,,,,,,https://anet.be/record/opacmpmobj/tg:mpmtk:15/N,brocade url,False,,,,,,,,,,,,,,,,,,,,,,,,,,,,,,,,,
,c008cae5-11d7-55fc-a4da-bfa7b15b2cd7,,,,1,ObjectTypes,tg:mpmtk:15,kenmerken.mpmtypetk,,,,,,,ttkt,,,,,,,,,,,,,,,,,,,,,,,,,,plans (maps),,,,,,,,,,,,,,,,,,,,,,,,,,,,,
,c008cae5-11d7-55fc-a4da-bfa7b15b2cd7,,,,1,ProductionActors,tg:mpmtk:15,,,,,,,,,,,,,,,,,,,,,,,,,,,,,,,,,,,80abb133-7c38-5ef5-aa40-d82d46a3245d,,,,,,,,,,,,,au::14164,artists (visual artists),Vermoedelijke kunstenaar,"dlod={""name"":""Abraham Ortelius"",""ark"":""ark:/83110/x0/80abb133-7c38-5ef5-aa40-d82d46a3245d"",""uri"":""/agents/people/48570"",""id"":""au::14164"",""isCapacity"":false,""orgID"":""digipolis"",""suggestType"":""agent""}",ark:/83110/x0/80abb133-7c38-5ef5-aa40-d82d46a3245d,,,,,,,,,,,
,c008cae5-11d7-55fc-a4da-bfa7b15b2cd7,,,,,ProductionTimeSpans,tg:mpmtk:15,,,,,,,,,,,,,,,,,,,,,,,,,,,,,,,,,,,,,,,,,,,,,,,,,,,,,,,,,,1560,,,,,centuries
,c008cae5-11d7-55fc-a4da-bfa7b15b2cd7,,,,1,VisualContent,tg:mpmtk:15,,,,,,,,,,,,,,,,,,,,,,,,,,,,,,,,,,,80abb133-7c38-5ef5-aa40-d82d46a3245d,,,,,,,,au::14164,artists (visual artists),Vermoedelijke kunstenaar,"dlod={""name"":""Abraham Ortelius"",""ark"":""ark:/83110/x0/80abb133-7c38-5ef5-aa40-d82d46a3245d"",""uri"":""/agents/people/48570"",""id"":""au::14164"",""isCapacity"":false,""orgID"":""digipolis"",""suggestType"":""agent""}",ark:/83110/x0/80abb133-7c38-5ef5-aa40-d82d46a3245d,,,,,,,,,,,,,,,,
,c008cae5-11d7-55fc-a4da-bfa7b15b2cd7,,,,,,,,,,,,,,,,,,,,,,,,,,,,,,,,,,,,,,,,,,,,,,,,,,,,,,,,,,,tg:mpmtk:15,au::103348,ark:/83110/x0/f9c984dd-247d-5259-a691-b4a85ad3b15e,"dlod={""name"":""Gibraltar (Europa)"",""ark"":""ark:/83110/x0/f9c984dd-247d-5259-a691-b4a85ad3b15e"",""uri"":""/subjects/11235"",""id"":""au::103348"",""isCapacity"":false,""orgID"":""digipolis"",""suggestType"":""place""}",,,,,,,
Tekeningen,e675c9d2-e8d6-52ab-b8d6-3fa65626c2ee,Museum Plantin-Moretus,https://data.museumplantinmoretus.be/ark:/11975/e675c9d2-e8d6-52ab-b8d6-3fa65626c2ee,object identifier,0,AA,,,,,,,,,,,,,,,,,,,,,,,,,,,,,,,,,,,,,,,,,,,,,,,,,,,,,,,,,,,,,,,,
,e675c9d2-e8d6-52ab-b8d6-3fa65626c2ee,,,,1,Annotations,tg:mpmtk:21,note.mpmalg,De tekening diende als het ontwerp voor de gravure van Hans Collaert die in Jan Moretus editie van het Missale Romanum van 1596 voor het eerst voorkwam,Nederlands,remarks,,,,,,,,,,,,,,,,,,,,,,,,,,,,,,,,,,,,,,,,,,,,,,,,,,,,,,,,,,,
,e675c9d2-e8d6-52ab-b8d6-3fa65626c2ee,,,,1,Carrier,tg:mpmtk:21,kenmerken.mpmdragertk,,,,,,,dpp,paper (fiber product),,,,,,,,,,,,,,,,,,,,,,,,,,,,,,,,,,,,,,,,,,,,,,,,,,,,,,
,e675c9d2-e8d6-52ab-b8d6-3fa65626c2ee,,,,1,DimensionSourceNotes,tg:mpmtk:21,kenmerken.mpmformattk,,,,,,,"25,7 x 16,7",,,,,,"25,7 x 16,7",,,,,,,,,,,,,,,,,,,,,,,,,,,,,,,,,,,,,,,,,,,,,,,,,
,e675c9d2-e8d6-52ab-b8d6-3fa65626c2ee,,,,,Dimensions,tg:mpmtk:21,kenmerken.mpmformattk,,,,,,,,,,257.0,hoogte,millimeter,,,,,,,,,,,,,,,,,,,,,,,,,,,,,,,,,,,,,,,,,,,,,,,,,,
,e675c9d2-e8d6-52ab-b8d6-3fa65626c2ee,,,,,Dimensions,tg:mpmtk:21,kenmerken.mpmformattk,,,,,,,,,,167.0,breedte,millimeter,,,,,,,,,,,,,,,,,,,,,,,,,,,,,,,,,,,,,,,,,,,,,,,,,,
,e675c9d2-e8d6-52ab-b8d6-3fa65626c2ee,,,,1,ExternalRelations,tg:mpmtk:21,,,,,,,,,,,,,,,gerelateerde publicatie,https://anet.be/record/mpm/opacmpm/c:lvd:3150577,zie verder bibliotheekcatalogus Museum Plantin Moretus,p. 266-268,Nederlands,remarks,,,,,,,,,,,,,,,,,,,,,,,,,,,,,,,,,,,,,,,,,,,
,e675c9d2-e8d6-52ab-b8d6-3fa65626c2ee,,,,1,Items,tg:mpmtk:21,,,,,,,,,,,,,,,,,,,,,,,TK 347,10 K 1 H,,,,,,,,,,,,,,,,,,,,,,,,,,,,,,,,,,,,,,,
,e675c9d2-e8d6-52ab-b8d6-3fa65626c2ee,,,,1,LegacyInformation,,id.objectNumber,,,,,,,,,,,,,,,,,,,,,,,,,,,BE-ANN00/tk/000000007,referentienummer,False,,,,,,,,,,,,,,,,,,,,,,,,,,,,,,,,,
,e675c9d2-e8d6-52ab-b8d6-3fa65626c2ee,,,,1,LegacyInformation,,brocade.id,,,,,,,,,,,,,,,,,,,,,,,,,,,tg:mpmtk:21,brocade id,False,,,,,,,,,,,,,,,,,,,,,,,,,,,,,,,,,
,e675c9d2-e8d6-52ab-b8d6-3fa65626c2ee,,,,1,LegacyInformation,,brocade.url,,,,,,,,,,,,,,,,,,,,,,,,,,,https://anet.be/record/opacmpmobj/tg:mpmtk:21/N,brocade url,False,,,,,,,,,,,,,,,,,,,,,,,,,,,,,,,,,
,e675c9d2-e8d6-52ab-b8d6-3fa65626c2ee,,,,1,ObjectTypes,tg:mpmtk:21,kenmerken.mpmtypetk,,,,,,,tttek,,,,,,,,,,,,,,,,,,,,,,,,,,drawings (visual works),,,,,,,,,,,,,,,,,,,,,,,,,,,,,
,e675c9d2-e8d6-52ab-b8d6-3fa65626c2ee,,,,1,ProductionActors,tg:mpmtk:21,,,,,,,,,,,,,,,,,,,,,,,,,,,,,,,,,,,fa4e2a3e-55e0-5ab1-9d4f-1e4227ffe711,,,,,,,,,,,,,au::20701,artists (visual artists),,"dlod={""name"":""Maerten de Vos"",""ark"":""ark:/83110/x0/fa4e2a3e-55e0-5ab1-9d4f-1e4227ffe711"",""uri"":""/agents/people/72245"",""id"":""au::20701"",""isCapacity"":false,""orgID"":""digipolis"",""suggestType"":""agent""}",ark:/83110/x0/fa4e2a3e-55e0-5ab1-9d4f-1e4227ffe711,,,,,,,,,,,
,e675c9d2-e8d6-52ab-b8d6-3fa65626c2ee,,,,1,ProductionTechniques,tg:mpmtk:21,kenmerken/mpmtechbasistk.mpmtechtk,,,,,,,tpe,,,,,,,,,,,,,,,,,,,,,,,,,,,,,,,,,,,,,,,,,,,,,,,,,pens (drawing and writing implements),,,,,,
,e675c9d2-e8d6-52ab-b8d6-3fa65626c2ee,,,,,ProductionTimeSpans,tg:mpmtk:21,,,,,,,,,,,,,,,,,,,,,,,,,,,,,,,,,,,,,,,,,,,,,,,,,,,,,,,,,,1580,1596,,,,
,e675c9d2-e8d6-52ab-b8d6-3fa65626c2ee,,,,1,Titles,tg:mpmtk:21,id.title/ti,,,,,,,,,,,,,,,,,,,,,,,,,,,,,,,,,,,,,,,Abraham en Melchidesech,titles proper,Dutch (language),,,,,,,,,,,,,,,,,,,,,
,e675c9d2-e8d6-52ab-b8d6-3fa65626c2ee,,,,1,VisualContent,tg:mpmtk:21,,,,,,,,,,,,,,,,,,,,,,,,,,,,,,,,,,,fa4e2a3e-55e0-5ab1-9d4f-1e4227ffe711,,,,,,,,au::20701,artists (visual artists),,"dlod={""name"":""Maerten de Vos"",""ark"":""ark:/83110/x0/fa4e2a3e-55e0-5ab1-9d4f-1e4227ffe711"",""uri"":""/agents/people/72245"",""id"":""au::20701"",""isCapacity"":false,""orgID"":""digipolis"",""suggestType"":""agent""}",ark:/83110/x0/fa4e2a3e-55e0-5ab1-9d4f-1e4227ffe711,,,,,,,,,,,,,,,,
Tekeningen,f2a88090-8fa8-59c3-a946-6065c95ecdcb,Museum Plantin-Moretus,https://data.museumplantinmoretus.be/ark:/11975/f2a88090-8fa8-59c3-a946-6065c95ecdcb,object identifier,0,AA,,,,,,,,,,,,,,,,,,,,,,,,,,,,,,,,,,,,,,,,,,,,,,,,,,,,,,,,,,,,,,,,
,f2a88090-8fa8-59c3-a946-6065c95ecdcb,,,,1,Carrier,tg:mpmtk:19,kenmerken.mpmdragertk,,,,,,,dpp,paper (fiber product),,,,,,,,,,,,,,,,,,,,,,,,,,,,,,,,,,,,,,,,,,,,,,,,,,,,,,
,f2a88090-8fa8-59c3-a946-6065c95ecdcb,,,,1,DimensionSourceNotes,tg:mpmtk:19,kenmerken.mpmformattk,,,,,,,"17,5 x 22,9",,,,,,"17,5 x 22,9",,,,,,,,,,,,,,,,,,,,,,,,,,,,,,,,,,,,,,,,,,,,,,,,,
,f2a88090-8fa8-59c3-a946-6065c95ecdcb,,,,,Dimensions,tg:mpmtk:19,kenmerken.mpmformattk,,,,,,,,,,175.0,hoogte,millimeter,,,,,,,,,,,,,,,,,,,,,,,,,,,,,,,,,,,,,,,,,,,,,,,,,,
,f2a88090-8fa8-59c3-a946-6065c95ecdcb,,,,,Dimensions,tg:mpmtk:19,kenmerken.mpmformattk,,,,,,,,,,229.0,breedte,millimeter,,,,,,,,,,,,,,,,,,,,,,,,,,,,,,,,,,,,,,,,,,,,,,,,,,
,f2a88090-8fa8-59c3-a946-6065c95ecdcb,,,,1,ExternalRelations,tg:mpmtk:19,,,,,,,,,,,,,,,gerelateerde publicatie,https://anet.be/record/mpm/opacmpm/c:lvd:13136549,Publicaties in de Anet catalogus,,,,,,,,,,,,,,,,,,,,,,,,,,,,,,,,,,,,,,,,,,,,,,
,f2a88090-8fa8-59c3-a946-6065c95ecdcb,,,,1,Items,tg:mpmtk:19,,,,,,,,,,,,,,,,,,,,,,,TK 218,10 K 1 K,,,,,,,,,,,,,,,,,,,,,,,,,,,,,,,,,,,,,,,
,f2a88090-8fa8-59c3-a946-6065c95ecdcb,,,,1,LegacyInformation,,id.objectNumber,,,,,,,,,,,,,,,,,,,,,,,,,,,BE-ANN00/tk/218,referentienummer,False,,,,,,,,,,,,,,,,,,,,,,,,,,,,,,,,,
,f2a88090-8fa8-59c3-a946-6065c95ecdcb,,,,1,LegacyInformation,,brocade.id,,,,,,,,,,,,,,,,,,,,,,,,,,,tg:mpmtk:19,brocade id,False,,,,,,,,,,,,,,,,,,,,,,,,,,,,,,,,,
,f2a88090-8fa8-59c3-a946-6065c95ecdcb,,,,1,LegacyInformation,,brocade.url,,,,,,,,,,,,,,,,,,,,,,,,,,,https://anet.be/record/opacmpmobj/tg:mpmtk:19/N,brocade url,False,,,,,,,,,,,,,,,,,,,,,,,,,,,,,,,,,
,f2a88090-8fa8-59c3-a946-6065c95ecdcb,,,,1,Marks,tg:mpmtk:19,,,,,,,,,,,,,,,,,,,,,,,,,,,,,,,"In lit. R. nae der ordenienge van mijn / lijste ofte catalogus, an mijn heer / Balthasar Moretus, voor / 14 dagen naer Antwerpen / ghesonden. / Anno 1646. 19/29 Septem.",inscriptions,Nederlands,,,,,,,,,,,,,,,,,,,,,,,,,,,,,,
,f2a88090-8fa8-59c3-a946-6065c95ecdcb,,,,1,ObjectTypes,tg:mpmtk:19,kenmerken.mpmtypetk,,,,,,,tttek,,,,,,,,,,,,,,,,,,,,,,,,,,drawings (visual works),,,,,,,,,,,,,,,,,,,,,,,,,,,,,
,f2a88090-8fa8-59c3-a946-6065c95ecdcb,,,,1,ProductionActors,tg:mpmtk:19,,,,,,,,,,,,,,,,,,,,,,,,,,,,,,,,,,,01c9e18d-54b1-528b-9c98-c578a4502bf6,,,,,,,,,,,,,au::108916,artists (visual artists),,"dlod={""name"":""Jan Christoffel Jegher"",""ark"":""ark:/83110/x0/01c9e18d-54b1-528b-9c98-c578a4502bf6"",""uri"":""/agents/people/51034"",""id"":""au::108916"",""isCapacity"":false,""orgID"":""digipolis"",""suggestType"":""agent""}",ark:/83110/x0/01c9e18d-54b1-528b-9c98-c578a4502bf6,,,,,,,,,,,
,f2a88090-8fa8-59c3-a946-6065c95ecdcb,,,,1,ProductionTechniques,tg:mpmtk:19,kenmerken/mpmtechbasistk.mpmtechtk,,,,,,,tpe,,,,,,,,,,,,,,,,,,,,,,,,,,,,,,,,,,,,,,,,,,,,,,,,,pens (drawing and writing implements),,,,,,
,f2a88090-8fa8-59c3-a946-6065c95ecdcb,,,,,ProductionTimeSpans,tg:mpmtk:19,,,,,,,,,,,,,,,,,,,,,,,,,,,,,,,,,,,,,,,,,,,,,,,,,,,,,,,,,,1646,,,,,
,f2a88090-8fa8-59c3-a946-6065c95ecdcb,,,,1,Titles,tg:mpmtk:19,id.title/ti,,,,,,,,,,,,,,,,,,,,,,,,,,,,,,,,,,,,,,,Voorstelling van de 'Ranunculus moscatella',titles proper,Dutch (language),,,,,,,,,,,,,,,,,,,,,
,f2a88090-8fa8-59c3-a946-6065c95ecdcb,,,,1,VisualContent,tg:mpmtk:19,,,,,,,,,,,,,,,,,,,,,,,,,,,,,,,,,,,01c9e18d-54b1-528b-9c98-c578a4502bf6,,,,,,,,au::108916,artists (visual artists),,"dlod={""name"":""Jan Christoffel Jegher"",""ark"":""ark:/83110/x0/01c9e18d-54b1-528b-9c98-c578a4502bf6"",""uri"":""/agents/people/51034"",""id"":""au::108916"",""isCapacity"":false,""orgID"":""digipolis"",""suggestType"":""agent""}",ark:/83110/x0/01c9e18d-54b1-528b-9c98-c578a4502bf6,,,,,,,,,,,,,,,,
Tekeningen,f9f1deb6-85f5-53d9-b775-253f66648d52,Museum Plantin-Moretus,https://data.museumplantinmoretus.be/ark:/11975/f9f1deb6-85f5-53d9-b775-253f66648d52,object identifier,0,AA,,,,,,,,,,,,,,,,,,,,,,,,,,,,,,,,,,,,,,,,,,,,,,,,,,,,,,,,,,,,,,,,
,f9f1deb6-85f5-53d9-b775-253f66648d52,,,,1,Carrier,tg:mpmtk:35,kenmerken.mpmdragertk,,,,,,,dpp,paper (fiber product),,,,,,,,,,,,,,,,,,,,,,,,,,,,,,,,,,,,,,,,,,,,,,,,,,,,,,
,f9f1deb6-85f5-53d9-b775-253f66648d52,,,,1,DimensionSourceNotes,tg:mpmtk:35,kenmerken.mpmformattk,,,,,,,"29 x 18,5",,,,,,"29 x 18,5",,,,,,,,,,,,,,,,,,,,,,,,,,,,,,,,,,,,,,,,,,,,,,,,,
,f9f1deb6-85f5-53d9-b775-253f66648d52,,,,,Dimensions,tg:mpmtk:35,kenmerken.mpmformattk,,,,,,,,,,290.0,hoogte,millimeter,,,,,,,,,,,,,,,,,,,,,,,,,,,,,,,,,,,,,,,,,,,,,,,,,,
,f9f1deb6-85f5-53d9-b775-253f66648d52,,,,,Dimensions,tg:mpmtk:35,kenmerken.mpmformattk,,,,,,,,,,185.0,breedte,millimeter,,,,,,,,,,,,,,,,,,,,,,,,,,,,,,,,,,,,,,,,,,,,,,,,,,
,f9f1deb6-85f5-53d9-b775-253f66648d52,,,,1,ExternalRelations,tg:mpmtk:35,,,,,,,,,,,,,,,ontwerp voor,https://anet.be/record/mpm/opacmpm/c:lvd:641973,zie verder bibliotheekcatalogus Museum Plantin Moretus,,,,,,,,,,,,,,,,,,,,,,,,,,,,,,,,,,,,,,,,,,,,,,
,f9f1deb6-85f5-53d9-b775-253f66648d52,,,,1,Images,tg:mpmtk:35,ill.lowres,,,,,,,,,,,,,,,,,,,,https://anet.be/docstore/d:mpmdoc:1094,Lage resolutie,,,,,,,,,,,,,,,,,,,,,,,,,,,,,,,,,,,,,,,,,
,f9f1deb6-85f5-53d9-b775-253f66648d52,,,,1,Items,tg:mpmtk:35,,,,,,,,,,,,,,,,,,,,,,,TK 400,10 K 1 H,,,,,,,,,,,,,,,,,,,,,,,,,,,,,,,,,,,,,,,
,f9f1deb6-85f5-53d9-b775-253f66648d52,,,,1,LegacyInformation,,id.objectNumber,,,,,,,,,,,,,,,,,,,,,,,,,,,BE-ANN00/tk/000000018,referentienummer,False,,,,,,,,,,,,,,,,,,,,,,,,,,,,,,,,,
,f9f1deb6-85f5-53d9-b775-253f66648d52,,,,1,LegacyInformation,,brocade.id,,,,,,,,,,,,,,,,,,,,,,,,,,,tg:mpmtk:35,brocade id,False,,,,,,,,,,,,,,,,,,,,,,,,,,,,,,,,,
,f9f1deb6-85f5-53d9-b775-253f66648d52,,,,1,LegacyInformation,,brocade.url,,,,,,,,,,,,,,,,,,,,,,,,,,,https://anet.be/record/opacmpmobj/tg:mpmtk:35/N,brocade url,False,,,,,,,,,,,,,,,,,,,,,,,,,,,,,,,,,
,f9f1deb6-85f5-53d9-b775-253f66648d52,,,,1,Marks,tg:mpmtk:35,,,,,,,,,,,,,,,,,,,,,,,,,,,,,,,E. Quellinius inventor,signatures (names),Nederlands,,,,,,,,,,,,,,,,,,,,,,,,,,,,,,
,f9f1deb6-85f5-53d9-b775-253f66648d52,,,,1,ObjectTypes,tg:mpmtk:35,kenmerken.mpmtypetk,,,,,,,tttek,,,,,,,,,,,,,,,,,,,,,,,,,,drawings (visual works),,,,,,,,,,,,,,,,,,,,,,,,,,,,,
,f9f1deb6-85f5-53d9-b775-253f66648d52,,,,1,ProductionActors,tg:mpmtk:35,,,,,,,,,,,,,,,,,,,,,,,,,,,,,,,,,,,0dd77f3c-9f4b-591f-96e2-8ae1e7a757d0,,,,,,,,,,,,,au::15342,artists (visual artists),,"dlod={""name"":""Erasmus II Quellinus"",""ark"":""ark:/83110/x0/0dd77f3c-9f4b-591f-96e2-8ae1e7a757d0"",""uri"":""/agents/people/77046"",""id"":""au::15342"",""isCapacity"":false,""orgID"":""digipolis"",""suggestType"":""agent""}",ark:/83110/x0/0dd77f3c-9f4b-591f-96e2-8ae1e7a757d0,,,,,,,,,,,
,f9f1deb6-85f5-53d9-b775-253f66648d52,,,,1,ProductionTechniques,tg:mpmtk:35,kenmerken/mpmtechbasistk.mpmtechtk,,,,,,,tpe,,,,,,,,,,,,,,,,,,,,,,,,,,,,,,,,,,,,,,,,,,,,,,,,,pens (drawing and writing implements),,,,,,
,f9f1deb6-85f5-53d9-b775-253f66648d52,,,,,ProductionTimeSpans,tg:mpmtk:35,,,,,,,,,,,,,,,,,,,,,,,,,,,,,,,,,,,,,,,,,,,,,,,,,,,,,,,,,,1638,1639,,,,
,f9f1deb6-85f5-53d9-b775-253f66648d52,,,,1,Titles,tg:mpmtk:35,id.title/ti,,,,,,,,,,,,,,,,,,,,,,,,,,,,,,,,,,,,,,,"Ontwerp voor de titelpagina van Carolus Neapolis, Anaptyxis ad Fastos P. Ovidii Nasonis",titles proper,Dutch (language),,,,,,,,,,,,,,,,,,,,,
,f9f1deb6-85f5-53d9-b775-253f66648d52,,,,1,VisualContent,tg:mpmtk:35,,,,,,,,,,,,,,,,,,,,,,,,,,,,,,,,,,,0dd77f3c-9f4b-591f-96e2-8ae1e7a757d0,,,,,,,,au::15342,artists (visual artists),,"dlod={""name"":""Erasmus II Quellinus"",""ark"":""ark:/83110/x0/0dd77f3c-9f4b-591f-96e2-8ae1e7a757d0"",""uri"":""/agents/people/77046"",""id"":""au::15342"",""isCapacity"":false,""orgID"":""digipolis"",""suggestType"":""agent""}",ark:/83110/x0/0dd77f3c-9f4b-591f-96e2-8ae1e7a757d0,,,,,,,,,,,,,,,,
