ResourceID,brocade.id,card,order,dataset,Associated Record Relation,Associated Brocade ID,Associated Record URL Type,Associated Record Note,related_uuid,Associated Record
16efc67f-124a-530c-b828-2d56a75d7263,tg:rubgr:2577,e73_AssociatedRecords,1,rubgr_foto,relatie naar geheel,tg:rubgr:2567,Verwijzing naar Grossmann object,,23496b16-007d-56ce-9304-1446bf1047d4,"[{""resourceId"": ""23496b16-007d-56ce-9304-1446bf1047d4"", ""ontologyProperty"": """", ""resourceXresourceId"": ""7c1ae903-08f0-46d7-aaf9-b95068868754"", ""inverseOntologyProperty"": """"}]"
c23be030-75eb-5731-8394-dc8f7b74e304,tg:rubgr:3436,e73_AssociatedRecords,1,rubgr_foto,relatie naar geheel,tg:rubgr:3431,Verwijzing naar Grossmann object,,69725e7c-dba9-5fce-b426-3b660a86a88b,"[{""resourceId"": ""69725e7c-dba9-5fce-b426-3b660a86a88b"", ""ontologyProperty"": """", ""resourceXresourceId"": ""ab614d75-de5b-47b7-847a-1b4527a29275"", ""inverseOntologyProperty"": """"}]"
403e04e0-99d1-5eb1-84f2-0fd960b6ad7c,tg:rubgr:2291,e73_AssociatedRecords,1,rubgr_foto,relatie naar geheel,tg:rubgr:2290,Verwijzing naar Grossmann object,,95d9af60-5db0-50b5-b9d6-37e3221c0934,"[{""resourceId"": ""95d9af60-5db0-50b5-b9d6-37e3221c0934"", ""ontologyProperty"": """", ""resourceXresourceId"": ""d5c3c92a-73d8-49ab-893a-8d928e4393e8"", ""inverseOntologyProperty"": """"}]"
f00d235c-0265-5059-9073-9090437b14e0,tg:rubgr:3585,e73_AssociatedRecords,1,rubgr_foto,relatie naar geheel,tg:rubgr:3584,Verwijzing naar Grossmann object,,550b7928-d6c4-5aa0-a5df-33d355af6a69,"[{""resourceId"": ""550b7928-d6c4-5aa0-a5df-33d355af6a69"", ""ontologyProperty"": """", ""resourceXresourceId"": ""aa5441fc-7ac4-4f5e-b321-19c5c76232ac"", ""inverseOntologyProperty"": """"}]"
b40a3314-d12e-5182-b572-f9b4c6a3b02e,tg:rubgr:53,e73_AssociatedRecords,1,rubgr_foto,relatie naar geheel,tg:rubgr:42,Verwijzing naar Grossmann object,,cfa1a910-6da9-529d-9fef-7330e249dba9,"[{""resourceId"": ""cfa1a910-6da9-529d-9fef-7330e249dba9"", ""ontologyProperty"": """", ""resourceXresourceId"": ""d6dbca1b-7cca-4068-83f7-23d2a6b319eb"", ""inverseOntologyProperty"": """"}]"
d5ab01e5-834f-5d86-93ed-bd48d18a7b4a,tg:rubgr:2687,e73_AssociatedRecords,1,rubgr_foto,relatie naar geheel,tg:rubgr:2686,Verwijzing naar Grossmann object,,a7642c59-ff93-588a-9729-84a045f10181,"[{""resourceId"": ""a7642c59-ff93-588a-9729-84a045f10181"", ""ontologyProperty"": """", ""resourceXresourceId"": ""2aa98c24-9d12-47b2-9b9f-135e76ab684c"", ""inverseOntologyProperty"": """"}]"
c91fe4a8-0538-5f67-82d4-7531ea37ddf1,tg:rubgr:2430,e73_AssociatedRecords,1,rubgr_foto,gerelateerd object,tg:rubgr:2429,Verwijzing naar Grossmann object,,69f08c39-b838-57b1-98b6-0d04ac59ebf9,"[{""resourceId"": ""69f08c39-b838-57b1-98b6-0d04ac59ebf9"", ""ontologyProperty"": """", ""resourceXresourceId"": ""fd2646f1-002e-48ed-83fc-123bbb8a7fc5"", ""inverseOntologyProperty"": """"}]"
c91fe4a8-0538-5f67-82d4-7531ea37ddf1,tg:rubgr:2430,e73_AssociatedRecords,2,rubgr_foto,gerelateerd object,tg:rubgr:2450,Verwijzing naar Grossmann object,,b42b1aea-317d-5bfc-ad92-92f2c6fa28b2,"[{""resourceId"": ""b42b1aea-317d-5bfc-ad92-92f2c6fa28b2"", ""ontologyProperty"": """", ""resourceXresourceId"": ""6b8887af-6e54-45b8-82e6-7c1e543b2ffc"", ""inverseOntologyProperty"": """"}]"
741a0ead-6c6a-5bc8-ad4f-a0eddbf5e38d,tg:rubgr:2548,e73_AssociatedRecords,1,rubgr_foto,gerelateerd onderdeel,tg:rubgr:2549,Verwijzing naar Grossmann object,,07e76e88-b57c-5060-95f7-7eaab3f8e40e,"[{""resourceId"": ""07e76e88-b57c-5060-95f7-7eaab3f8e40e"", ""ontologyProperty"": """", ""resourceXresourceId"": ""3912df1a-b711-4024-809d-ef5866c81cf2"", ""inverseOntologyProperty"": """"}]"
5279b1d4-4dcf-5d91-8cb4-400c8d028da5,tg:rubgr:2420,e73_AssociatedRecords,1,rubgr_foto,relatie naar geheel,tg:rubgr:2419,Verwijzing naar Grossmann object,,a673b7ee-608b-5fdf-9ab0-f30d4d718d5f,"[{""resourceId"": ""a673b7ee-608b-5fdf-9ab0-f30d4d718d5f"", ""ontologyProperty"": """", ""resourceXresourceId"": ""5215bf60-ef1a-4e3c-837b-1d03d83a083a"", ""inverseOntologyProperty"": """"}]"
b7769732-1102-575a-97b1-9f9e27c2732d,tg:rubgr:2171,e73_AssociatedRecords,1,rubgr_foto,relatie naar geheel,tg:rubgr:2170,Verwijzing naar Grossmann object,,5e2dc3b5-e2c6-5420-b76e-7a127c575956,"[{""resourceId"": ""5e2dc3b5-e2c6-5420-b76e-7a127c575956"", ""ontologyProperty"": """", ""resourceXresourceId"": ""70cef1bb-96c0-4e4e-9bcc-850b473803f7"", ""inverseOntologyProperty"": """"}]"
379c31fe-8604-5592-b341-57c7d71fc6f1,tg:rubgr:754,e73_AssociatedRecords,1,rubgr_foto,relatie naar geheel,tg:rubgr:746,Verwijzing naar Grossmann object,,c7a63c4f-68c5-5880-8654-aebc9c88ae40,"[{""resourceId"": ""c7a63c4f-68c5-5880-8654-aebc9c88ae40"", ""ontologyProperty"": """", ""resourceXresourceId"": ""9058a45a-ef3b-4d15-a07c-6e537c916019"", ""inverseOntologyProperty"": """"}]"
2f093b34-3b2b-5cdc-a3c0-c35661f98bd2,tg:rubgr:3360,e73_AssociatedRecords,1,rubgr_foto,relatie naar geheel,tg:rubgr:3350,Verwijzing naar Grossmann object,,cd52b8c2-1b55-581d-9a17-61e0b6e71c69,"[{""resourceId"": ""cd52b8c2-1b55-581d-9a17-61e0b6e71c69"", ""ontologyProperty"": """", ""resourceXresourceId"": ""a08d79bf-3349-420c-b35f-86ff08800fc4"", ""inverseOntologyProperty"": """"}]"
199a3cf9-b051-5f83-9331-52970cab5dad,tg:rubgr:3302,e73_AssociatedRecords,1,rubgr_foto,relatie naar geheel,tg:rubgr:3288,Verwijzing naar Grossmann object,,c51452dd-b104-55be-867c-cdbde556f1fa,"[{""resourceId"": ""c51452dd-b104-55be-867c-cdbde556f1fa"", ""ontologyProperty"": """", ""resourceXresourceId"": ""2e9d1f5d-403f-41e6-b0b6-36fa056a6b23"", ""inverseOntologyProperty"": """"}]"
582b1ab1-7c33-5f62-ae37-cce4d41cb24f,tg:rubgr:2618,e73_AssociatedRecords,1,rubgr_foto,relatie naar geheel,tg:rubgr:2617,Verwijzing naar Grossmann object,,839cf30f-e509-5f0b-b1ea-09c80794debd,"[{""resourceId"": ""839cf30f-e509-5f0b-b1ea-09c80794debd"", ""ontologyProperty"": """", ""resourceXresourceId"": ""bff2ea2c-d00b-4e11-8936-0c6751d64394"", ""inverseOntologyProperty"": """"}]"
e5687395-a8e7-5e3f-a011-a1079ebb8c9b,tg:rubgr:2523,e73_AssociatedRecords,1,rubgr_foto,gerelateerd object,tg:rubgr:2331,Verwijzing naar Grossmann object,,b0ef7482-bf07-5329-ba5b-d5825210cdae,"[{""resourceId"": ""b0ef7482-bf07-5329-ba5b-d5825210cdae"", ""ontologyProperty"": """", ""resourceXresourceId"": ""479253a2-181f-442f-9f8c-ae147daff3f6"", ""inverseOntologyProperty"": """"}]"
16e1dee2-135a-5ea2-87e8-73755c94bfa9,tg:rubgr:2645,e73_AssociatedRecords,2,rubgr_foto,gerelateerd object,tg:rubgr:2644,Verwijzing naar Grossmann object,,cc85858b-fd77-58e1-b4dd-a3753b829db7,"[{""resourceId"": ""cc85858b-fd77-58e1-b4dd-a3753b829db7"", ""ontologyProperty"": """", ""resourceXresourceId"": ""9c91b7ff-d5b5-47dd-a012-c6454e351c51"", ""inverseOntologyProperty"": """"}]"
e0749c78-ded1-5ac0-beca-1236f7d719b4,tg:rubgr:2637,e73_AssociatedRecords,1,rubgr_foto,gerelateerd object,tg:rubgr:2636,Verwijzing naar Grossmann object,,ca6d282b-3459-5e9d-97c6-90d9840a41a1,"[{""resourceId"": ""ca6d282b-3459-5e9d-97c6-90d9840a41a1"", ""ontologyProperty"": """", ""resourceXresourceId"": ""2bc5e1ac-4a97-4e43-9aea-3aa86ce6a8b3"", ""inverseOntologyProperty"": """"}]"
7ff44e61-e01f-5e16-ba7f-dffec65b46ff,tg:rubgr:3400,e73_AssociatedRecords,1,rubgr_foto,relatie naar geheel,tg:rubgr:3399,Verwijzing naar Grossmann object,,e157a97b-6245-5898-acea-7153f54483bc,"[{""resourceId"": ""e157a97b-6245-5898-acea-7153f54483bc"", ""ontologyProperty"": """", ""resourceXresourceId"": ""1b26b3d1-d3e3-4786-9fef-f66a09f69c75"", ""inverseOntologyProperty"": """"}]"
d27ce0b6-1ca2-5b23-92d8-ad197022df0f,tg:rubgr:2072,e73_AssociatedRecords,1,rubgr_foto,relatie naar geheel,tg:rubgr:2065,Verwijzing naar Grossmann object,,70f0ffd2-bd1b-5e8a-b6a5-54bce2ba02fc,"[{""resourceId"": ""70f0ffd2-bd1b-5e8a-b6a5-54bce2ba02fc"", ""ontologyProperty"": """", ""resourceXresourceId"": ""151016f2-53f6-4ba2-9912-6dc22ceadfb6"", ""inverseOntologyProperty"": """"}]"
69f08c39-b838-57b1-98b6-0d04ac59ebf9,tg:rubgr:2429,e73_AssociatedRecords,1,rubgr_foto,gerelateerd object,tg:rubgr:2449,Verwijzing naar Grossmann object,,248d5f2d-8536-5454-89b3-c599363e62ab,"[{""resourceId"": ""248d5f2d-8536-5454-89b3-c599363e62ab"", ""ontologyProperty"": """", ""resourceXresourceId"": ""9a1e2f3e-e35e-4214-81de-6a5ff582003c"", ""inverseOntologyProperty"": """"}]"
69f08c39-b838-57b1-98b6-0d04ac59ebf9,tg:rubgr:2429,e73_AssociatedRecords,2,rubgr_foto,gerelateerd object,tg:rubgr:2430,Verwijzing naar Grossmann object,,c91fe4a8-0538-5f67-82d4-7531ea37ddf1,"[{""resourceId"": ""c91fe4a8-0538-5f67-82d4-7531ea37ddf1"", ""ontologyProperty"": """", ""resourceXresourceId"": ""634de90e-9f82-438a-bb94-366874e87460"", ""inverseOntologyProperty"": """"}]"
69f08c39-b838-57b1-98b6-0d04ac59ebf9,tg:rubgr:2429,e73_AssociatedRecords,3,rubgr_foto,gerelateerd object,tg:rubgr:2450,Verwijzing naar Grossmann object,,b42b1aea-317d-5bfc-ad92-92f2c6fa28b2,"[{""resourceId"": ""b42b1aea-317d-5bfc-ad92-92f2c6fa28b2"", ""ontologyProperty"": """", ""resourceXresourceId"": ""058803f6-5cf0-4514-9bf3-c2dc52f73fda"", ""inverseOntologyProperty"": """"}]"
69f08c39-b838-57b1-98b6-0d04ac59ebf9,tg:rubgr:2429,e73_AssociatedRecords,4,rubgr_foto,relatie naar geheel,tg:rubgr:2428,Verwijzing naar Grossmann object,,7b1bd15d-d0e8-5f0e-856e-8b2ace0d88e1,"[{""resourceId"": ""7b1bd15d-d0e8-5f0e-856e-8b2ace0d88e1"", ""ontologyProperty"": """", ""resourceXresourceId"": ""a45eada2-3b23-4877-978d-25eca38264cf"", ""inverseOntologyProperty"": """"}]"
f94f1b80-e964-5b7f-bc6e-dfeca8fd9573,tg:rubgr:958,e73_AssociatedRecords,1,rubgr_foto,relatie naar geheel,tg:rubgr:954,Verwijzing naar Grossmann object,,9307c1b5-0eab-5caf-bb65-a6d8ea272070,"[{""resourceId"": ""9307c1b5-0eab-5caf-bb65-a6d8ea272070"", ""ontologyProperty"": """", ""resourceXresourceId"": ""3c9ceb7b-7457-410f-8d70-e8a20607b199"", ""inverseOntologyProperty"": """"}]"
f94f1b80-e964-5b7f-bc6e-dfeca8fd9573,tg:rubgr:958,e73_AssociatedRecords,2,rubgr_foto,relatie naar geheel,tg:rubgr:955,Verwijzing naar Grossmann object,,a81106b0-d69e-5ff7-9361-eb9947f91b04,"[{""resourceId"": ""a81106b0-d69e-5ff7-9361-eb9947f91b04"", ""ontologyProperty"": """", ""resourceXresourceId"": ""647633ea-d2b4-430f-a5b6-333f3886601d"", ""inverseOntologyProperty"": """"}]"
5c9fae6f-2718-58ca-bcfe-c825f51fc4aa,tg:rubgr:3793,e73_AssociatedRecords,1,rubgr_foto,relatie naar geheel,tg:rubgr:3773,Verwijzing naar Grossmann object,,be415676-bbca-5af1-b0e7-badbf3214ca4,"[{""resourceId"": ""be415676-bbca-5af1-b0e7-badbf3214ca4"", ""ontologyProperty"": """", ""resourceXresourceId"": ""a9180e61-e817-44e5-9136-b05f5edb75ac"", ""inverseOntologyProperty"": """"}]"
33e6cb98-f088-5610-aa3a-346865cb1d69,tg:rubgr:2393,e73_AssociatedRecords,1,rubgr_foto,relatie naar geheel,tg:rubgr:2392,Verwijzing naar Grossmann object,,c13cef2a-b55a-58d1-8750-a0f7f41c2cae,"[{""resourceId"": ""c13cef2a-b55a-58d1-8750-a0f7f41c2cae"", ""ontologyProperty"": """", ""resourceXresourceId"": ""89c751d8-f9c9-4958-bde2-6df4c8534368"", ""inverseOntologyProperty"": """"}]"
a182423b-dd22-5922-9e27-cdf5dfcc7788,tg:rubgr:2619,e73_AssociatedRecords,1,rubgr_foto,relatie naar geheel,tg:rubgr:2617,Verwijzing naar Grossmann object,,839cf30f-e509-5f0b-b1ea-09c80794debd,"[{""resourceId"": ""839cf30f-e509-5f0b-b1ea-09c80794debd"", ""ontologyProperty"": """", ""resourceXresourceId"": ""154aadda-8bfd-49e6-b861-c2a8ac30ad88"", ""inverseOntologyProperty"": """"}]"
2c84467b-8d5a-5f9b-9320-985992ccffd5,tg:rubgr:1789,e73_AssociatedRecords,1,rubgr_foto,relatie naar geheel,tg:rubgr:1788,Verwijzing naar Grossmann object,,bf9df334-9f8a-52b4-8780-ccb6fc4796bb,"[{""resourceId"": ""bf9df334-9f8a-52b4-8780-ccb6fc4796bb"", ""ontologyProperty"": """", ""resourceXresourceId"": ""0ce5a6d4-cd9a-45b6-897c-af49649d1280"", ""inverseOntologyProperty"": """"}]"
2c84467b-8d5a-5f9b-9320-985992ccffd5,tg:rubgr:1789,e73_AssociatedRecords,2,rubgr_foto,relatie naar geheel,tg:rubgr:1781,Verwijzing naar Grossmann object,,2357af76-c1d6-541b-986a-f5dfb6182aac,"[{""resourceId"": ""2357af76-c1d6-541b-986a-f5dfb6182aac"", ""ontologyProperty"": """", ""resourceXresourceId"": ""65b3a778-1893-4ba5-903c-81f175a8927a"", ""inverseOntologyProperty"": """"}]"
cc85858b-fd77-58e1-b4dd-a3753b829db7,tg:rubgr:2644,e73_AssociatedRecords,1,rubgr_foto,gerelateerd object,tg:rubgr:2643,Verwijzing naar Grossmann object,,bf0080a3-19d7-5d04-a2e0-761bbc229834,"[{""resourceId"": ""bf0080a3-19d7-5d04-a2e0-761bbc229834"", ""ontologyProperty"": """", ""resourceXresourceId"": ""536effae-0d80-42cc-859d-dce13544e7a3"", ""inverseOntologyProperty"": """"}]"
c5201587-071f-54b0-8cfb-5dd9fa5163a3,tg:rubgr:3401,e73_AssociatedRecords,1,rubgr_foto,relatie naar geheel,tg:rubgr:3399,Verwijzing naar Grossmann object,,e157a97b-6245-5898-acea-7153f54483bc,"[{""resourceId"": ""e157a97b-6245-5898-acea-7153f54483bc"", ""ontologyProperty"": """", ""resourceXresourceId"": ""0f0f71ed-35d1-4692-8147-57ef1cbcb861"", ""inverseOntologyProperty"": """"}]"
a2dfb28e-bf9d-5953-9663-132085e84139,tg:rubgr:2438,e73_AssociatedRecords,1,rubgr_foto,relatie naar geheel,tg:rubgr:2435,Verwijzing naar Grossmann object,,cfb284ce-00d6-5bc8-8436-1fd49428963a,"[{""resourceId"": ""cfb284ce-00d6-5bc8-8436-1fd49428963a"", ""ontologyProperty"": """", ""resourceXresourceId"": ""1e99bb66-bb0d-4232-ac37-a306f7b66956"", ""inverseOntologyProperty"": """"}]"
5c211aea-0282-5bfd-b7ca-2eb8189a8b05,tg:rubgr:2576,e73_AssociatedRecords,1,rubgr_foto,relatie naar geheel,tg:rubgr:2567,Verwijzing naar Grossmann object,,23496b16-007d-56ce-9304-1446bf1047d4,"[{""resourceId"": ""23496b16-007d-56ce-9304-1446bf1047d4"", ""ontologyProperty"": """", ""resourceXresourceId"": ""65c66d98-fd9b-42b3-a477-b8dad9be5aab"", ""inverseOntologyProperty"": """"}]"
95497ada-2a0e-51c4-a1e3-6bb082105e2b,tg:rubgr:2333,e73_AssociatedRecords,2,rubgr_foto,gerelateerd object,tg:rubgr:2391,Verwijzing naar Grossmann object,,27509bf6-6045-564a-bd22-603bf56afcf3,"[{""resourceId"": ""27509bf6-6045-564a-bd22-603bf56afcf3"", ""ontologyProperty"": """", ""resourceXresourceId"": ""bab42318-9d8b-4504-bbaa-ac65925daf77"", ""inverseOntologyProperty"": """"}]"
95497ada-2a0e-51c4-a1e3-6bb082105e2b,tg:rubgr:2333,e73_AssociatedRecords,3,rubgr_foto,relatie naar geheel,tg:rubgr:2331,Verwijzing naar Grossmann object,,b0ef7482-bf07-5329-ba5b-d5825210cdae,"[{""resourceId"": ""b0ef7482-bf07-5329-ba5b-d5825210cdae"", ""ontologyProperty"": """", ""resourceXresourceId"": ""3914184b-d2a7-4159-b26b-665428067136"", ""inverseOntologyProperty"": """"}]"
4fb2b437-4544-5320-aefc-0b96d55d3601,tg:rubgr:797,e73_AssociatedRecords,1,rubgr_foto,gerelateerd onderdeel,tg:rubgr:798,Verwijzing naar Grossmann object,,c3d8d228-08fa-5c60-9ff2-3293c1b80302,"[{""resourceId"": ""c3d8d228-08fa-5c60-9ff2-3293c1b80302"", ""ontologyProperty"": """", ""resourceXresourceId"": ""e737e30a-970b-454e-8b12-5bad634dcfdd"", ""inverseOntologyProperty"": """"}]"
35d9d58f-2f6d-5f20-b613-c3b51cc62175,tg:rubgr:2045,e73_AssociatedRecords,1,rubgr_foto,relatie naar geheel,tg:rubgr:2038,Verwijzing naar Grossmann object,,56aa9b29-8636-5e4e-b9c8-f23cfa7ffe9e,"[{""resourceId"": ""56aa9b29-8636-5e4e-b9c8-f23cfa7ffe9e"", ""ontologyProperty"": """", ""resourceXresourceId"": ""b9bbb94f-4259-4fb8-85fe-e82f92e8fc27"", ""inverseOntologyProperty"": """"}]"
8d3cf0d6-0b93-5d81-b4be-458585bdd21a,tg:rubgr:52,e73_AssociatedRecords,1,rubgr_foto,relatie naar geheel,tg:rubgr:42,Verwijzing naar Grossmann object,,cfa1a910-6da9-529d-9fef-7330e249dba9,"[{""resourceId"": ""cfa1a910-6da9-529d-9fef-7330e249dba9"", ""ontologyProperty"": """", ""resourceXresourceId"": ""23e4943f-28b3-45e3-9e21-e6da74a88d30"", ""inverseOntologyProperty"": """"}]"
c1b85e00-2ffd-548f-97d8-4ee8cd9ea41a,tg:rubgr:2504,e73_AssociatedRecords,1,rubgr_foto,relatie naar geheel,tg:rubgr:2503,Verwijzing naar Grossmann object,,a1e750ec-e6c2-5b44-a66a-7faa32954c6c,"[{""resourceId"": ""a1e750ec-e6c2-5b44-a66a-7faa32954c6c"", ""ontologyProperty"": """", ""resourceXresourceId"": ""34f19058-3979-4588-aeec-0c1c520a9cb1"", ""inverseOntologyProperty"": """"}]"
07406529-3cbf-51d6-b811-14df16ebd749,tg:rubgr:4189,e73_AssociatedRecords,1,rubgr_foto,relatie naar geheel,tg:rubgr:4185,Verwijzing naar Grossmann object,,53e8fa5a-64c0-5a80-a559-a7c80f93329f,"[{""resourceId"": ""53e8fa5a-64c0-5a80-a559-a7c80f93329f"", ""ontologyProperty"": """", ""resourceXresourceId"": ""d7710644-9cce-4d8f-96bd-2401e09fc753"", ""inverseOntologyProperty"": """"}]"
6def5422-1061-5040-a3b8-5c4ebbbafbc7,tg:rubgr:2559,e73_AssociatedRecords,1,rubgr_foto,relatie naar geheel,tg:rubgr:2558,Verwijzing naar Grossmann object,,bc05ead4-374d-5e74-877e-728d6bd7e3f0,"[{""resourceId"": ""bc05ead4-374d-5e74-877e-728d6bd7e3f0"", ""ontologyProperty"": """", ""resourceXresourceId"": ""12ebef6c-c068-478b-a041-e80a68175fe3"", ""inverseOntologyProperty"": """"}]"
4d7fe1c5-01ec-59ed-a087-5726bab1f73b,tg:rubgr:4015,e73_AssociatedRecords,1,rubgr_foto,relatie naar geheel,tg:rubgr:4013,Verwijzing naar Grossmann object,,bfa2451b-42eb-510a-9bc5-d88b5b64da5e,"[{""resourceId"": ""bfa2451b-42eb-510a-9bc5-d88b5b64da5e"", ""ontologyProperty"": """", ""resourceXresourceId"": ""d28734fa-e3ba-40dd-ba23-fe40f2b6e456"", ""inverseOntologyProperty"": """"}]"
09dc991c-d65d-550f-9478-0161270a8013,tg:rubgr:2498,e73_AssociatedRecords,1,rubgr_foto,relatie naar geheel,tg:rubgr:2497,Verwijzing naar Grossmann object,,4008d6f9-d4a0-5ef2-a53d-9ce695327a4d,"[{""resourceId"": ""4008d6f9-d4a0-5ef2-a53d-9ce695327a4d"", ""ontologyProperty"": """", ""resourceXresourceId"": ""4a557010-82e9-4b1f-acb5-7e0c463f2459"", ""inverseOntologyProperty"": """"}]"
a7642c59-ff93-588a-9729-84a045f10181,tg:rubgr:2686,e73_AssociatedRecords,1,rubgr_foto,gerelateerd onderdeel,tg:rubgr:2687,Verwijzing naar Grossmann object,,d5ab01e5-834f-5d86-93ed-bd48d18a7b4a,"[{""resourceId"": ""d5ab01e5-834f-5d86-93ed-bd48d18a7b4a"", ""ontologyProperty"": """", ""resourceXresourceId"": ""a82c269a-9fc8-4f0e-9285-784a3bba4158"", ""inverseOntologyProperty"": """"}]"
ca24e4f9-8722-52f5-9f6c-c1eacf24300d,tg:rubgr:2696,e73_AssociatedRecords,1,rubgr_foto,gerelateerd object,tg:rubgr:2695,Verwijzing naar Grossmann object,,d4663e4d-39e5-56a2-8e09-5a62000a7877,"[{""resourceId"": ""d4663e4d-39e5-56a2-8e09-5a62000a7877"", ""ontologyProperty"": """", ""resourceXresourceId"": ""e3bad6f5-637d-45ff-ba63-5849a20ac2cd"", ""inverseOntologyProperty"": """"}]"
ca24e4f9-8722-52f5-9f6c-c1eacf24300d,tg:rubgr:2696,e73_AssociatedRecords,2,rubgr_foto,relatie naar geheel,tg:rubgr:2688,Verwijzing naar Grossmann object,,927fb954-e86d-5364-a6a2-8cef077ef624,"[{""resourceId"": ""927fb954-e86d-5364-a6a2-8cef077ef624"", ""ontologyProperty"": """", ""resourceXresourceId"": ""39bcd257-4e26-40f8-9bd3-1162688fb92e"", ""inverseOntologyProperty"": """"}]"
a93f6492-5760-5bc5-9b30-cad5dab2ce34,tg:rubgr:1790,e73_AssociatedRecords,1,rubgr_foto,relatie naar geheel,tg:rubgr:1781,Verwijzing naar Grossmann object,,2357af76-c1d6-541b-986a-f5dfb6182aac,"[{""resourceId"": ""2357af76-c1d6-541b-986a-f5dfb6182aac"", ""ontologyProperty"": """", ""resourceXresourceId"": ""9b1bb30a-8c9a-420f-9e72-0a85212b8557"", ""inverseOntologyProperty"": """"}]"
11e77783-028f-5c86-8f00-ce05e3d90c16,tg:rubgr:3357,e73_AssociatedRecords,1,rubgr_foto,relatie naar geheel,tg:rubgr:3350,Verwijzing naar Grossmann object,,cd52b8c2-1b55-581d-9a17-61e0b6e71c69,"[{""resourceId"": ""cd52b8c2-1b55-581d-9a17-61e0b6e71c69"", ""ontologyProperty"": """", ""resourceXresourceId"": ""320ce202-2216-4861-b33f-5f91543b8516"", ""inverseOntologyProperty"": """"}]"
62a18e27-4942-5e62-8349-628c609a730e,tg:rubgr:3301,e73_AssociatedRecords,1,rubgr_foto,relatie naar geheel,tg:rubgr:3288,Verwijzing naar Grossmann object,,c51452dd-b104-55be-867c-cdbde556f1fa,"[{""resourceId"": ""c51452dd-b104-55be-867c-cdbde556f1fa"", ""ontologyProperty"": """", ""resourceXresourceId"": ""907a225a-5665-43d6-a694-b6a8daa3dc74"", ""inverseOntologyProperty"": """"}]"
ed50cbf0-3cd7-5b70-b567-3981214cf5a4,tg:rubgr:1052,e73_AssociatedRecords,1,rubgr_foto,relatie naar geheel,tg:rubgr:1051,Verwijzing naar Grossmann object,,a3e0d7ce-96f9-5f1d-a08e-19ae764a397f,"[{""resourceId"": ""a3e0d7ce-96f9-5f1d-a08e-19ae764a397f"", ""ontologyProperty"": """", ""resourceXresourceId"": ""fd2bd93d-63f1-4402-9290-1add99798858"", ""inverseOntologyProperty"": """"}]"
ed50cbf0-3cd7-5b70-b567-3981214cf5a4,tg:rubgr:1052,e73_AssociatedRecords,2,rubgr_foto,relatie naar geheel,tg:rubgr:1049,Verwijzing naar Grossmann object,,c2a0d99f-f5e6-59aa-b806-0a7cee31e072,"[{""resourceId"": ""c2a0d99f-f5e6-59aa-b806-0a7cee31e072"", ""ontologyProperty"": """", ""resourceXresourceId"": ""b087e878-ab35-4749-b8b7-a29d9a081c97"", ""inverseOntologyProperty"": """"}]"
38937fca-468d-5ca4-aa57-569520ea0c06,tg:rubgr:2415,e73_AssociatedRecords,1,rubgr_foto,relatie naar geheel,tg:rubgr:2414,Verwijzing naar Grossmann object,,086b0f64-f2d2-5876-93fa-e0c3c522ca5a,"[{""resourceId"": ""086b0f64-f2d2-5876-93fa-e0c3c522ca5a"", ""ontologyProperty"": """", ""resourceXresourceId"": ""d879a157-1426-46f2-9763-6d25f69e6b12"", ""inverseOntologyProperty"": """"}]"
c975d680-fd4e-5a3f-bd11-4980b875bb40,tg:rubgr:1148,e73_AssociatedRecords,1,rubgr_foto,relatie naar geheel,tg:rubgr:1132,Verwijzing naar Grossmann object,,92c376c2-d03c-52e7-b7ac-a58dbff0a2d8,"[{""resourceId"": ""92c376c2-d03c-52e7-b7ac-a58dbff0a2d8"", ""ontologyProperty"": """", ""resourceXresourceId"": ""5a91f3ed-68f1-410c-b458-4a0185a3f9e9"", ""inverseOntologyProperty"": """"}]"
feda592c-e655-520c-89f0-32eb1140bd1e,tg:rubgr:2669,e73_AssociatedRecords,1,rubgr_foto,relatie naar geheel,tg:rubgr:2668,Verwijzing naar Grossmann object,,7b747166-e6dc-54ae-8bb5-3d846ae8688e,"[{""resourceId"": ""7b747166-e6dc-54ae-8bb5-3d846ae8688e"", ""ontologyProperty"": """", ""resourceXresourceId"": ""a8b855c3-6abb-40b4-a155-6564a35680b9"", ""inverseOntologyProperty"": """"}]"
bb12196f-e08a-5608-a307-d418ada105d0,tg:rubgr:2679,e73_AssociatedRecords,2,rubgr_foto,gerelateerd object,tg:rubgr:2678,Verwijzing naar Grossmann object,,93464258-5130-550c-9dfd-6f867e54c19b,"[{""resourceId"": ""93464258-5130-550c-9dfd-6f867e54c19b"", ""ontologyProperty"": """", ""resourceXresourceId"": ""eff43483-20d9-4dd6-b64b-ca14165274a4"", ""inverseOntologyProperty"": """"}]"
c9636db2-836e-5e54-a156-a6b2b909ac97,tg:rubgr:2085,e73_AssociatedRecords,4,rubgr_foto,relatie naar geheel,tg:rubgr:2077,Verwijzing naar Grossmann object,,bb5fb226-6090-5e1c-9cde-8a817e0616b4,"[{""resourceId"": ""bb5fb226-6090-5e1c-9cde-8a817e0616b4"", ""ontologyProperty"": """", ""resourceXresourceId"": ""030d0365-3114-45ef-a05c-9ae3f05efac9"", ""inverseOntologyProperty"": """"}]"
c4481e03-e121-5164-8d59-4641604bd7b1,tg:rubgr:1740,e73_AssociatedRecords,1,rubgr_foto,relatie naar geheel,tg:rubgr:1737,Verwijzing naar Grossmann object,,9d32c182-ad19-51cd-aba8-e01b6b4c2e58,"[{""resourceId"": ""9d32c182-ad19-51cd-aba8-e01b6b4c2e58"", ""ontologyProperty"": """", ""resourceXresourceId"": ""056a77e0-f1bc-4914-86c2-760c53d14215"", ""inverseOntologyProperty"": """"}]"
5ff16fdf-ffce-5892-949d-a8d8431ec4bf,tg:rubgr:2646,e73_AssociatedRecords,2,rubgr_foto,gerelateerd object,tg:rubgr:2645,Verwijzing naar Grossmann object,,16e1dee2-135a-5ea2-87e8-73755c94bfa9,"[{""resourceId"": ""16e1dee2-135a-5ea2-87e8-73755c94bfa9"", ""ontologyProperty"": """", ""resourceXresourceId"": ""2dadc3fe-6b66-46d8-84ca-d8012ed5a00f"", ""inverseOntologyProperty"": """"}]"
97db6a02-e601-56dc-bfe5-33ba27f7dc6b,tg:rubgr:2343,e73_AssociatedRecords,1,rubgr_foto,relatie naar geheel,tg:rubgr:2342,Verwijzing naar Grossmann object,,63b02781-3090-5757-8c06-addf91f6c5f7,"[{""resourceId"": ""63b02781-3090-5757-8c06-addf91f6c5f7"", ""ontologyProperty"": """", ""resourceXresourceId"": ""4d7fd93f-764f-4771-88eb-b45140b4e27a"", ""inverseOntologyProperty"": """"}]"
165eea60-18b3-5c25-9ac8-5ee92f296341,tg:rubgr:2670,e73_AssociatedRecords,1,rubgr_foto,relatie naar geheel,tg:rubgr:2668,Verwijzing naar Grossmann object,,7b747166-e6dc-54ae-8bb5-3d846ae8688e,"[{""resourceId"": ""7b747166-e6dc-54ae-8bb5-3d846ae8688e"", ""ontologyProperty"": """", ""resourceXresourceId"": ""797f0a0e-47dd-45ec-8b69-a9a6aee8645f"", ""inverseOntologyProperty"": """"}]"
f715bcfd-faf9-5f78-9baa-551d4a990414,tg:rubgr:953,e73_AssociatedRecords,1,rubgr_foto,relatie naar geheel,tg:rubgr:952,Verwijzing naar Grossmann object,,b0eb9d3f-7fd9-59d2-a258-45e2ae12157b,"[{""resourceId"": ""b0eb9d3f-7fd9-59d2-a258-45e2ae12157b"", ""ontologyProperty"": """", ""resourceXresourceId"": ""28efd09d-b4cc-4be1-bf41-90f9a39ee41e"", ""inverseOntologyProperty"": """"}]"
7ad9e225-a8f2-5c48-a589-d217c7fe1728,tg:rubgr:179,e73_AssociatedRecords,1,rubgr_foto,gerelateerd object,tg:rubgr:151,Verwijzing naar Grossmann object,,666707f3-0c09-5468-b792-1e9645d71d71,"[{""resourceId"": ""666707f3-0c09-5468-b792-1e9645d71d71"", ""ontologyProperty"": """", ""resourceXresourceId"": ""dc466f78-1cb5-467c-9bc2-b5a1a247811b"", ""inverseOntologyProperty"": """"}]"
7ad9e225-a8f2-5c48-a589-d217c7fe1728,tg:rubgr:179,e73_AssociatedRecords,2,rubgr_foto,relatie naar geheel,tg:rubgr:134,Verwijzing naar Grossmann object,,5c876b3f-7d67-5321-a918-24c7a1e05dfc,"[{""resourceId"": ""5c876b3f-7d67-5321-a918-24c7a1e05dfc"", ""ontologyProperty"": """", ""resourceXresourceId"": ""fb30317d-900e-4a16-9381-c9018bb9f389"", ""inverseOntologyProperty"": """"}]"
48731a8d-1e50-5236-bc84-073f677a5ed3,tg:rubgr:3435,e73_AssociatedRecords,1,rubgr_foto,relatie naar geheel,tg:rubgr:3431,Verwijzing naar Grossmann object,,69725e7c-dba9-5fce-b426-3b660a86a88b,"[{""resourceId"": ""69725e7c-dba9-5fce-b426-3b660a86a88b"", ""ontologyProperty"": """", ""resourceXresourceId"": ""be34ffce-c428-4ff1-80ae-e22a54744ca4"", ""inverseOntologyProperty"": """"}]"
be34e0a0-c71d-540f-93a2-08cf7251017d,tg:rubgr:2574,e73_AssociatedRecords,1,rubgr_foto,relatie naar geheel,tg:rubgr:2567,Verwijzing naar Grossmann object,,23496b16-007d-56ce-9304-1446bf1047d4,"[{""resourceId"": ""23496b16-007d-56ce-9304-1446bf1047d4"", ""ontologyProperty"": """", ""resourceXresourceId"": ""50eda792-ba26-410e-9b60-c8dad882778d"", ""inverseOntologyProperty"": """"}]"
4d1308ff-b544-5f1d-853a-da576b18f3f4,tg:rubgr:3294,e73_AssociatedRecords,1,rubgr_foto,relatie naar geheel,tg:rubgr:3288,Verwijzing naar Grossmann object,,c51452dd-b104-55be-867c-cdbde556f1fa,"[{""resourceId"": ""c51452dd-b104-55be-867c-cdbde556f1fa"", ""ontologyProperty"": """", ""resourceXresourceId"": ""a80293f7-dbb1-4e8f-a619-c35a7de0c267"", ""inverseOntologyProperty"": """"}]"
a92134b5-0ae2-5049-83e8-8a59785c8357,tg:rubgr:2433,e73_AssociatedRecords,1,rubgr_foto,relatie naar geheel,tg:rubgr:2431,Verwijzing naar Grossmann object,,89466eea-17ed-5f7c-a0db-ee9c85d1a0eb,"[{""resourceId"": ""89466eea-17ed-5f7c-a0db-ee9c85d1a0eb"", ""ontologyProperty"": """", ""resourceXresourceId"": ""ad860c8e-8296-4cc2-8812-d75bd3badad9"", ""inverseOntologyProperty"": """"}]"
cdb0317d-4784-5bf7-87b7-bd542e50c9a6,tg:rubgr:2684,e73_AssociatedRecords,2,rubgr_foto,relatie naar geheel,tg:rubgr:2682,Verwijzing naar Grossmann object,,6eb526a7-3a4e-5460-8230-d9b96ed1ec39,"[{""resourceId"": ""6eb526a7-3a4e-5460-8230-d9b96ed1ec39"", ""ontologyProperty"": """", ""resourceXresourceId"": ""b1fc9066-3b22-4e78-8cc0-5f26bd33609f"", ""inverseOntologyProperty"": """"}]"
b5d0cd83-4d3e-5187-88a0-0be47fffc829,tg:rubgr:1944,e73_AssociatedRecords,1,rubgr_foto,relatie naar geheel,tg:rubgr:1943,Verwijzing naar Grossmann object,,97f47b29-6b5d-553f-93e7-8c07f5b11740,"[{""resourceId"": ""97f47b29-6b5d-553f-93e7-8c07f5b11740"", ""ontologyProperty"": """", ""resourceXresourceId"": ""a8fffd53-ed4f-46a0-92c2-3001c47619b8"", ""inverseOntologyProperty"": """"}]"
df189aed-1b3e-5489-af24-97b5737459de,tg:rubgr:348,e73_AssociatedRecords,1,rubgr_foto,relatie naar geheel,tg:rubgr:324,Verwijzing naar Grossmann object,,9b27b108-c363-52c9-b5fe-9c2b58cdf97f,"[{""resourceId"": ""9b27b108-c363-52c9-b5fe-9c2b58cdf97f"", ""ontologyProperty"": """", ""resourceXresourceId"": ""64db8e74-8199-4d63-be01-dfbb45c08c07"", ""inverseOntologyProperty"": """"}]"
29b31f8d-19f8-552b-a7b1-02a44fff02ef,tg:rubgr:883,e73_AssociatedRecords,1,rubgr_foto,relatie naar geheel,tg:rubgr:882,Verwijzing naar Grossmann object,,216b01a2-d178-58d4-895a-736dc54d7f71,"[{""resourceId"": ""216b01a2-d178-58d4-895a-736dc54d7f71"", ""ontologyProperty"": """", ""resourceXresourceId"": ""1044d539-de03-4634-bacc-513e5c4f0089"", ""inverseOntologyProperty"": """"}]"
5365a24f-38cc-5bfd-9384-47f5c2b2fa18,tg:rubgr:2293,e73_AssociatedRecords,1,rubgr_foto,relatie naar geheel,tg:rubgr:2290,Verwijzing naar Grossmann object,,95d9af60-5db0-50b5-b9d6-37e3221c0934,"[{""resourceId"": ""95d9af60-5db0-50b5-b9d6-37e3221c0934"", ""ontologyProperty"": """", ""resourceXresourceId"": ""72b39c82-ec09-4b35-b1e2-49a0c8af298b"", ""inverseOntologyProperty"": """"}]"
a4dc60eb-db7a-5a7f-b527-e969ebae5dcc,tg:rubgr:51,e73_AssociatedRecords,1,rubgr_foto,relatie naar geheel,tg:rubgr:30,Verwijzing naar Grossmann object,,409c7ee5-84ff-5b88-9e95-d7a3752ee03c,"[{""resourceId"": ""409c7ee5-84ff-5b88-9e95-d7a3752ee03c"", ""ontologyProperty"": """", ""resourceXresourceId"": ""77d8f430-85ce-4703-be88-eb7d6efee17a"", ""inverseOntologyProperty"": """"}]"
4a0da24b-0d38-583d-934a-c055c1f6a81a,tg:rubgr:2507,e73_AssociatedRecords,1,rubgr_foto,relatie naar geheel,tg:rubgr:2506,Verwijzing naar Grossmann object,,fcda06d8-6cd2-593b-9e12-a82359ea8a90,"[{""resourceId"": ""fcda06d8-6cd2-593b-9e12-a82359ea8a90"", ""ontologyProperty"": """", ""resourceXresourceId"": ""93971d38-d04e-4a7a-a561-6436839357f4"", ""inverseOntologyProperty"": """"}]"
dcbad928-101a-59f3-9f8a-fdf938ec956e,tg:rubgr:3434,e73_AssociatedRecords,1,rubgr_foto,gerelateerd object,tg:rubgr:3400,Verwijzing naar Grossmann object,,7ff44e61-e01f-5e16-ba7f-dffec65b46ff,"[{""resourceId"": ""7ff44e61-e01f-5e16-ba7f-dffec65b46ff"", ""ontologyProperty"": """", ""resourceXresourceId"": ""c2b3ef0c-8787-4336-87e9-c896db6d4061"", ""inverseOntologyProperty"": """"}]"
dcbad928-101a-59f3-9f8a-fdf938ec956e,tg:rubgr:3434,e73_AssociatedRecords,2,rubgr_foto,relatie naar geheel,tg:rubgr:3431,Verwijzing naar Grossmann object,,69725e7c-dba9-5fce-b426-3b660a86a88b,"[{""resourceId"": ""69725e7c-dba9-5fce-b426-3b660a86a88b"", ""ontologyProperty"": """", ""resourceXresourceId"": ""a137c735-c561-4414-bf28-eb3eb652ed79"", ""inverseOntologyProperty"": """"}]"
967c56e4-b5b4-567f-b8f6-43f34b509496,tg:rubgr:2565,e73_AssociatedRecords,1,rubgr_foto,relatie naar geheel,tg:rubgr:2564,Verwijzing naar Grossmann object,,92818cf0-7fb6-5fb0-8ad9-2b46189ba9f3,"[{""resourceId"": ""92818cf0-7fb6-5fb0-8ad9-2b46189ba9f3"", ""ontologyProperty"": """", ""resourceXresourceId"": ""5fcb21d9-cf90-4a49-bd68-b9a5d1063312"", ""inverseOntologyProperty"": """"}]"
5e870437-2b4f-5210-9f62-15f973644d99,tg:rubgr:3354,e73_AssociatedRecords,1,rubgr_foto,relatie naar geheel,tg:rubgr:3350,Verwijzing naar Grossmann object,,cd52b8c2-1b55-581d-9a17-61e0b6e71c69,"[{""resourceId"": ""cd52b8c2-1b55-581d-9a17-61e0b6e71c69"", ""ontologyProperty"": """", ""resourceXresourceId"": ""b453909d-db2b-4431-830d-7c8d5e7f68e0"", ""inverseOntologyProperty"": """"}]"
37f80899-baf5-5b1e-80d3-2f2bf8342061,tg:rubgr:3344,e73_AssociatedRecords,1,rubgr_foto,relatie naar geheel,tg:rubgr:3338,Verwijzing naar Grossmann object,,909a2567-7565-51a1-a51e-6d5c7af27196,"[{""resourceId"": ""909a2567-7565-51a1-a51e-6d5c7af27196"", ""ontologyProperty"": """", ""resourceXresourceId"": ""90b9bd96-f14d-44e0-b6cc-cc1426498f75"", ""inverseOntologyProperty"": """"}]"
1501a300-821b-57ba-ba5d-ee388f1ad578,tg:rubgr:2685,e73_AssociatedRecords,2,rubgr_foto,relatie naar geheel,tg:rubgr:2682,Verwijzing naar Grossmann object,,6eb526a7-3a4e-5460-8230-d9b96ed1ec39,"[{""resourceId"": ""6eb526a7-3a4e-5460-8230-d9b96ed1ec39"", ""ontologyProperty"": """", ""resourceXresourceId"": ""f1433a96-a550-4b41-8551-251b0b3728ce"", ""inverseOntologyProperty"": """"}]"
d4663e4d-39e5-56a2-8e09-5a62000a7877,tg:rubgr:2695,e73_AssociatedRecords,1,rubgr_foto,gerelateerd object,tg:rubgr:2696,Verwijzing naar Grossmann object,,ca24e4f9-8722-52f5-9f6c-c1eacf24300d,"[{""resourceId"": ""ca24e4f9-8722-52f5-9f6c-c1eacf24300d"", ""ontologyProperty"": """", ""resourceXresourceId"": ""2740927e-1e32-40ac-823d-6b5072bcbf12"", ""inverseOntologyProperty"": """"}]"
d4663e4d-39e5-56a2-8e09-5a62000a7877,tg:rubgr:2695,e73_AssociatedRecords,2,rubgr_foto,relatie naar geheel,tg:rubgr:2688,Verwijzing naar Grossmann object,,927fb954-e86d-5364-a6a2-8cef077ef624,"[{""resourceId"": ""927fb954-e86d-5364-a6a2-8cef077ef624"", ""ontologyProperty"": """", ""resourceXresourceId"": ""8c4ace1e-eb77-462e-a1c8-969d9aa5c1a1"", ""inverseOntologyProperty"": """"}]"
a2348c10-9923-5dfd-9f2c-7aa3c0fe6f0a,tg:rubgr:1945,e73_AssociatedRecords,1,rubgr_foto,relatie naar geheel,tg:rubgr:1943,Verwijzing naar Grossmann object,,97f47b29-6b5d-553f-93e7-8c07f5b11740,"[{""resourceId"": ""97f47b29-6b5d-553f-93e7-8c07f5b11740"", ""ontologyProperty"": """", ""resourceXresourceId"": ""7dca97ee-1a80-4d43-a14c-195e0e3a4bf7"", ""inverseOntologyProperty"": """"}]"
22292a2d-27b0-529f-8b30-7cbcb86d78ea,tg:rubgr:2432,e73_AssociatedRecords,1,rubgr_foto,relatie naar geheel,tg:rubgr:2431,Verwijzing naar Grossmann object,,89466eea-17ed-5f7c-a0db-ee9c85d1a0eb,"[{""resourceId"": ""89466eea-17ed-5f7c-a0db-ee9c85d1a0eb"", ""ontologyProperty"": """", ""resourceXresourceId"": ""eb382f9d-0a60-49fa-bafc-7d3107eea1b5"", ""inverseOntologyProperty"": """"}]"
9111ea72-c472-5aff-ab8b-e28e527f50a3,tg:rubgr:3300,e73_AssociatedRecords,1,rubgr_foto,relatie naar geheel,tg:rubgr:3288,Verwijzing naar Grossmann object,,c51452dd-b104-55be-867c-cdbde556f1fa,"[{""resourceId"": ""c51452dd-b104-55be-867c-cdbde556f1fa"", ""ontologyProperty"": """", ""resourceXresourceId"": ""1c92c010-6d6c-4ef4-9fe7-ba31aac08b69"", ""inverseOntologyProperty"": """"}]"
1b592d00-21b3-5f2c-960a-602561c351d0,tg:rubgr:2084,e73_AssociatedRecords,1,rubgr_foto,relatie naar geheel,tg:rubgr:2077,Verwijzing naar Grossmann object,,bb5fb226-6090-5e1c-9cde-8a817e0616b4,"[{""resourceId"": ""bb5fb226-6090-5e1c-9cde-8a817e0616b4"", ""ontologyProperty"": """", ""resourceXresourceId"": ""18d30fcd-a6b7-4258-880c-9520df640863"", ""inverseOntologyProperty"": """"}]"
657f2127-fea9-580a-ab96-f6470961edd2,tg:rubgr:1901,e73_AssociatedRecords,1,rubgr_foto,relatie naar geheel,tg:rubgr:1900,Verwijzing naar Grossmann object,,0f7bfc59-1622-50e2-93f3-11a9c1355bf6,"[{""resourceId"": ""0f7bfc59-1622-50e2-93f3-11a9c1355bf6"", ""ontologyProperty"": """", ""resourceXresourceId"": ""b1f92d97-f2a5-4f76-894e-73c4681c144a"", ""inverseOntologyProperty"": """"}]"
7b747166-e6dc-54ae-8bb5-3d846ae8688e,tg:rubgr:2668,e73_AssociatedRecords,1,rubgr_foto,gerelateerd onderdeel,tg:rubgr:2669,Verwijzing naar Grossmann object,,feda592c-e655-520c-89f0-32eb1140bd1e,"[{""resourceId"": ""feda592c-e655-520c-89f0-32eb1140bd1e"", ""ontologyProperty"": """", ""resourceXresourceId"": ""ee6d2dfa-dfaf-4c4e-a9ae-a81c1297387e"", ""inverseOntologyProperty"": """"}]"
7b747166-e6dc-54ae-8bb5-3d846ae8688e,tg:rubgr:2668,e73_AssociatedRecords,2,rubgr_foto,gerelateerd onderdeel,tg:rubgr:2670,Verwijzing naar Grossmann object,,165eea60-18b3-5c25-9ac8-5ee92f296341,"[{""resourceId"": ""165eea60-18b3-5c25-9ac8-5ee92f296341"", ""ontologyProperty"": """", ""resourceXresourceId"": ""7d967adb-9dcc-4b25-b37a-638952e80d68"", ""inverseOntologyProperty"": """"}]"
15f27be2-61cb-5ba6-a8de-95777fd32235,tg:rubgr:3396,e73_AssociatedRecords,1,rubgr_foto,gerelateerd object,tg:rubgr:3392,Verwijzing naar Grossmann object,,db2d4123-2bef-57d3-8b83-593183d8b5c1,"[{""resourceId"": ""db2d4123-2bef-57d3-8b83-593183d8b5c1"", ""ontologyProperty"": """", ""resourceXresourceId"": ""c9f39f10-ab19-438c-b98c-f447c1e47f8e"", ""inverseOntologyProperty"": """"}]"
15f27be2-61cb-5ba6-a8de-95777fd32235,tg:rubgr:3396,e73_AssociatedRecords,2,rubgr_foto,relatie naar geheel,tg:rubgr:3395,Verwijzing naar Grossmann object,,4257ede2-76ee-557b-8dda-cb2827ae7c8d,"[{""resourceId"": ""4257ede2-76ee-557b-8dda-cb2827ae7c8d"", ""ontologyProperty"": """", ""resourceXresourceId"": ""4c663dba-6946-4034-b9fc-a2a486f750ac"", ""inverseOntologyProperty"": """"}]"
9fc1d188-72df-5958-b80e-55017f50575c,tg:rubgr:3386,e73_AssociatedRecords,1,rubgr_foto,relatie naar geheel,tg:rubgr:3380,Verwijzing naar Grossmann object,,a37d3571-0e1d-5b58-9c59-883be36c2f6c,"[{""resourceId"": ""a37d3571-0e1d-5b58-9c59-883be36c2f6c"", ""ontologyProperty"": """", ""resourceXresourceId"": ""5a7a9311-e1ee-4000-94c2-ddc1105a7b43"", ""inverseOntologyProperty"": """"}]"
b6387191-2593-55bb-bf10-ea1950f589ee,tg:rubgr:350,e73_AssociatedRecords,1,rubgr_foto,gerelateerd onderdeel,tg:rubgr:318,Verwijzing naar Grossmann object,,5e437406-216f-51e8-93d1-b62ec6df831b,"[{""resourceId"": ""5e437406-216f-51e8-93d1-b62ec6df831b"", ""ontologyProperty"": """", ""resourceXresourceId"": ""db690a15-e5f4-4b49-8f1b-a62562c4c445"", ""inverseOntologyProperty"": """"}]"
2dbd966d-6a33-5ca1-8f03-5e064659fc13,tg:rubgr:3402,e73_AssociatedRecords,1,rubgr_foto,relatie naar geheel,tg:rubgr:3399,Verwijzing naar Grossmann object,,e157a97b-6245-5898-acea-7153f54483bc,"[{""resourceId"": ""e157a97b-6245-5898-acea-7153f54483bc"", ""ontologyProperty"": """", ""resourceXresourceId"": ""09017adb-3b8e-487b-97ef-ed36ef62a79a"", ""inverseOntologyProperty"": """"}]"
13ed4e87-4215-5c52-a594-fd7ede674dbd,tg:rubgr:964,e73_AssociatedRecords,1,rubgr_foto,relatie naar geheel,tg:rubgr:960,Verwijzing naar Grossmann object,,5c702e64-92af-5bc9-9008-0d9022116f24,"[{""resourceId"": ""5c702e64-92af-5bc9-9008-0d9022116f24"", ""ontologyProperty"": """", ""resourceXresourceId"": ""01aafd3a-d4c9-43dc-ba5c-6a4dbee94b99"", ""inverseOntologyProperty"": """"}]"
f29442b7-1841-5b95-bb48-04c1796d4f76,tg:rubgr:2598,e73_AssociatedRecords,1,rubgr_foto,relatie naar geheel,tg:rubgr:2593,Verwijzing naar Grossmann object,,67a61421-30e6-5319-9c01-f8b165bc9f9c,"[{""resourceId"": ""67a61421-30e6-5319-9c01-f8b165bc9f9c"", ""ontologyProperty"": """", ""resourceXresourceId"": ""2615145a-c000-48e1-ab3b-480615496677"", ""inverseOntologyProperty"": """"}]"
4659792a-d6dc-5139-9966-52dd544c13a3,tg:rubgr:2620,e73_AssociatedRecords,1,rubgr_foto,relatie naar geheel,tg:rubgr:2617,Verwijzing naar Grossmann object,,839cf30f-e509-5f0b-b1ea-09c80794debd,"[{""resourceId"": ""839cf30f-e509-5f0b-b1ea-09c80794debd"", ""ontologyProperty"": """", ""resourceXresourceId"": ""83f01454-6eb2-4613-b878-be584a45a524"", ""inverseOntologyProperty"": """"}]"
30acfdb2-4804-56d9-809f-a459dda17c88,tg:rubgr:3358,e73_AssociatedRecords,1,rubgr_foto,relatie naar geheel,tg:rubgr:3350,Verwijzing naar Grossmann object,,cd52b8c2-1b55-581d-9a17-61e0b6e71c69,"[{""resourceId"": ""cd52b8c2-1b55-581d-9a17-61e0b6e71c69"", ""ontologyProperty"": """", ""resourceXresourceId"": ""876ac624-11c5-4b6d-8e94-ca05532d8a95"", ""inverseOntologyProperty"": """"}]"
ff824a8e-6eb1-53ee-bf5c-9ca5114c653f,tg:rubgr:180,e73_AssociatedRecords,1,rubgr_foto,relatie naar geheel,tg:rubgr:161,Verwijzing naar Grossmann object,,7e4b6ed0-15ab-5b07-9a5f-829a92d45ddf,"[{""resourceId"": ""7e4b6ed0-15ab-5b07-9a5f-829a92d45ddf"", ""ontologyProperty"": """", ""resourceXresourceId"": ""e5706854-9447-42c1-b63e-aee28491d8d1"", ""inverseOntologyProperty"": """"}]"
a272b967-497b-5153-a79c-805956095ef4,tg:rubgr:2642,e73_AssociatedRecords,1,rubgr_foto,gerelateerd object,tg:rubgr:2641,Verwijzing naar Grossmann object,,8d8416e6-ab10-5371-ba54-9ef57ef605cc,"[{""resourceId"": ""8d8416e6-ab10-5371-ba54-9ef57ef605cc"", ""ontologyProperty"": """", ""resourceXresourceId"": ""2cc03f51-1f61-49ad-b48f-421ec619a2bc"", ""inverseOntologyProperty"": """"}]"
5e3da9a4-b604-5bf1-ad1f-26c25b6fb953,tg:rubgr:2411,e73_AssociatedRecords,2,rubgr_foto,relatie naar geheel,tg:rubgr:2410,Verwijzing naar Grossmann object,,ae2d249a-b75d-5614-97b6-d177d18cd038,"[{""resourceId"": ""ae2d249a-b75d-5614-97b6-d177d18cd038"", ""ontologyProperty"": """", ""resourceXresourceId"": ""00e0cff4-d417-4ee0-8fb4-90a92e283f39"", ""inverseOntologyProperty"": """"}]"
22671933-0ed5-578a-87c8-7988aeed42f8,tg:rubgr:174,e73_AssociatedRecords,1,rubgr_foto,relatie naar geheel,tg:rubgr:173,Verwijzing naar Grossmann object,,3bb42dab-50c4-5639-a848-84e3111ec4ff,"[{""resourceId"": ""3bb42dab-50c4-5639-a848-84e3111ec4ff"", ""ontologyProperty"": """", ""resourceXresourceId"": ""1c21df1e-b4cb-481f-871a-099a46ba7e22"", ""inverseOntologyProperty"": """"}]"
338e189f-50c6-5ac9-8e2b-8ebc8f16d49c,tg:rubgr:753,e73_AssociatedRecords,1,rubgr_foto,relatie naar geheel,tg:rubgr:746,Verwijzing naar Grossmann object,,c7a63c4f-68c5-5880-8654-aebc9c88ae40,"[{""resourceId"": ""c7a63c4f-68c5-5880-8654-aebc9c88ae40"", ""ontologyProperty"": """", ""resourceXresourceId"": ""769d5d28-cabf-4205-89b6-925dd61d00ef"", ""inverseOntologyProperty"": """"}]"
f7e0d038-cf36-5891-84a8-0baab4d226ce,tg:rubgr:3290,e73_AssociatedRecords,1,rubgr_foto,relatie naar geheel,tg:rubgr:3288,Verwijzing naar Grossmann object,,c51452dd-b104-55be-867c-cdbde556f1fa,"[{""resourceId"": ""c51452dd-b104-55be-867c-cdbde556f1fa"", ""ontologyProperty"": """", ""resourceXresourceId"": ""6f7ba36e-1ce2-4da8-b35e-cf40c91ed3de"", ""inverseOntologyProperty"": """"}]"
9816adf3-e28f-5e46-abc5-8b289a27d0f8,tg:rubgr:2680,e73_AssociatedRecords,1,rubgr_foto,gerelateerd object,tg:rubgr:2675,Verwijzing naar Grossmann object,,3b13ad59-6ae5-5137-a626-9be470de4026,"[{""resourceId"": ""3b13ad59-6ae5-5137-a626-9be470de4026"", ""ontologyProperty"": """", ""resourceXresourceId"": ""fbb31190-4ced-40dc-8ed4-d3ff8e51c04a"", ""inverseOntologyProperty"": """"}]"
9816adf3-e28f-5e46-abc5-8b289a27d0f8,tg:rubgr:2680,e73_AssociatedRecords,2,rubgr_foto,gerelateerd object,tg:rubgr:2676,Verwijzing naar Grossmann object,,53715325-d4a4-5032-80c5-5c2651674408,"[{""resourceId"": ""53715325-d4a4-5032-80c5-5c2651674408"", ""ontologyProperty"": """", ""resourceXresourceId"": ""96bbb00b-833c-4e9f-9648-a226f21cc3c4"", ""inverseOntologyProperty"": """"}]"
9816adf3-e28f-5e46-abc5-8b289a27d0f8,tg:rubgr:2680,e73_AssociatedRecords,3,rubgr_foto,gerelateerd object,tg:rubgr:2677,Verwijzing naar Grossmann object,,4025b2de-eb3f-5ec1-8575-aadaa085a88b,"[{""resourceId"": ""4025b2de-eb3f-5ec1-8575-aadaa085a88b"", ""ontologyProperty"": """", ""resourceXresourceId"": ""655d246c-e13c-4db8-8c7a-1da534cc8e25"", ""inverseOntologyProperty"": """"}]"
9816adf3-e28f-5e46-abc5-8b289a27d0f8,tg:rubgr:2680,e73_AssociatedRecords,4,rubgr_foto,gerelateerd object,tg:rubgr:2681,Verwijzing naar Grossmann object,,d815b894-e683-5bad-a312-8ead8c5b48ea,"[{""resourceId"": ""d815b894-e683-5bad-a312-8ead8c5b48ea"", ""ontologyProperty"": """", ""resourceXresourceId"": ""cd835f3a-d930-44d0-afa1-03fd0830bc8c"", ""inverseOntologyProperty"": """"}]"
9816adf3-e28f-5e46-abc5-8b289a27d0f8,tg:rubgr:2680,e73_AssociatedRecords,5,rubgr_foto,relatie naar geheel,tg:rubgr:2674,Verwijzing naar Grossmann object,,677f04cf-7ad0-5691-9b52-f1721e087885,"[{""resourceId"": ""677f04cf-7ad0-5691-9b52-f1721e087885"", ""ontologyProperty"": """", ""resourceXresourceId"": ""9a50bf19-e2a8-403d-bfb5-39ffd2549c0e"", ""inverseOntologyProperty"": """"}]"
282c2ac7-eb0a-5378-9852-b706fa79a949,tg:rubgr:862,e73_AssociatedRecords,1,rubgr_foto,relatie naar geheel,tg:rubgr:861,Verwijzing naar Grossmann object,,08d8933b-cb05-5cc9-856b-66ecb30657d5,"[{""resourceId"": ""08d8933b-cb05-5cc9-856b-66ecb30657d5"", ""ontologyProperty"": """", ""resourceXresourceId"": ""4a6d50b0-8f70-4d17-a343-bab7a8e3f13a"", ""inverseOntologyProperty"": """"}]"
2c82a38a-2e94-5098-8bec-506dfaff7ee7,tg:rubgr:2639,e73_AssociatedRecords,1,rubgr_foto,relatie naar geheel,tg:rubgr:2637,Verwijzing naar Grossmann object,,e0749c78-ded1-5ac0-beca-1236f7d719b4,"[{""resourceId"": ""e0749c78-ded1-5ac0-beca-1236f7d719b4"", ""ontologyProperty"": """", ""resourceXresourceId"": ""ebd340a1-2f92-48f6-836d-2d2d63759090"", ""inverseOntologyProperty"": """"}]"
3a44b4df-d5bc-559f-bc79-e99a2b007397,tg:rubgr:485,e73_AssociatedRecords,1,rubgr_foto,relatie naar geheel,tg:rubgr:483,Verwijzing naar Grossmann object,,fcb47ef0-1ab4-5843-afb6-9206dbb3e7f9,"[{""resourceId"": ""fcb47ef0-1ab4-5843-afb6-9206dbb3e7f9"", ""ontologyProperty"": """", ""resourceXresourceId"": ""a3bbf1dc-bab5-4637-98ed-0b19a1ec0123"", ""inverseOntologyProperty"": """"}]"
d965a64b-85ab-5e78-b762-4c221c978b56,tg:rubgr:54,e73_AssociatedRecords,1,rubgr_foto,relatie naar geheel,tg:rubgr:18,Verwijzing naar Grossmann object,,60cd8f3d-7c71-5087-9662-b314efbd9c39,"[{""resourceId"": ""60cd8f3d-7c71-5087-9662-b314efbd9c39"", ""ontologyProperty"": """", ""resourceXresourceId"": ""6e59ae50-34ef-4e4f-8b04-3451a8c1316f"", ""inverseOntologyProperty"": """"}]"
cca55489-660a-57fa-ab79-fd9c70fb15c3,tg:rubgr:5301,e73_AssociatedRecords,1,rubgr_foto,gerelateerd object,tg:rubgr:5305,Verwijzing naar Grossmann object,,9c6ec606-08a0-5bdf-a857-86bb113bf396,"[{""resourceId"": ""9c6ec606-08a0-5bdf-a857-86bb113bf396"", ""ontologyProperty"": """", ""resourceXresourceId"": ""639f21db-d17a-4495-8269-d9450347e051"", ""inverseOntologyProperty"": """"}]"
cca55489-660a-57fa-ab79-fd9c70fb15c3,tg:rubgr:5301,e73_AssociatedRecords,2,rubgr_foto,relatie naar geheel,tg:rubgr:5294,Verwijzing naar Grossmann object,,c398a096-51d0-528d-b732-0fa69e327e10,"[{""resourceId"": ""c398a096-51d0-528d-b732-0fa69e327e10"", ""ontologyProperty"": """", ""resourceXresourceId"": ""5c03116d-e048-4b2d-a629-c06979b00eac"", ""inverseOntologyProperty"": """"}]"
c07a1761-9c77-55e4-b3f9-2546f4dba166,tg:rubgr:2418,e73_AssociatedRecords,1,rubgr_foto,relatie naar geheel,tg:rubgr:2417,Verwijzing naar Grossmann object,,d67054a9-c69b-52bf-9fa9-c4c27a1c5951,"[{""resourceId"": ""d67054a9-c69b-52bf-9fa9-c4c27a1c5951"", ""ontologyProperty"": """", ""resourceXresourceId"": ""d0132d02-4146-4992-b8a2-5f59e379b206"", ""inverseOntologyProperty"": """"}]"
b963cdcb-14cc-57c6-985f-0cbb35844701,tg:rubgr:2606,e73_AssociatedRecords,1,rubgr_foto,relatie naar geheel,tg:rubgr:2603,Verwijzing naar Grossmann object,,9b3fd6b1-c352-5e4a-b857-71aa9f6050ed,"[{""resourceId"": ""9b3fd6b1-c352-5e4a-b857-71aa9f6050ed"", ""ontologyProperty"": """", ""resourceXresourceId"": ""24a52430-af07-4c3b-a44f-9e3e64acbc71"", ""inverseOntologyProperty"": """"}]"
14859b3f-1d1a-587d-b1c8-84dfa9030e4a,tg:rubgr:2585,e73_AssociatedRecords,1,rubgr_foto,relatie naar geheel,tg:rubgr:2584,Verwijzing naar Grossmann object,,86307d38-0170-51ad-b784-4a0cf8115f83,"[{""resourceId"": ""86307d38-0170-51ad-b784-4a0cf8115f83"", ""ontologyProperty"": """", ""resourceXresourceId"": ""ceecd5f6-3cd2-4a9e-9fad-f4cd998ad3a3"", ""inverseOntologyProperty"": """"}]"
a6129116-cc96-5326-abdb-57eff3ec2259,tg:rubgr:3340,e73_AssociatedRecords,1,rubgr_foto,relatie naar geheel,tg:rubgr:3338,Verwijzing naar Grossmann object,,909a2567-7565-51a1-a51e-6d5c7af27196,"[{""resourceId"": ""909a2567-7565-51a1-a51e-6d5c7af27196"", ""ontologyProperty"": """", ""resourceXresourceId"": ""399f33b6-5df1-4107-9eb5-5cbb1d466165"", ""inverseOntologyProperty"": """"}]"
ec285ce3-28af-52dd-b8ed-2288c8889793,tg:rubgr:811,e73_AssociatedRecords,1,rubgr_foto,gerelateerd onderdeel,tg:rubgr:808,Verwijzing naar Grossmann object,,184b3b4e-f741-557f-b1a3-2281f3f512ec,"[{""resourceId"": ""184b3b4e-f741-557f-b1a3-2281f3f512ec"", ""ontologyProperty"": """", ""resourceXresourceId"": ""990663cc-5980-4c48-8e57-29667066e8f7"", ""inverseOntologyProperty"": """"}]"
3ee7ddc9-3651-574c-b5fc-0e83bd3d3e0c,tg:rubgr:2638,e73_AssociatedRecords,1,rubgr_foto,relatie naar geheel,tg:rubgr:2637,Verwijzing naar Grossmann object,,e0749c78-ded1-5ac0-beca-1236f7d719b4,"[{""resourceId"": ""e0749c78-ded1-5ac0-beca-1236f7d719b4"", ""ontologyProperty"": """", ""resourceXresourceId"": ""36fecfd6-ff7a-4c73-beca-30f48ac90885"", ""inverseOntologyProperty"": """"}]"
a4ddacc9-3fa0-50c8-84c8-9ad12f5a01d2,tg:rubgr:2436,e73_AssociatedRecords,1,rubgr_foto,relatie naar geheel,tg:rubgr:2435,Verwijzing naar Grossmann object,,cfb284ce-00d6-5bc8-8436-1fd49428963a,"[{""resourceId"": ""cfb284ce-00d6-5bc8-8436-1fd49428963a"", ""ontologyProperty"": """", ""resourceXresourceId"": ""1ff1125e-b2ea-4b5c-a049-0e9b771bffb9"", ""inverseOntologyProperty"": """"}]"
0d9b6087-0a9e-519e-9db4-78c093e1a3fd,tg:rubgr:1951,e73_AssociatedRecords,1,rubgr_foto,gerelateerd onderdeel,tg:rubgr:1950,Verwijzing naar Grossmann object,,c6395b4f-50b5-5178-974f-cf961382eef5,"[{""resourceId"": ""c6395b4f-50b5-5178-974f-cf961382eef5"", ""ontologyProperty"": """", ""resourceXresourceId"": ""cbd2edf6-9b93-4d3e-b10a-1d98445050bf"", ""inverseOntologyProperty"": """"}]"
d815b894-e683-5bad-a312-8ead8c5b48ea,tg:rubgr:2681,e73_AssociatedRecords,1,rubgr_foto,gerelateerd object,tg:rubgr:2674,Verwijzing naar Grossmann object,,677f04cf-7ad0-5691-9b52-f1721e087885,"[{""resourceId"": ""677f04cf-7ad0-5691-9b52-f1721e087885"", ""ontologyProperty"": """", ""resourceXresourceId"": ""8a8e9d85-d47e-4ed7-b90c-4506615eb5a0"", ""inverseOntologyProperty"": """"}]"
d815b894-e683-5bad-a312-8ead8c5b48ea,tg:rubgr:2681,e73_AssociatedRecords,2,rubgr_foto,gerelateerd object,tg:rubgr:2675,Verwijzing naar Grossmann object,,3b13ad59-6ae5-5137-a626-9be470de4026,"[{""resourceId"": ""3b13ad59-6ae5-5137-a626-9be470de4026"", ""ontologyProperty"": """", ""resourceXresourceId"": ""4a25fd97-f7b7-48c7-8ff0-b15d78178f95"", ""inverseOntologyProperty"": """"}]"
d815b894-e683-5bad-a312-8ead8c5b48ea,tg:rubgr:2681,e73_AssociatedRecords,3,rubgr_foto,gerelateerd object,tg:rubgr:2676,Verwijzing naar Grossmann object,,53715325-d4a4-5032-80c5-5c2651674408,"[{""resourceId"": ""53715325-d4a4-5032-80c5-5c2651674408"", ""ontologyProperty"": """", ""resourceXresourceId"": ""b0e5caf5-a333-433c-b9bc-ea031babec5f"", ""inverseOntologyProperty"": """"}]"
d815b894-e683-5bad-a312-8ead8c5b48ea,tg:rubgr:2681,e73_AssociatedRecords,4,rubgr_foto,gerelateerd object,tg:rubgr:2677,Verwijzing naar Grossmann object,,4025b2de-eb3f-5ec1-8575-aadaa085a88b,"[{""resourceId"": ""4025b2de-eb3f-5ec1-8575-aadaa085a88b"", ""ontologyProperty"": """", ""resourceXresourceId"": ""41a01277-5d31-4f3b-882f-b9111db5f8f7"", ""inverseOntologyProperty"": """"}]"
d815b894-e683-5bad-a312-8ead8c5b48ea,tg:rubgr:2681,e73_AssociatedRecords,5,rubgr_foto,gerelateerd object,tg:rubgr:2680,Verwijzing naar Grossmann object,,9816adf3-e28f-5e46-abc5-8b289a27d0f8,"[{""resourceId"": ""9816adf3-e28f-5e46-abc5-8b289a27d0f8"", ""ontologyProperty"": """", ""resourceXresourceId"": ""0d53444c-d47d-468e-8936-e08bd953dd84"", ""inverseOntologyProperty"": """"}]"
eeca19a5-c28c-50f1-84dd-48e03620d129,tg:rubgr:55,e73_AssociatedRecords,1,rubgr_foto,relatie naar geheel,tg:rubgr:18,Verwijzing naar Grossmann object,,60cd8f3d-7c71-5087-9662-b314efbd9c39,"[{""resourceId"": ""60cd8f3d-7c71-5087-9662-b314efbd9c39"", ""ontologyProperty"": """", ""resourceXresourceId"": ""e0e0ce96-7a5b-47b7-b5d0-2276856259b1"", ""inverseOntologyProperty"": """"}]"
18b22811-c899-53cf-84a8-682e187de832,tg:rubgr:3430,e73_AssociatedRecords,1,rubgr_foto,relatie naar geheel,tg:rubgr:3420,Verwijzing naar Grossmann object,,b7d7f430-f6e4-55ef-9464-a6e98b203d40,"[{""resourceId"": ""b7d7f430-f6e4-55ef-9464-a6e98b203d40"", ""ontologyProperty"": """", ""resourceXresourceId"": ""72a531f3-fef2-4a77-bbe7-036812f6b160"", ""inverseOntologyProperty"": """"}]"
be85159d-96f7-5363-bfeb-ca4c7384cab4,tg:rubgr:2621,e73_AssociatedRecords,1,rubgr_foto,relatie naar geheel,tg:rubgr:2617,Verwijzing naar Grossmann object,,839cf30f-e509-5f0b-b1ea-09c80794debd,"[{""resourceId"": ""839cf30f-e509-5f0b-b1ea-09c80794debd"", ""ontologyProperty"": """", ""resourceXresourceId"": ""364a0110-2137-4f22-91af-d6c6907a2fdc"", ""inverseOntologyProperty"": """"}]"
7b9fdd0a-3dcb-5096-82e2-36589bac8e16,tg:rubgr:3406,e73_AssociatedRecords,1,rubgr_foto,relatie naar geheel,tg:rubgr:3405,Verwijzing naar Grossmann object,,a951616b-1876-5e40-bef4-630ba134c8c7,"[{""resourceId"": ""a951616b-1876-5e40-bef4-630ba134c8c7"", ""ontologyProperty"": """", ""resourceXresourceId"": ""36f01416-85fd-439a-8641-1a84d06d6736"", ""inverseOntologyProperty"": """"}]"
2e0aba10-626a-5412-972d-93ca453f818f,tg:rubgr:3298,e73_AssociatedRecords,1,rubgr_foto,relatie naar geheel,tg:rubgr:3288,Verwijzing naar Grossmann object,,c51452dd-b104-55be-867c-cdbde556f1fa,"[{""resourceId"": ""c51452dd-b104-55be-867c-cdbde556f1fa"", ""ontologyProperty"": """", ""resourceXresourceId"": ""e233e671-3bfd-401d-98eb-9b9d820f4de9"", ""inverseOntologyProperty"": """"}]"
bf0080a3-19d7-5d04-a2e0-761bbc229834,tg:rubgr:2643,e73_AssociatedRecords,1,rubgr_foto,gerelateerd object,tg:rubgr:2642,Verwijzing naar Grossmann object,,a272b967-497b-5153-a79c-805956095ef4,"[{""resourceId"": ""a272b967-497b-5153-a79c-805956095ef4"", ""ontologyProperty"": """", ""resourceXresourceId"": ""88a7241f-b2e7-4ebc-bd9c-2b272dcbf285"", ""inverseOntologyProperty"": """"}]"
5112f1eb-17f5-5ee8-8479-6540e8a76e95,tg:rubgr:3359,e73_AssociatedRecords,1,rubgr_foto,relatie naar geheel,tg:rubgr:3350,Verwijzing naar Grossmann object,,cd52b8c2-1b55-581d-9a17-61e0b6e71c69,"[{""resourceId"": ""cd52b8c2-1b55-581d-9a17-61e0b6e71c69"", ""ontologyProperty"": """", ""resourceXresourceId"": ""65427022-89b3-48cf-a09c-da844228efb4"", ""inverseOntologyProperty"": """"}]"
ee1c0d14-5963-56a2-aa18-5febed47009d,tg:rubgr:2255,e73_AssociatedRecords,1,rubgr_foto,relatie naar geheel,tg:rubgr:2252,Verwijzing naar Grossmann object,,b25dc4b6-6798-5d31-9512-00bac4b17592,"[{""resourceId"": ""b25dc4b6-6798-5d31-9512-00bac4b17592"", ""ontologyProperty"": """", ""resourceXresourceId"": ""6f9cfae2-49e3-4d17-a603-3c1bee745840"", ""inverseOntologyProperty"": """"}]"
ae4978cc-71c3-5ffc-a4ec-e1cf00a7f403,tg:rubgr:3523,e73_AssociatedRecords,1,rubgr_foto,relatie naar geheel,tg:rubgr:3520,Verwijzing naar Grossmann object,,bf6e6cb2-7b49-5144-bfb4-9db3b87414c8,"[{""resourceId"": ""bf6e6cb2-7b49-5144-bfb4-9db3b87414c8"", ""ontologyProperty"": """", ""resourceXresourceId"": ""3635a50e-36e9-4879-a210-157d320576e1"", ""inverseOntologyProperty"": """"}]"
ae4978cc-71c3-5ffc-a4ec-e1cf00a7f403,tg:rubgr:3523,e73_AssociatedRecords,2,rubgr_foto,relatie naar geheel,tg:rubgr:3524,Verwijzing naar Grossmann object,,b486fdb8-b1c2-5d63-b483-0d48075145a8,"[{""resourceId"": ""b486fdb8-b1c2-5d63-b483-0d48075145a8"", ""ontologyProperty"": """", ""resourceXresourceId"": ""8dec8975-01ae-4ae1-930c-f1c5660ce728"", ""inverseOntologyProperty"": """"}]"
e47c3249-7620-578a-a233-18d69d472267,tg:rubgr:2472,e73_AssociatedRecords,1,rubgr_foto,gerelateerd object,tg:rubgr:2473,Verwijzing naar Grossmann object,,58f9dad5-aefb-51a1-84df-029f4c261146,"[{""resourceId"": ""58f9dad5-aefb-51a1-84df-029f4c261146"", ""ontologyProperty"": """", ""resourceXresourceId"": ""696c56ca-f0d7-4e4b-a539-1ec39d5db6aa"", ""inverseOntologyProperty"": """"}]"
75cb7d52-2f7e-54d0-bfb9-bdab1bd82664,tg:rubgr:3848,e73_AssociatedRecords,1,rubgr_foto,relatie naar geheel,tg:rubgr:3842,Verwijzing naar Grossmann object,,a5283ced-6276-51db-b98c-c001a0181729,"[{""resourceId"": ""a5283ced-6276-51db-b98c-c001a0181729"", ""ontologyProperty"": """", ""resourceXresourceId"": ""6313c829-74b6-4bd8-a2b7-8c46fc79ce7b"", ""inverseOntologyProperty"": """"}]"
85442c1e-b453-5a1d-a2f2-0706d61b5df0,tg:rubgr:752,e73_AssociatedRecords,1,rubgr_foto,relatie naar geheel,tg:rubgr:746,Verwijzing naar Grossmann object,,c7a63c4f-68c5-5880-8654-aebc9c88ae40,"[{""resourceId"": ""c7a63c4f-68c5-5880-8654-aebc9c88ae40"", ""ontologyProperty"": """", ""resourceXresourceId"": ""0413ebee-cd6b-491d-aba2-247ae940fdc0"", ""inverseOntologyProperty"": """"}]"
8be6eeaf-3303-52a4-8d36-e8da68b0f3fc,tg:rubgr:2261,e73_AssociatedRecords,1,rubgr_foto,relatie naar geheel,tg:rubgr:2259,Verwijzing naar Grossmann object,,78f7ea5f-c2e3-5b50-ad87-dd5f1a6af11f,"[{""resourceId"": ""78f7ea5f-c2e3-5b50-ad87-dd5f1a6af11f"", ""ontologyProperty"": """", ""resourceXresourceId"": ""fec7a823-110f-497d-bcf7-39d4fd055d35"", ""inverseOntologyProperty"": """"}]"
25670f58-663b-5f6e-b935-745f0eb7cb13,tg:rubgr:2693,e73_AssociatedRecords,1,rubgr_foto,relatie naar geheel,tg:rubgr:2688,Verwijzing naar Grossmann object,,927fb954-e86d-5364-a6a2-8cef077ef624,"[{""resourceId"": ""927fb954-e86d-5364-a6a2-8cef077ef624"", ""ontologyProperty"": """", ""resourceXresourceId"": ""0bed9f68-3035-4380-91d8-a0619a5112c6"", ""inverseOntologyProperty"": """"}]"
d2061bea-c16f-54f3-a9a4-656f8ebd38cd,tg:rubgr:2683,e73_AssociatedRecords,1,rubgr_foto,relatie naar geheel,tg:rubgr:2682,Verwijzing naar Grossmann object,,6eb526a7-3a4e-5460-8230-d9b96ed1ec39,"[{""resourceId"": ""6eb526a7-3a4e-5460-8230-d9b96ed1ec39"", ""ontologyProperty"": """", ""resourceXresourceId"": ""51cc5f52-c082-4de5-8aeb-02a187669613"", ""inverseOntologyProperty"": """"}]"
df3facf0-800b-5a3f-8bf2-d13da174eef7,tg:rubgr:3389,e73_AssociatedRecords,2,rubgr_foto,relatie naar geheel,tg:rubgr:3387,Verwijzing naar Grossmann object,,a8d9c78d-aba3-5966-8e5a-26f8a543f9eb,"[{""resourceId"": ""a8d9c78d-aba3-5966-8e5a-26f8a543f9eb"", ""ontologyProperty"": """", ""resourceXresourceId"": ""5c1a43f9-f31d-4ed4-823e-6c454ac164b6"", ""inverseOntologyProperty"": """"}]"
1ebab8f3-792e-592d-8f6a-b3a54083d36c,tg:rubgr:3293,e73_AssociatedRecords,1,rubgr_foto,relatie naar geheel,tg:rubgr:3288,Verwijzing naar Grossmann object,,c51452dd-b104-55be-867c-cdbde556f1fa,"[{""resourceId"": ""c51452dd-b104-55be-867c-cdbde556f1fa"", ""ontologyProperty"": """", ""resourceXresourceId"": ""591de2e5-9188-4bc5-94fa-fdd997ac0ba5"", ""inverseOntologyProperty"": """"}]"
aba8fbac-dc66-5e48-a988-656474379eb1,tg:rubgr:3342,e73_AssociatedRecords,1,rubgr_foto,relatie naar geheel,tg:rubgr:3338,Verwijzing naar Grossmann object,,909a2567-7565-51a1-a51e-6d5c7af27196,"[{""resourceId"": ""909a2567-7565-51a1-a51e-6d5c7af27196"", ""ontologyProperty"": """", ""resourceXresourceId"": ""5514dae3-6b37-41c9-96c5-54f3cbe6dc1b"", ""inverseOntologyProperty"": """"}]"
cdbb4d33-a044-5a24-b3cf-3ff1e03dd09a,tg:rubgr:2446,e73_AssociatedRecords,1,rubgr_foto,relatie naar geheel,tg:rubgr:2445,Verwijzing naar Grossmann object,,b4be448c-7d96-542b-b8b3-b6965f47853a,"[{""resourceId"": ""b4be448c-7d96-542b-b8b3-b6965f47853a"", ""ontologyProperty"": """", ""resourceXresourceId"": ""4816cd17-e69e-49c3-9a44-cce253f20bf9"", ""inverseOntologyProperty"": """"}]"
650824f7-25ba-5e6e-99fd-b8e970458faa,tg:rubgr:2605,e73_AssociatedRecords,1,rubgr_foto,relatie naar geheel,tg:rubgr:2603,Verwijzing naar Grossmann object,,9b3fd6b1-c352-5e4a-b857-71aa9f6050ed,"[{""resourceId"": ""9b3fd6b1-c352-5e4a-b857-71aa9f6050ed"", ""ontologyProperty"": """", ""resourceXresourceId"": ""a1d9d6ba-88a8-438e-8ed7-c5c11f13dba9"", ""inverseOntologyProperty"": """"}]"
dd716db3-acb4-5860-baa3-44900cc45ba0,tg:rubgr:749,e73_AssociatedRecords,1,rubgr_foto,relatie naar geheel,tg:rubgr:746,Verwijzing naar Grossmann object,,c7a63c4f-68c5-5880-8654-aebc9c88ae40,"[{""resourceId"": ""c7a63c4f-68c5-5880-8654-aebc9c88ae40"", ""ontologyProperty"": """", ""resourceXresourceId"": ""bb885df9-5c99-4a95-888c-8914ea493132"", ""inverseOntologyProperty"": """"}]"
905c63ba-1ee9-5e0e-b16e-a9c7aa325663,tg:rubgr:2651,e73_AssociatedRecords,1,rubgr_foto,relatie naar geheel,tg:rubgr:2648,Verwijzing naar Grossmann object,,d45e258c-a093-57fe-af30-ab959cb9fe33,"[{""resourceId"": ""d45e258c-a093-57fe-af30-ab959cb9fe33"", ""ontologyProperty"": """", ""resourceXresourceId"": ""e7825298-f5fc-4962-b503-7f9f4e53c46e"", ""inverseOntologyProperty"": """"}]"
8d8416e6-ab10-5371-ba54-9ef57ef605cc,tg:rubgr:2641,e73_AssociatedRecords,1,rubgr_foto,gerelateerd object,tg:rubgr:2640,Verwijzing naar Grossmann object,,a112c1f9-4daf-54bf-8ea7-7af2f895f229,"[{""resourceId"": ""a112c1f9-4daf-54bf-8ea7-7af2f895f229"", ""ontologyProperty"": """", ""resourceXresourceId"": ""3973c367-a111-4676-9b3f-8a1e080faa07"", ""inverseOntologyProperty"": """"}]"
756e189b-27cc-5c87-828a-e063fae5c035,tg:rubgr:2527,e73_AssociatedRecords,1,rubgr_foto,gerelateerd object,tg:rubgr:2525,Verwijzing naar Grossmann object,,0e722af1-4498-5738-a902-031fe8a2d6d4,"[{""resourceId"": ""0e722af1-4498-5738-a902-031fe8a2d6d4"", ""ontologyProperty"": """", ""resourceXresourceId"": ""ef09a5df-b198-4d85-8d83-256b603ea906"", ""inverseOntologyProperty"": """"}]"
382a285e-1a70-5167-8617-fec96bc2c2ac,tg:rubgr:3390,e73_AssociatedRecords,1,rubgr_foto,relatie naar geheel,tg:rubgr:3387,Verwijzing naar Grossmann object,,a8d9c78d-aba3-5966-8e5a-26f8a543f9eb,"[{""resourceId"": ""a8d9c78d-aba3-5966-8e5a-26f8a543f9eb"", ""ontologyProperty"": """", ""resourceXresourceId"": ""28494d36-1455-4f84-8092-70a49c623ec0"", ""inverseOntologyProperty"": """"}]"
86b4f6ad-edc7-5c7e-84c7-49e0f6b6d8fd,tg:rubgr:2484,e73_AssociatedRecords,1,rubgr_foto,relatie naar geheel,tg:rubgr:2481,Verwijzing naar Grossmann object,,b34b7b36-d744-593b-9990-40daedad41c8,"[{""resourceId"": ""b34b7b36-d744-593b-9990-40daedad41c8"", ""ontologyProperty"": """", ""resourceXresourceId"": ""837a58fa-8feb-4f1a-b1de-030561f69b7f"", ""inverseOntologyProperty"": """"}]"
86b4f6ad-edc7-5c7e-84c7-49e0f6b6d8fd,tg:rubgr:2484,e73_AssociatedRecords,2,rubgr_foto,relatie naar geheel,tg:rubgr:2483,Verwijzing naar Grossmann object,,77e10de5-ad8e-52bb-a03c-6bd97c51d596,"[{""resourceId"": ""77e10de5-ad8e-52bb-a03c-6bd97c51d596"", ""ontologyProperty"": """", ""resourceXresourceId"": ""5b889ed8-bc0a-4f44-9b72-7a6f29b03809"", ""inverseOntologyProperty"": """"}]"
93a31e52-9be3-5922-a9df-1454201792af,tg:rubgr:2508,e73_AssociatedRecords,1,rubgr_foto,relatie naar geheel,tg:rubgr:2506,Verwijzing naar Grossmann object,,fcda06d8-6cd2-593b-9e12-a82359ea8a90,"[{""resourceId"": ""fcda06d8-6cd2-593b-9e12-a82359ea8a90"", ""ontologyProperty"": """", ""resourceXresourceId"": ""39798e19-c2a3-4cc9-94b0-d972b996ad31"", ""inverseOntologyProperty"": """"}]"
2d2d64ca-d378-50de-b728-2c7a48e6c50b,tg:rubgr:750,e73_AssociatedRecords,1,rubgr_foto,relatie naar geheel,tg:rubgr:746,Verwijzing naar Grossmann object,,c7a63c4f-68c5-5880-8654-aebc9c88ae40,"[{""resourceId"": ""c7a63c4f-68c5-5880-8654-aebc9c88ae40"", ""ontologyProperty"": """", ""resourceXresourceId"": ""ec0b794c-fd03-4986-9ce0-08fff2ad8c7a"", ""inverseOntologyProperty"": """"}]"
b2e3659a-a775-57c2-807f-3ceadf6d3afe,tg:rubgr:3828,e73_AssociatedRecords,1,rubgr_foto,relatie naar geheel,tg:rubgr:3825,Verwijzing naar Grossmann object,,80b2675a-0bda-5829-9bb3-2532e12ce352,"[{""resourceId"": ""80b2675a-0bda-5829-9bb3-2532e12ce352"", ""ontologyProperty"": """", ""resourceXresourceId"": ""ad2f2288-7a45-49f8-b16e-b390f8e26035"", ""inverseOntologyProperty"": """"}]"
9bd29bb8-a232-5dae-b7e8-e5a82ab5e7dc,tg:rubgr:2198,e73_AssociatedRecords,1,rubgr_foto,relatie naar geheel,tg:rubgr:2197,Verwijzing naar Grossmann object,,7e0b0814-9e67-5c3a-a6a6-2199694a7043,"[{""resourceId"": ""7e0b0814-9e67-5c3a-a6a6-2199694a7043"", ""ontologyProperty"": """", ""resourceXresourceId"": ""f5494d67-ebfd-44db-b21d-ec9e00083560"", ""inverseOntologyProperty"": """"}]"
70b737b4-71f7-5d9b-9480-3f4d993993c2,tg:rubgr:182,e73_AssociatedRecords,1,rubgr_foto,relatie naar geheel,tg:rubgr:134,Verwijzing naar Grossmann object,,5c876b3f-7d67-5321-a918-24c7a1e05dfc,"[{""resourceId"": ""5c876b3f-7d67-5321-a918-24c7a1e05dfc"", ""ontologyProperty"": """", ""resourceXresourceId"": ""c2502e64-41be-41fb-84b5-a243e01da5a2"", ""inverseOntologyProperty"": """"}]"
d30c358a-9aab-5403-a810-1c7ec274a009,tg:rubgr:2650,e73_AssociatedRecords,1,rubgr_foto,relatie naar geheel,tg:rubgr:2648,Verwijzing naar Grossmann object,,d45e258c-a093-57fe-af30-ab959cb9fe33,"[{""resourceId"": ""d45e258c-a093-57fe-af30-ab959cb9fe33"", ""ontologyProperty"": """", ""resourceXresourceId"": ""d4f6cca5-88ba-4fe4-86e2-611907d334a4"", ""inverseOntologyProperty"": """"}]"
54c000a1-9d22-51a2-ab8f-af348b5dacb6,tg:rubgr:1756,e73_AssociatedRecords,1,rubgr_foto,gerelateerd object,tg:rubgr:1701,Verwijzing naar Grossmann object,,f31d4849-6785-5466-a7ea-6ec760ae9548,"[{""resourceId"": ""f31d4849-6785-5466-a7ea-6ec760ae9548"", ""ontologyProperty"": """", ""resourceXresourceId"": ""e0379aae-c2e9-4c30-96e0-01e5c8f83bb0"", ""inverseOntologyProperty"": """"}]"
54c000a1-9d22-51a2-ab8f-af348b5dacb6,tg:rubgr:1756,e73_AssociatedRecords,2,rubgr_foto,gerelateerd object,tg:rubgr:1770,Verwijzing naar Grossmann object,,42c4f857-578a-5bd1-8bcc-1bd0285a8f9e,"[{""resourceId"": ""42c4f857-578a-5bd1-8bcc-1bd0285a8f9e"", ""ontologyProperty"": """", ""resourceXresourceId"": ""c9457da5-8fe1-4bad-b966-9cc6a12e439b"", ""inverseOntologyProperty"": """"}]"
e70c7306-8412-58aa-8bd7-db2c66f18832,tg:rubgr:751,e73_AssociatedRecords,2,rubgr_foto,relatie naar geheel,tg:rubgr:746,Verwijzing naar Grossmann object,,c7a63c4f-68c5-5880-8654-aebc9c88ae40,"[{""resourceId"": ""c7a63c4f-68c5-5880-8654-aebc9c88ae40"", ""ontologyProperty"": """", ""resourceXresourceId"": ""5ae533ce-c27b-4c96-b1ce-8a0a7cf7023d"", ""inverseOntologyProperty"": """"}]"
a830ccbb-dc63-5696-8553-07133fb63f56,tg:rubgr:3589,e73_AssociatedRecords,1,rubgr_foto,relatie naar geheel,tg:rubgr:3584,Verwijzing naar Grossmann object,,550b7928-d6c4-5aa0-a5df-33d355af6a69,"[{""resourceId"": ""550b7928-d6c4-5aa0-a5df-33d355af6a69"", ""ontologyProperty"": """", ""resourceXresourceId"": ""bc0c303b-9a4d-4fd1-83a0-15a5e2eff814"", ""inverseOntologyProperty"": """"}]"
f7148c33-b41c-588e-9389-7bfcf722f3e8,tg:rubgr:4184,e73_AssociatedRecords,1,rubgr_foto,relatie naar geheel,tg:rubgr:4181,Verwijzing naar Grossmann object,,ae1b11f3-384e-53c6-9655-ca64b898c614,"[{""resourceId"": ""ae1b11f3-384e-53c6-9655-ca64b898c614"", ""ontologyProperty"": """", ""resourceXresourceId"": ""a8fc57a1-afaf-4efd-84b0-a9b026ea53eb"", ""inverseOntologyProperty"": """"}]"
2d4b88db-7254-575e-b513-28fbf5484354,tg:rubgr:2509,e73_AssociatedRecords,1,rubgr_foto,gerelateerd object,tg:rubgr:2510,Verwijzing naar Grossmann object,,7e5a170b-9ddd-5309-b641-95abe920f8e5,"[{""resourceId"": ""7e5a170b-9ddd-5309-b641-95abe920f8e5"", ""ontologyProperty"": """", ""resourceXresourceId"": ""81a34cef-d4bf-4e84-9b1f-fba0ca045f0f"", ""inverseOntologyProperty"": """"}]"
ef0ebb1f-7b18-52b1-8be2-5c70bbdc3c42,tg:rubgr:1228,e73_AssociatedRecords,1,rubgr_foto,relatie naar geheel,tg:rubgr:1223,Verwijzing naar Grossmann object,,b27086ba-4e21-55d8-9e6f-f9308e75531d,"[{""resourceId"": ""b27086ba-4e21-55d8-9e6f-f9308e75531d"", ""ontologyProperty"": """", ""resourceXresourceId"": ""a4962523-6295-4ae1-93b9-4655a13c7a35"", ""inverseOntologyProperty"": """"}]"
031756e2-6d4a-5915-b5db-a9235abdbddc,tg:rubgr:3388,e73_AssociatedRecords,1,rubgr_foto,relatie naar geheel,tg:rubgr:3387,Verwijzing naar Grossmann object,,a8d9c78d-aba3-5966-8e5a-26f8a543f9eb,"[{""resourceId"": ""a8d9c78d-aba3-5966-8e5a-26f8a543f9eb"", ""ontologyProperty"": """", ""resourceXresourceId"": ""969cef44-39e0-4ffd-ac94-5c835edd8fe1"", ""inverseOntologyProperty"": """"}]"
6eb526a7-3a4e-5460-8230-d9b96ed1ec39,tg:rubgr:2682,e73_AssociatedRecords,1,rubgr_foto,gerelateerd onderdeel,tg:rubgr:2683,Verwijzing naar Grossmann object,,d2061bea-c16f-54f3-a9a4-656f8ebd38cd,"[{""resourceId"": ""d2061bea-c16f-54f3-a9a4-656f8ebd38cd"", ""ontologyProperty"": """", ""resourceXresourceId"": ""7648e7ee-1fee-4eca-b085-85c775b5492d"", ""inverseOntologyProperty"": """"}]"
6eb526a7-3a4e-5460-8230-d9b96ed1ec39,tg:rubgr:2682,e73_AssociatedRecords,2,rubgr_foto,gerelateerd onderdeel,tg:rubgr:2684,Verwijzing naar Grossmann object,,cdb0317d-4784-5bf7-87b7-bd542e50c9a6,"[{""resourceId"": ""cdb0317d-4784-5bf7-87b7-bd542e50c9a6"", ""ontologyProperty"": """", ""resourceXresourceId"": ""fdb97da4-afa9-45f4-ada4-539593f2ae66"", ""inverseOntologyProperty"": """"}]"
6eb526a7-3a4e-5460-8230-d9b96ed1ec39,tg:rubgr:2682,e73_AssociatedRecords,3,rubgr_foto,gerelateerd onderdeel,tg:rubgr:2685,Verwijzing naar Grossmann object,,1501a300-821b-57ba-ba5d-ee388f1ad578,"[{""resourceId"": ""1501a300-821b-57ba-ba5d-ee388f1ad578"", ""ontologyProperty"": """", ""resourceXresourceId"": ""5ac5352e-8c2c-4dd2-a7d4-7d99c93d1bc9"", ""inverseOntologyProperty"": """"}]"
779c81ca-ead6-50a3-9756-6dea7c0b3a30,tg:rubgr:3398,e73_AssociatedRecords,1,rubgr_foto,relatie naar geheel,tg:rubgr:3395,Verwijzing naar Grossmann object,,4257ede2-76ee-557b-8dda-cb2827ae7c8d,"[{""resourceId"": ""4257ede2-76ee-557b-8dda-cb2827ae7c8d"", ""ontologyProperty"": """", ""resourceXresourceId"": ""c7b053c6-5eff-493a-afbe-dc788e8dc340"", ""inverseOntologyProperty"": """"}]"
f76b6914-8bd7-5405-bf57-af80c1dabb98,tg:rubgr:226,e73_AssociatedRecords,1,rubgr_foto,relatie naar geheel,tg:rubgr:215,Verwijzing naar Grossmann object,,8d50be5c-27d0-5131-a597-2780e9e7f5a0,"[{""resourceId"": ""8d50be5c-27d0-5131-a597-2780e9e7f5a0"", ""ontologyProperty"": """", ""resourceXresourceId"": ""b7dad43c-668c-4198-ad52-89c9bd933923"", ""inverseOntologyProperty"": """"}]"
dabf88e3-ea8f-5b95-a6f9-308aedd28788,tg:rubgr:2174,e73_AssociatedRecords,1,rubgr_foto,relatie naar geheel,tg:rubgr:2173,Verwijzing naar Grossmann object,,71016dd7-4857-5af2-b51a-c21ddbab4f31,"[{""resourceId"": ""71016dd7-4857-5af2-b51a-c21ddbab4f31"", ""ontologyProperty"": """", ""resourceXresourceId"": ""5b86348f-53b4-42cb-9370-ca8b04462689"", ""inverseOntologyProperty"": """"}]"
a1ecc2f9-3753-5ab4-a5e9-b2f2e734bee6,tg:rubgr:2649,e73_AssociatedRecords,1,rubgr_foto,relatie naar geheel,tg:rubgr:2648,Verwijzing naar Grossmann object,,d45e258c-a093-57fe-af30-ab959cb9fe33,"[{""resourceId"": ""d45e258c-a093-57fe-af30-ab959cb9fe33"", ""ontologyProperty"": """", ""resourceXresourceId"": ""f7528856-2d9b-4008-8559-80fe308fcb98"", ""inverseOntologyProperty"": """"}]"
41797050-21d4-5bcf-baeb-3fd04f1fb882,tg:rubgr:3343,e73_AssociatedRecords,1,rubgr_foto,relatie naar geheel,tg:rubgr:3338,Verwijzing naar Grossmann object,,909a2567-7565-51a1-a51e-6d5c7af27196,"[{""resourceId"": ""909a2567-7565-51a1-a51e-6d5c7af27196"", ""ontologyProperty"": """", ""resourceXresourceId"": ""75035761-6b57-4bc6-84f3-71f7d2581408"", ""inverseOntologyProperty"": """"}]"
684a8d6d-d8a3-5c8c-859b-d19808eb0663,tg:rubgr:2586,e73_AssociatedRecords,1,rubgr_foto,gerelateerd object,tg:rubgr:2580,Verwijzing naar Grossmann object,,5773de05-9c41-5d04-ab27-4fd375bf755d,"[{""resourceId"": ""5773de05-9c41-5d04-ab27-4fd375bf755d"", ""ontologyProperty"": """", ""resourceXresourceId"": ""9c69deb2-72a4-4d66-bd45-7c0848ec1251"", ""inverseOntologyProperty"": """"}]"
684a8d6d-d8a3-5c8c-859b-d19808eb0663,tg:rubgr:2586,e73_AssociatedRecords,2,rubgr_foto,gerelateerd object,tg:rubgr:2583,Verwijzing naar Grossmann object,,98250cc5-30b9-5ad8-92ee-61163e55f876,"[{""resourceId"": ""98250cc5-30b9-5ad8-92ee-61163e55f876"", ""ontologyProperty"": """", ""resourceXresourceId"": ""49ae793e-5c9f-4747-b7af-d2d97712327b"", ""inverseOntologyProperty"": """"}]"
684a8d6d-d8a3-5c8c-859b-d19808eb0663,tg:rubgr:2586,e73_AssociatedRecords,3,rubgr_foto,gerelateerd object,tg:rubgr:2584,Verwijzing naar Grossmann object,,86307d38-0170-51ad-b784-4a0cf8115f83,"[{""resourceId"": ""86307d38-0170-51ad-b784-4a0cf8115f83"", ""ontologyProperty"": """", ""resourceXresourceId"": ""a13a2c5d-bc99-465e-a515-83ab3687a6c3"", ""inverseOntologyProperty"": """"}]"
d0d97662-579f-5d74-ba59-6d37984ae4ad,tg:rubgr:2614,e73_AssociatedRecords,1,rubgr_foto,relatie naar geheel,tg:rubgr:2613,Verwijzing naar Grossmann object,,5f509661-a9ca-5428-9cea-3150684758e9,"[{""resourceId"": ""5f509661-a9ca-5428-9cea-3150684758e9"", ""ontologyProperty"": """", ""resourceXresourceId"": ""9da17ee0-4b35-4a66-9432-e520924310b5"", ""inverseOntologyProperty"": """"}]"
b7ce9e03-eb90-59f0-bc32-ba583525da11,tg:rubgr:2337,e73_AssociatedRecords,1,rubgr_foto,relatie naar geheel,tg:rubgr:2336,Verwijzing naar Grossmann object,,238d755b-5730-524a-8694-378b9cd3c5d7,"[{""resourceId"": ""238d755b-5730-524a-8694-378b9cd3c5d7"", ""ontologyProperty"": """", ""resourceXresourceId"": ""dcd1e801-958c-47b3-a49e-241bf0821904"", ""inverseOntologyProperty"": """"}]"
e7e2ea61-d663-57e0-8c6a-c292d8678095,tg:rubgr:748,e73_AssociatedRecords,2,rubgr_foto,relatie naar geheel,tg:rubgr:746,Verwijzing naar Grossmann object,,c7a63c4f-68c5-5880-8654-aebc9c88ae40,"[{""resourceId"": ""c7a63c4f-68c5-5880-8654-aebc9c88ae40"", ""ontologyProperty"": """", ""resourceXresourceId"": ""7a4148cf-49d7-49a1-9c5f-a1be0c05c3ec"", ""inverseOntologyProperty"": """"}]"
28f18e54-90a2-5d2f-b252-321994b7d86b,tg:rubgr:3590,e73_AssociatedRecords,1,rubgr_foto,relatie naar geheel,tg:rubgr:3584,Verwijzing naar Grossmann object,,550b7928-d6c4-5aa0-a5df-33d355af6a69,"[{""resourceId"": ""550b7928-d6c4-5aa0-a5df-33d355af6a69"", ""ontologyProperty"": """", ""resourceXresourceId"": ""9877599f-4e59-4d1d-abdc-111add993a53"", ""inverseOntologyProperty"": """"}]"
85357ec8-ad78-52db-8cb5-a71febd4d4ee,tg:rubgr:1147,e73_AssociatedRecords,1,rubgr_foto,relatie naar geheel,tg:rubgr:1132,Verwijzing naar Grossmann object,,92c376c2-d03c-52e7-b7ac-a58dbff0a2d8,"[{""resourceId"": ""92c376c2-d03c-52e7-b7ac-a58dbff0a2d8"", ""ontologyProperty"": """", ""resourceXresourceId"": ""1611bbbd-29c4-4efb-a26b-188c337a5cb4"", ""inverseOntologyProperty"": """"}]"
