ResourceID,brocade.id,card,order,source_field,source_code,Product stadium
25b4613a-2f1c-535d-8c73-be558821b1bd,tg:lhhs:10503_#1,e22_ProductStadiums,1,kenmerken.lhstadiumhs,vt,verbeterd typoscript
fdf990ea-c9a4-516a-a3fe-c2904e073ae8,tg:lhhs:6997_#1,e22_ProductStadiums,1,kenmerken.lhstadiumhs,vt,verbeterd typoscript
9674fb50-804b-5736-b935-405417970521,tg:lhhs:2322_#1,e22_ProductStadiums,1,kenmerken.lhstadiumhs,vdr,verbeterde druk
fe377178-32c9-5822-ba94-c80def60f97e,tg:lhhs:16127_#1,e22_ProductStadiums,1,kenmerken.lhstadiumhs,vdp,verbeterde drukproef
542b10e4-d8b0-5adb-800e-6939f6207040,tg:lhhs:20310_#1,e22_ProductStadiums,1,kenmerken.lhstadiumhs,vt,verbeterd typoscript
609e610e-e738-5c3d-a966-0f12c2f4b30d,tg:lhhs:17555_#1,e22_ProductStadiums,1,kenmerken.lhstadiumhs,vt,verbeterd typoscript
bdf3bf3a-5984-5db4-84f0-fbf660574df9,tg:lhhs:3638_#1,e22_ProductStadiums,1,kenmerken.lhstadiumhs,vt,verbeterd typoscript
2ea73e06-9624-5f7f-9cbc-6a284e028f6a,tg:lhhs:13679_#1,e22_ProductStadiums,1,kenmerken.lhstadiumhs,vt,verbeterd typoscript
799eadec-782f-5389-85e3-56a5045d14e6,tg:lhhs:11980_#1,e22_ProductStadiums,1,kenmerken.lhstadiumhs,vt,verbeterd typoscript
b4e404cb-f3bd-54fb-915a-d9dc9a9ae9b2,tg:lhhs:21_#1,e22_ProductStadiums,1,kenmerken.lhstadiumhs,vdp,verbeterde drukproef
c7033fb6-effb-51ef-a755-63a78d3aa14e,tg:lhhs:15335_#1,e22_ProductStadiums,1,kenmerken.lhstadiumhs,vt,verbeterd typoscript
7c593202-18d3-58bf-be28-fa6601aa3221,tg:lhhs:4143_#1,e22_ProductStadiums,1,kenmerken.lhstadiumhs,vt,verbeterd typoscript
22ad31aa-2642-56b1-b72e-29d297e1a482,tg:lhhs:14102_#1,e22_ProductStadiums,1,kenmerken.lhstadiumhs,vdp,verbeterde drukproef
5c1830c1-3871-5c5f-9b15-35b95999b631,tg:lhhs:6723_#1,e22_ProductStadiums,1,kenmerken.lhstadiumhs,vt,verbeterd typoscript
4f7784dd-4676-5b4e-aeb5-ae03884f17d8,tg:lhhs:15570_#1,e22_ProductStadiums,1,kenmerken.lhstadiumhs,vdp,verbeterde drukproef
3114dc8f-6955-576b-add1-353d98ed1b3a,tg:lhhs:3115_#1,e22_ProductStadiums,1,kenmerken.lhstadiumhs,vt,verbeterd typoscript
32d9a353-6558-5e4d-bef0-068022d35328,tg:lhhs:17278_#1,e22_ProductStadiums,1,kenmerken.lhstadiumhs,vdr,verbeterde druk
544a97fa-a67e-57b5-90b8-eb6532daca6c,tg:lhhs:13154_#1,e22_ProductStadiums,1,kenmerken.lhstadiumhs,vt,verbeterd typoscript
3dd5ab18-dfb7-538c-b64d-c0933b42a944,tg:lhhs:6733_#1,e22_ProductStadiums,1,kenmerken.lhstadiumhs,vt,verbeterd typoscript
d4e7a871-b5b5-5749-996b-9acd4a356bf4,tg:lhhs:4153_#1,e22_ProductStadiums,1,kenmerken.lhstadiumhs,vdp,verbeterde drukproef
ad90968a-19c0-545a-baf8-64f880902e8e,tg:lhhs:15418_#1,e22_ProductStadiums,1,kenmerken.lhstadiumhs,vt,verbeterd typoscript
4d32ea22-5b57-5ee5-a6d2-cba377e95db7,tg:lhhs:7341_#1,e22_ProductStadiums,1,kenmerken.lhstadiumhs,vt,verbeterd typoscript
633b2f25-f5b7-5670-b8b6-c56b0fea0b8b,tg:lhhs:17300_#1,e22_ProductStadiums,1,kenmerken.lhstadiumhs,vdp,verbeterde drukproef
fe846635-3a8a-5505-91db-afea4dc3f466,tg:lhhs:5521_#1,e22_ProductStadiums,1,kenmerken.lhstadiumhs,vt,verbeterd typoscript
69e5f5cb-74b2-5a61-9910-fb01d463553b,tg:lhhs:2769_#1,e22_ProductStadiums,1,kenmerken.lhstadiumhs,vt,verbeterd typoscript
250bff6d-db58-5579-980b-b39a1efdeeca,tg:lhhs:3263_#1,e22_ProductStadiums,1,kenmerken.lhstadiumhs,vt,verbeterd typoscript
80b35e4a-c5dc-5db0-bfb8-f0bd6d3ee15c,tg:lhhs:11442_#1,e22_ProductStadiums,1,kenmerken.lhstadiumhs,vt,verbeterd typoscript
70cfb3f1-2778-5985-995d-c0c22b9503e1,tg:lhhs:932_#1,e22_ProductStadiums,1,kenmerken.lhstadiumhs,vt,verbeterd typoscript
24c71e8d-8fe2-561e-bdb1-81a4b08d2ce0,tg:lhhs:5657_#1,e22_ProductStadiums,1,kenmerken.lhstadiumhs,vt,verbeterd typoscript
41da016e-a870-5e3a-82fa-5bf3abe1add2,tg:lhhs:10030_#1,e22_ProductStadiums,1,kenmerken.lhstadiumhs,vt,verbeterd typoscript
06b3e865-94e0-5c66-9547-dad12dc2d8e8,tg:lhhs:11452_#1,e22_ProductStadiums,1,kenmerken.lhstadiumhs,vt,verbeterd typoscript
54141ca2-198d-58fd-9308-2ca2ba1b6a82,tg:lhhs:1413_#1,e22_ProductStadiums,1,kenmerken.lhstadiumhs,vt,verbeterd typoscript
1794db96-9916-5bdf-bc6e-2e01124c2f0e,tg:lhhs:14274_#1,e22_ProductStadiums,1,kenmerken.lhstadiumhs,vt,verbeterd typoscript
47abd009-d552-5430-a60c-8e99953bd558,tg:lhhs:20623_#1,e22_ProductStadiums,1,kenmerken.lhstadiumhs,vt,verbeterd typoscript
63b1649d-20ed-5f08-865c-8ee9b74b1feb,tg:lhhs:6455_#1,e22_ProductStadiums,1,kenmerken.lhstadiumhs,vt,verbeterd typoscript
07c4b042-af92-5680-a450-2f170cdf6feb,tg:lhhs:16414_#1,e22_ProductStadiums,1,kenmerken.lhstadiumhs,vt,verbeterd typoscript
aaf88b2b-20df-5d14-bafe-8240d7f31bd1,tg:lhhs:3273_#1,e22_ProductStadiums,1,kenmerken.lhstadiumhs,vt,verbeterd typoscript
3da489d0-f420-5696-88a6-66376e33aa6f,tg:lhhs:5647_#1,e22_ProductStadiums,1,kenmerken.lhstadiumhs,vt,verbeterd typoscript
70a6c964-1314-55fb-99f5-95d3e724c56b,tg:lhhs:20066_#1,e22_ProductStadiums,1,kenmerken.lhstadiumhs,vt,verbeterd typoscript
43c3fb5c-ac46-5b0d-b59b-f376371b8742,tg:lhhs:8591_#1,e22_ProductStadiums,1,kenmerken.lhstadiumhs,vt,verbeterd typoscript
04f93e6a-ef9e-5c6b-a516-b280669117a0,tg:lhhs:16329_#1,e22_ProductStadiums,1,kenmerken.lhstadiumhs,vt,verbeterd typoscript
b6c2faef-11d6-59e6-978a-c3ffa3b22811,tg:lhhs:6368_#1,e22_ProductStadiums,1,kenmerken.lhstadiumhs,vt,verbeterd typoscript
df8df45d-5040-5c50-9f5a-71b490c9d8c8,tg:lhhs:15043_#1,e22_ProductStadiums,1,kenmerken.lhstadiumhs,vt,verbeterd typoscript
8b4ac801-589a-5424-9058-59a754701c9c,tg:lhhs:19943_#1,e22_ProductStadiums,1,kenmerken.lhstadiumhs,vt,verbeterd typoscript
69ee3cb1-1ab1-5268-a04b-2f6bbd33172a,tg:lhhs:796_#1,e22_ProductStadiums,1,kenmerken.lhstadiumhs,vt,verbeterd typoscript
a5b0d41c-d644-5cfd-9ccb-aa699a3cdaae,tg:lhhs:15053_#1,e22_ProductStadiums,1,kenmerken.lhstadiumhs,vdp,verbeterde drukproef
cdd3dca9-d512-52ea-9779-70c96ccc6d34,tg:lhhs:9912_#1,e22_ProductStadiums,1,kenmerken.lhstadiumhs,vt,verbeterd typoscript
22c7f49d-6a12-5047-9d96-6c4005ae3821,tg:lhhs:12015_#1,e22_ProductStadiums,1,kenmerken.lhstadiumhs,vdr,verbeterde druk
7f04395a-0115-5544-9397-e6656a1585a0,tg:lhhs:16339_#1,e22_ProductStadiums,1,kenmerken.lhstadiumhs,vt,verbeterd typoscript
5cc6f28a-8fb4-55f1-8512-15dba10c5342,tg:lhhs:8581_#1,e22_ProductStadiums,1,kenmerken.lhstadiumhs,vdp,verbeterde drukproef
d837fb17-4dc1-5413-aa44-ec6654839287,tg:lhhs:7672_#1,e22_ProductStadiums,1,kenmerken.lhstadiumhs,vt,verbeterd typoscript
95e8062e-a7d6-5dd2-8ac1-777f6124ab13,tg:lhhs:5796_#1,e22_ProductStadiums,1,kenmerken.lhstadiumhs,vt,verbeterd typoscript
efd9e8ee-6919-5dc8-9985-661e69621929,tg:lhhs:12791_#1,e22_ProductStadiums,1,kenmerken.lhstadiumhs,vdp,verbeterde drukproef
c2401e00-4e6b-5834-b4fa-8111405dfc57,tg:lhhs:10089_#1,e22_ProductStadiums,1,kenmerken.lhstadiumhs,vdp,verbeterde drukproef
be04e9b1-5edc-5457-9227-28d61653a07b,tg:lhhs:10910_#1,e22_ProductStadiums,1,kenmerken.lhstadiumhs,vt,verbeterd typoscript
f2e6bce5-da88-52ea-aff9-f67f8085496c,tg:lhhs:12781_#1,e22_ProductStadiums,1,kenmerken.lhstadiumhs,vt,verbeterd typoscript
1e337131-5510-52a2-aef5-a2232968377a,tg:lhhs:5786_#1,e22_ProductStadiums,1,kenmerken.lhstadiumhs,vt,verbeterd typoscript
7a94c0df-8b77-5b5c-8b0a-eaf9ba529aba,tg:lhhs:7907_#1,e22_ProductStadiums,1,kenmerken.lhstadiumhs,vdr,verbeterde druk
352cfdf6-e06f-5591-8fd4-5c6b669048ee,tg:lhhs:18411_#1,e22_ProductStadiums,1,kenmerken.lhstadiumhs,vt,verbeterd typoscript
f46413f5-a7c5-517e-bb55-1a9fb8a351cd,tg:lhhs:647_#1,e22_ProductStadiums,1,kenmerken.lhstadiumhs,vt,verbeterd typoscript
2123b063-0001-5cb6-acd1-d0920b3a6406,tg:lhhs:1397_#1,e22_ProductStadiums,1,kenmerken.lhstadiumhs,vt,verbeterd typoscript
7abf73ea-839a-5fde-af4c-3a72d4c4e284,tg:lhhs:8528_#1,e22_ProductStadiums,1,kenmerken.lhstadiumhs,vt,verbeterd typoscript
2ed8eeb4-5325-5656-a7f1-9bff90a943ef,tg:lhhs:5922_#1,e22_ProductStadiums,1,kenmerken.lhstadiumhs,vt,verbeterd typoscript
abe49fc5-f5c9-5198-ac15-4fad287e7998,tg:lhhs:18401_#1,e22_ProductStadiums,1,kenmerken.lhstadiumhs,vt,verbeterd typoscript
29041753-64b4-53c4-a40b-6a5a414e02d1,tg:lhhs:15192_#1,e22_ProductStadiums,1,kenmerken.lhstadiumhs,vt,verbeterd typoscript
3c85cecc-a3b9-58b1-8798-d77812d8e6b8,tg:lhhs:5932_#1,e22_ProductStadiums,1,kenmerken.lhstadiumhs,vt,verbeterd typoscript
9d5625ea-888f-5322-8137-fb44580f07f1,tg:lhhs:8538_#1,e22_ProductStadiums,1,kenmerken.lhstadiumhs,vt,verbeterd typoscript
7397f7c0-2d8e-5d6a-bce4-0a076ca96f87,tg:lhhs:12935_#1,e22_ProductStadiums,1,kenmerken.lhstadiumhs,vt,verbeterd typoscript
1bdfa785-de4d-50b6-8d93-396d1c7fc7e9,tg:lhhs:657_#1,e22_ProductStadiums,1,kenmerken.lhstadiumhs,vt,verbeterd typoscript
39e53fad-c7a7-51f5-bb75-748e8d709106,tg:lhhs:1387_#1,e22_ProductStadiums,1,kenmerken.lhstadiumhs,vt,verbeterd typoscript
8de06c5c-cdeb-56bc-9633-4a100577702b,tg:lhhs:11851_#1,e22_ProductStadiums,1,kenmerken.lhstadiumhs,vdr,verbeterde druk
004a38ab-06cd-54f6-be28-a36281ea7337,tg:lhhs:1810_#1,e22_ProductStadiums,1,kenmerken.lhstadiumhs,vt,verbeterd typoscript
2daf7400-7ab7-545d-aeed-ecd221a22154,tg:lhhs:1189_#1,e22_ProductStadiums,1,kenmerken.lhstadiumhs,vt,verbeterd typoscript
6ab8d23c-be85-531e-9d5d-ea919861e5b3,tg:lhhs:11929_#1,e22_ProductStadiums,1,kenmerken.lhstadiumhs,vt,verbeterd typoscript
9a43f115-f15b-58e2-8811-7c3ef5247197,tg:lhhs:88_#1,e22_ProductStadiums,1,kenmerken.lhstadiumhs,vt,verbeterd typoscript
c229b3ce-9150-5089-8d9d-61a3b91778da,tg:lhhs:19305_#1,e22_ProductStadiums,1,kenmerken.lhstadiumhs,vt,verbeterd typoscript
d13d2281-2b50-5af2-a6e2-db6eb6d7ea43,tg:lhhs:1199_#1,e22_ProductStadiums,1,kenmerken.lhstadiumhs,vt,verbeterd typoscript
c19f293d-6a0b-5825-9585-d3e1643437bf,tg:lhhs:6846_#1,e22_ProductStadiums,1,kenmerken.lhstadiumhs,vt,verbeterd typoscript
82b69a5b-26d5-542f-b8e1-da2fba901efb,tg:lhhs:1800_#1,e22_ProductStadiums,1,kenmerken.lhstadiumhs,vt,verbeterd typoscript
f1ded40a-a2ba-51f8-b7a2-e03c8e184921,tg:lhhs:14686_#1,e22_ProductStadiums,1,kenmerken.lhstadiumhs,vdr,verbeterde druk
cef65915-886c-55a6-bf0f-4980e8ce833b,tg:lhhs:11939_#1,e22_ProductStadiums,1,kenmerken.lhstadiumhs,vt,verbeterd typoscript
d45ae7f7-3f4b-5552-b95b-3d7abcc7681c,tg:lhhs:3681_#1,e22_ProductStadiums,1,kenmerken.lhstadiumhs,vdr,verbeterde druk
2340c529-d81c-50c6-a421-1bb86ad1468d,tg:lhhs:19315_#1,e22_ProductStadiums,1,kenmerken.lhstadiumhs,vt,verbeterd typoscript
e3040b09-f244-5c10-a092-5f5db68d7d47,tg:lhhs:10297_#1,e22_ProductStadiums,1,kenmerken.lhstadiumhs,vdp,verbeterde drukproef
272aab72-c830-5416-a2b6-0e007140dd87,tg:lhhs:19550_#1,e22_ProductStadiums,1,kenmerken.lhstadiumhs,vt,verbeterd typoscript
d1cdc7be-7cd6-5a19-a42f-7e00f61e7672,tg:lhhs:13085_#1,e22_ProductStadiums,1,kenmerken.lhstadiumhs,vt,verbeterd typoscript
1ff1a1bd-50b1-51d8-88fe-a4d277d91624,tg:lhhs:5588_#1,e22_ProductStadiums,1,kenmerken.lhstadiumhs,vdp,verbeterde drukproef
03d55184-80cb-5de6-a577-183ff12e3def,tg:lhhs:374_#1,e22_ProductStadiums,1,kenmerken.lhstadiumhs,vdr,verbeterde druk
9b549df4-dd80-57b6-a688-19dee3053f54,tg:lhhs:14832_#1,e22_ProductStadiums,1,kenmerken.lhstadiumhs,vt,verbeterd typoscript
510e6fa4-cfbf-5ba7-9458-a50e175acb06,tg:lhhs:7280_#1,e22_ProductStadiums,1,kenmerken.lhstadiumhs,vt,verbeterd typoscript
8285a07a-9a34-5cdb-9b9c-60dae7905bc4,tg:lhhs:4873_#1,e22_ProductStadiums,1,kenmerken.lhstadiumhs,vdp,verbeterde drukproef
fadf7cbd-67af-5dc1-9b2e-157a42e3845c,tg:lhhs:5598_#1,e22_ProductStadiums,1,kenmerken.lhstadiumhs,vdp,verbeterde drukproef
ed41cb6f-bb73-5566-a914-47b4e8bbf3f5,tg:lhhs:20484_#1,e22_ProductStadiums,1,kenmerken.lhstadiumhs,vt,verbeterd typoscript
8fc6e090-7ebd-53c4-8573-a909e6140aa5,tg:lhhs:13095_#1,e22_ProductStadiums,1,kenmerken.lhstadiumhs,vt,verbeterd typoscript
66feeaae-9def-570e-acf2-efda70a05eb1,tg:lhhs:8101_#1,e22_ProductStadiums,1,kenmerken.lhstadiumhs,vt,verbeterd typoscript
ca9ce44e-dfdf-54c4-9ea0-35bfc5254702,tg:lhhs:14840_#1,e22_ProductStadiums,1,kenmerken.lhstadiumhs,vt,verbeterd typoscript
15f75cee-6c46-5db6-af88-567adb7c5796,tg:lhhs:8111_#1,e22_ProductStadiums,1,kenmerken.lhstadiumhs,vt,verbeterd typoscript
b7f98a1e-f5fd-5ef4-a24b-41c7ca3e86f0,tg:lhhs:6690_#1,e22_ProductStadiums,1,kenmerken.lhstadiumhs,vt,verbeterd typoscript
44591f35-8928-554d-9deb-736fd3123c73,tg:lhhs:11697_#1,e22_ProductStadiums,1,kenmerken.lhstadiumhs,vt,verbeterd typoscript
f4f32ae6-532b-5c68-8a88-54f4d589cad2,tg:lhhs:11833_#1,e22_ProductStadiums,1,kenmerken.lhstadiumhs,vt,verbeterd typoscript
46426c99-4cf9-56a0-a13e-c1397e6758bf,tg:lhhs:8744_#1,e22_ProductStadiums,1,kenmerken.lhstadiumhs,vdp,verbeterde drukproef
c2d7ad48-af58-55d5-8c5c-21701306de2e,tg:lhhs:2291_#1,e22_ProductStadiums,1,kenmerken.lhstadiumhs,vt,verbeterd typoscript
919ba601-6109-5d34-ad7c-a52ed0d43e85,tg:lhhs:16865_#1,e22_ProductStadiums,1,kenmerken.lhstadiumhs,vt,verbeterd typoscript
99ebc00d-6638-5139-a72b-512546d52c33,tg:lhhs:6824_#1,e22_ProductStadiums,1,kenmerken.lhstadiumhs,vt,verbeterd typoscript
b5d6c416-b85a-5557-9e09-a4d11b1584ba,tg:lhhs:19179_#1,e22_ProductStadiums,1,kenmerken.lhstadiumhs,vt,verbeterd typoscript
db204925-b114-512a-866b-6ea8fc13998b,tg:lhhs:5838_#1,e22_ProductStadiums,1,kenmerken.lhstadiumhs,vt,verbeterd typoscript
5ad67e15-94c1-51ab-8a32-0e6194af7f03,tg:lhhs:19998_#1,e22_ProductStadiums,1,kenmerken.lhstadiumhs,vt,verbeterd typoscript
11ef71b8-6986-579a-82b4-86e599ec28e6,tg:lhhs:625_#1,e22_ProductStadiums,1,kenmerken.lhstadiumhs,vt,verbeterd typoscript
1856b06c-a591-54ae-b5f8-aea8d11196b9,tg:lhhs:2906_#1,e22_ProductStadiums,1,kenmerken.lhstadiumhs,vt,verbeterd typoscript
dc8ffbdd-f192-5f12-8447-9f4610ac3468,tg:lhhs:15098_#1,e22_ProductStadiums,1,kenmerken.lhstadiumhs,vt,verbeterd typoscript
f4041792-0e7e-5571-87eb-fbb844635d7d,tg:lhhs:17790_#1,e22_ProductStadiums,1,kenmerken.lhstadiumhs,vdp,verbeterde drukproef
f9fdf81e-f0af-5524-8351-230181f43f34,tg:lhhs:5828_#1,e22_ProductStadiums,1,kenmerken.lhstadiumhs,vt,verbeterd typoscript
110593b4-5d78-570d-9852-4e8b11d634e7,tg:lhhs:19988_#1,e22_ProductStadiums,1,kenmerken.lhstadiumhs,vt,verbeterd typoscript
ff5591a7-d4f8-5d58-a8e6-e0b3ebcfc960,tg:lhhs:118_#1,e22_ProductStadiums,1,kenmerken.lhstadiumhs,vt,verbeterd typoscript
e0de3f8e-133a-5337-9d94-1e4de76d8948,tg:lhhs:18236_#1,e22_ProductStadiums,1,kenmerken.lhstadiumhs,vt,verbeterd typoscript
c1562eaa-6bc5-536c-87b9-931f10c430ba,tg:lhhs:13391_#1,e22_ProductStadiums,1,kenmerken.lhstadiumhs,vdp,verbeterde drukproef
732bc9d8-9f6c-5eaa-af21-96cbdc389aad,tg:lhhs:12886_#1,e22_ProductStadiums,1,kenmerken.lhstadiumhs,vt,verbeterd typoscript
ebc1c7e8-edb4-5539-a0e9-575f9697063d,tg:lhhs:11275_#1,e22_ProductStadiums,1,kenmerken.lhstadiumhs,vdp,verbeterde drukproef
909ee17d-fe26-5c4f-a5e9-c628694a398a,tg:lhhs:15159_#1,e22_ProductStadiums,1,kenmerken.lhstadiumhs,vt,verbeterd typoscript
5165e533-94d6-5e11-8e05-3eafea1e120b,tg:lhhs:14453_#1,e22_ProductStadiums,1,kenmerken.lhstadiumhs,vdp,verbeterde drukproef
9aff6d89-bdd9-5558-bf7c-9a5f9a93aa79,tg:lhhs:20004_#1,e22_ProductStadiums,1,kenmerken.lhstadiumhs,vdp,verbeterde drukproef
d7b2cfd0-1feb-5863-ba1e-ef4d3b5c6532,tg:lhhs:3454_#1,e22_ProductStadiums,1,kenmerken.lhstadiumhs,vt,verbeterd typoscript
eef2912f-b4b4-5a62-ac8d-1879d636feb6,tg:lhhs:7778_#1,e22_ProductStadiums,1,kenmerken.lhstadiumhs,vt,verbeterd typoscript
10272fc4-51bb-59c9-a642-5b66ea30dc67,tg:lhhs:5891_#1,e22_ProductStadiums,1,kenmerken.lhstadiumhs,vt,verbeterd typoscript
bf30bd05-66e1-5350-80e4-81f3188b5e3e,tg:lhhs:19849_#1,e22_ProductStadiums,1,kenmerken.lhstadiumhs,vt,verbeterd typoscript
98aabae6-19f7-5aab-baf9-ca70feac69e7,tg:lhhs:12077_#1,e22_ProductStadiums,1,kenmerken.lhstadiumhs,vdr,verbeterde druk
d7f0494c-ae00-57ff-b102-9bc5ed526627,tg:lhhs:15031_#1,e22_ProductStadiums,1,kenmerken.lhstadiumhs,vdp,verbeterde drukproef
9219edb2-58b0-541b-a704-8377313a738a,tg:lhhs:11420_#1,e22_ProductStadiums,1,kenmerken.lhstadiumhs,vt,verbeterd typoscript
fa483752-5754-5b23-a8f1-e63f7011a72d,tg:lhhs:5635_#1,e22_ProductStadiums,1,kenmerken.lhstadiumhs,vdp,verbeterde drukproef
a86ed733-db72-57ee-aa48-5888e45c2622,tg:lhhs:950_#1,e22_ProductStadiums,1,kenmerken.lhstadiumhs,vt,verbeterd typoscript
9fce6db6-0516-50f1-bca9-f002a5833188,tg:lhhs:13338_#1,e22_ProductStadiums,1,kenmerken.lhstadiumhs,vt,verbeterd typoscript
23e9b428-63c2-5bbe-95d5-3d6e7fa8854b,tg:lhhs:7055_#1,e22_ProductStadiums,1,kenmerken.lhstadiumhs,vt,verbeterd typoscript
6d2056b5-7b59-5521-96b0-523b022629ef,tg:lhhs:3211_#1,e22_ProductStadiums,1,kenmerken.lhstadiumhs,vt,verbeterd typoscript
d366a6b8-9888-57bc-b7f7-5a208dde1d4b,tg:lhhs:11430_#1,e22_ProductStadiums,1,kenmerken.lhstadiumhs,vt,verbeterd typoscript
83794bc5-5ee9-5c70-b99f-189a676a79ba,tg:lhhs:14216_#1,e22_ProductStadiums,1,kenmerken.lhstadiumhs,vt,verbeterd typoscript
910a5cc0-5db2-5707-b464-55c505ced53c,tg:lhhs:20641_#1,e22_ProductStadiums,1,kenmerken.lhstadiumhs,vt,verbeterd typoscript
44ab9d00-c1b6-5657-bea6-3d989de7eb41,tg:lhhs:940_#1,e22_ProductStadiums,1,kenmerken.lhstadiumhs,vt,verbeterd typoscript
c0e09881-bca2-54f3-814b-771183714fa4,tg:lhhs:2663_#1,e22_ProductStadiums,1,kenmerken.lhstadiumhs,vt,verbeterd typoscript
52f13c61-222f-587d-bdfe-5cb55e509f98,tg:lhhs:12622_#1,e22_ProductStadiums,1,kenmerken.lhstadiumhs,vt,verbeterd typoscript
72f4c08b-acde-5497-aed8-47f7ff6bef19,tg:lhhs:7045_#1,e22_ProductStadiums,1,kenmerken.lhstadiumhs,vt,verbeterd typoscript
a64135d7-1e1f-5449-84c8-85cdf4ccbf43,tg:lhhs:3369_#1,e22_ProductStadiums,1,kenmerken.lhstadiumhs,vt,verbeterd typoscript
e377d48e-c1c2-57d2-9425-11d35edb6c54,tg:lhhs:1509_#1,e22_ProductStadiums,1,kenmerken.lhstadiumhs,vt,verbeterd typoscript
05919430-a9ed-59ff-ac3b-bab97b500148,tg:lhhs:5625_#1,e22_ProductStadiums,1,kenmerken.lhstadiumhs,vdr,verbeterde druk
7e4decfe-561d-554b-bad8-fd8d04c54c6b,tg:lhhs:20739_#1,e22_ProductStadiums,1,kenmerken.lhstadiumhs,vt,verbeterd typoscript
46e7d431-fcd1-5138-ba17-7d6bff217c71,tg:lhhs:20537_#1,e22_ProductStadiums,1,kenmerken.lhstadiumhs,vt,verbeterd typoscript
d26a83af-169b-590a-9200-a2138f6fc07b,tg:lhhs:1707_#1,e22_ProductStadiums,1,kenmerken.lhstadiumhs,vt,verbeterd typoscript
5b08c473-9f2e-5c66-a5b2-d5b646b51ae5,tg:lhhs:11746_#1,e22_ProductStadiums,1,kenmerken.lhstadiumhs,vt,verbeterd typoscript
9be26035-beb8-5c6a-b971-51a79ef36b9a,tg:lhhs:17372_#1,e22_ProductStadiums,1,kenmerken.lhstadiumhs,vdr,verbeterde druk
927a40e4-2eed-5586-a3cf-52779cd5578e,tg:lhhs:7333_#1,e22_ProductStadiums,1,kenmerken.lhstadiumhs,vt,verbeterd typoscript
84c7ea84-0387-5fc0-8530-b010687f9c23,tg:lhhs:14018_#1,e22_ProductStadiums,1,kenmerken.lhstadiumhs,vt,verbeterd typoscript
bf4cc59c-421e-55be-9669-3690eb0e0b7b,tg:lhhs:5553_#1,e22_ProductStadiums,1,kenmerken.lhstadiumhs,vdp,verbeterde drukproef
814bd3fb-1a3b-575e-ae2b-30bb45062cba,tg:lhhs:18918_#1,e22_ProductStadiums,1,kenmerken.lhstadiumhs,vt,verbeterd typoscript
88913a13-d36c-53e8-82d6-66dff13f666f,tg:lhhs:4131_#1,e22_ProductStadiums,1,kenmerken.lhstadiumhs,vt,verbeterd typoscript
80eccd6f-a002-5d90-b44a-14bee3193d0e,tg:lhhs:18870_#1,e22_ProductStadiums,1,kenmerken.lhstadiumhs,vt,verbeterd typoscript
60166ed7-6e95-5c39-adbf-6d596a09e06b,tg:lhhs:1717_#1,e22_ProductStadiums,1,kenmerken.lhstadiumhs,vt,verbeterd typoscript
1aafc356-625a-5424-8a9a-aebfb6ba2db6,tg:lhhs:8831_#1,e22_ProductStadiums,1,kenmerken.lhstadiumhs,vdp,verbeterde drukproef
ae9cbe24-8ed3-5644-a97e-204a7ff74f1f,tg:lhhs:6751_#1,e22_ProductStadiums,1,kenmerken.lhstadiumhs,vt,verbeterd typoscript
91e2f83a-a221-5aa8-a9f1-bb9e7c148914,tg:lhhs:4049_#1,e22_ProductStadiums,1,kenmerken.lhstadiumhs,vt,verbeterd typoscript
f8deb9f3-de27-596b-b8f7-964820335ee3,tg:lhhs:3996_#1,e22_ProductStadiums,1,kenmerken.lhstadiumhs,vt,verbeterd typoscript
0cc4d3bb-4b18-5b2e-80ec-39bce966f4bc,tg:lhhs:5543_#1,e22_ProductStadiums,1,kenmerken.lhstadiumhs,vdp,verbeterde drukproef
0b13bb31-4c31-55ba-9234-151589c1f858,tg:lhhs:7323_#1,e22_ProductStadiums,1,kenmerken.lhstadiumhs,vdr,verbeterde druk
5edd49a1-9577-50c1-9c9f-5a863912bfd5,tg:lhhs:12544_#1,e22_ProductStadiums,1,kenmerken.lhstadiumhs,vt,verbeterd typoscript
5194eef2-b59c-5857-8647-b7138e6c7a48,tg:lhhs:13773_#1,e22_ProductStadiums,1,kenmerken.lhstadiumhs,vt,verbeterd typoscript
919c49f1-a6d7-5707-a3b7-ac83d5c94304,tg:lhhs:20362_#1,e22_ProductStadiums,1,kenmerken.lhstadiumhs,vt,verbeterd typoscript
d7d1080d-7f15-538c-967a-0e43389fb9b4,tg:lhhs:482_#1,e22_ProductStadiums,1,kenmerken.lhstadiumhs,vt,verbeterd typoscript
eb652918-336a-5989-b338-3bb97baca921,tg:lhhs:8695_#1,e22_ProductStadiums,1,kenmerken.lhstadiumhs,vt,verbeterd typoscript
fe9cd2de-f300-521a-86d5-a47c50153751,tg:lhhs:10409_#1,e22_ProductStadiums,1,kenmerken.lhstadiumhs,vt,verbeterd typoscript
db06f385-8153-59e3-a788-e4c356101a1c,tg:lhhs:20372_#1,e22_ProductStadiums,1,kenmerken.lhstadiumhs,vt,verbeterd typoscript
62de0e62-f4c4-57f2-86e7-a8b744b8c10e,tg:lhhs:13763_#1,e22_ProductStadiums,1,kenmerken.lhstadiumhs,vt,verbeterd typoscript
45dcc6ef-a9ee-5620-9fea-3474d8ddce99,tg:lhhs:5316_#1,e22_ProductStadiums,1,kenmerken.lhstadiumhs,vt,verbeterd typoscript
deedb81f-9331-5613-9a2d-f994d978fc93,tg:lhhs:16828_#1,e22_ProductStadiums,1,kenmerken.lhstadiumhs,vdr,verbeterde druk
053d773e-85c9-5b3e-885d-5b524d02fc11,tg:lhhs:20386_#1,e22_ProductStadiums,1,kenmerken.lhstadiumhs,vt,verbeterd typoscript
a7d37e80-c809-5b01-b15a-b7917344cdf0,tg:lhhs:8671_#1,e22_ProductStadiums,1,kenmerken.lhstadiumhs,vt,verbeterd typoscript
09e4a930-5829-52f7-a083-967839096d97,tg:lhhs:11916_#1,e22_ProductStadiums,1,kenmerken.lhstadiumhs,vt,verbeterd typoscript
63a35f68-a3e0-5ef4-abb1-993f3d740291,tg:lhhs:10585_#1,e22_ProductStadiums,1,kenmerken.lhstadiumhs,vt,verbeterd typoscript
ce3204a9-0d0b-526e-a6ab-50cba9c2df18,tg:lhhs:476_#1,e22_ProductStadiums,1,kenmerken.lhstadiumhs,vt,verbeterd typoscript
aedea9ff-44d3-56f8-9511-07bd5a13ee64,tg:lhhs:6879_#1,e22_ProductStadiums,1,kenmerken.lhstadiumhs,vdp,verbeterde drukproef
0cb3f8aa-11b1-56f3-856a-7b305e2dc27e,tg:lhhs:4780_#1,e22_ProductStadiums,1,kenmerken.lhstadiumhs,vt,verbeterd typoscript
763a762b-8117-5044-8e9f-4ddbc4ba2bd3,tg:lhhs:20396_#1,e22_ProductStadiums,1,kenmerken.lhstadiumhs,vdp,verbeterde drukproef
c5acdba1-8f83-5a09-98d3-a652efc42bfa,tg:lhhs:11906_#1,e22_ProductStadiums,1,kenmerken.lhstadiumhs,vt,verbeterd typoscript
e9563409-afcd-54ca-9f5d-0b75d9a8beb4,tg:lhhs:2489_#1,e22_ProductStadiums,1,kenmerken.lhstadiumhs,vdr,verbeterde druk
afb6af70-33b6-5d19-8a84-bb15a9a8ab6b,tg:lhhs:19417_#1,e22_ProductStadiums,1,kenmerken.lhstadiumhs,vt,verbeterd typoscript
1f7f2d2b-596b-5749-85a0-5f5eb230efdb,tg:lhhs:17396_#1,e22_ProductStadiums,1,kenmerken.lhstadiumhs,vt,verbeterd typoscript
73845b0e-28cc-547d-af32-7cf27b67d74e,tg:lhhs:18894_#1,e22_ProductStadiums,1,kenmerken.lhstadiumhs,vt,verbeterd typoscript
e915bed2-0d35-532b-85df-2e4bce5c1715,tg:lhhs:223_#1,e22_ProductStadiums,1,kenmerken.lhstadiumhs,vdp,verbeterde drukproef
25767a58-c3d8-54ef-a70d-c4071765ac8b,tg:lhhs:9446_#1,e22_ProductStadiums,1,kenmerken.lhstadiumhs,vt,verbeterd typoscript
dceb4805-6f98-5621-95f6-3a231f683960,tg:lhhs:8034_#1,e22_ProductStadiums,1,kenmerken.lhstadiumhs,vt,verbeterd typoscript
86d42d69-886b-5156-b68b-9043a9383a96,tg:lhhs:17386_#1,e22_ProductStadiums,1,kenmerken.lhstadiumhs,vdp,verbeterde drukproef
d89ad1c6-ea21-561c-a133-8c309d878660,tg:lhhs:1485_#1,e22_ProductStadiums,1,kenmerken.lhstadiumhs,vt,verbeterd typoscript
1a2031c9-3898-5858-bcdd-d24c5a4e47de,tg:lhhs:9730_#1,e22_ProductStadiums,1,kenmerken.lhstadiumhs,vt,verbeterd typoscript
b73df2e9-edbe-5ea0-b101-2e3f9ac8025e,tg:lhhs:16482_#1,e22_ProductStadiums,1,kenmerken.lhstadiumhs,vdr,verbeterde druk
8898d403-0c5b-53f5-8435-aa584ec7fbd4,tg:lhhs:16492_#1,e22_ProductStadiums,1,kenmerken.lhstadiumhs,vt,verbeterd typoscript
fe16477e-e2ba-5d91-b83d-f0226c88538e,tg:lhhs:11291_#1,e22_ProductStadiums,1,kenmerken.lhstadiumhs,vt,verbeterd typoscript
3a7fcfa5-b59a-55bb-b5ab-8aa235199a63,tg:lhhs:19124_#1,e22_ProductStadiums,1,kenmerken.lhstadiumhs,vt,verbeterd typoscript
87bf66b2-085f-5e09-bfc3-97c869ed03f5,tg:lhhs:5865_#1,e22_ProductStadiums,1,kenmerken.lhstadiumhs,vt,verbeterd typoscript
39e71dd7-8cab-5aa2-b485-ce0a705ed9ad,tg:lhhs:5875_#1,e22_ProductStadiums,1,kenmerken.lhstadiumhs,vdp,verbeterde drukproef
da833880-dd04-5d6f-87e1-6c933cab956c,tg:lhhs:20188_#1,e22_ProductStadiums,1,kenmerken.lhstadiumhs,vdp,verbeterde drukproef
4abf7d3b-b8b7-57ae-b303-59da6e7fa5c8,tg:lhhs:668_#1,e22_ProductStadiums,1,kenmerken.lhstadiumhs,vt,verbeterd typoscript
e568d62d-3378-52bf-95d7-f947c6856bdf,tg:lhhs:12717_#1,e22_ProductStadiums,1,kenmerken.lhstadiumhs,vt,verbeterd typoscript
3794c27c-beb1-5b4c-90bc-b43149ed1d9a,tg:lhhs:5710_#1,e22_ProductStadiums,1,kenmerken.lhstadiumhs,vt,verbeterd typoscript
19540b25-0b8f-5292-90ea-15e6edf8832e,tg:lhhs:16543_#1,e22_ProductStadiums,1,kenmerken.lhstadiumhs,vdp,verbeterde drukproef
9b3fbc97-fe74-5b42-9206-83a5a8aed1f4,tg:lhhs:3324_#1,e22_ProductStadiums,1,kenmerken.lhstadiumhs,vt,verbeterd typoscript
bf31c4e0-5068-5813-a6a7-7203bcb2d00f,tg:lhhs:7008_#1,e22_ProductStadiums,1,kenmerken.lhstadiumhs,vt,verbeterd typoscript
da5ac9b3-b167-53c2-b80e-91b4b66825be,tg:lhhs:13365_#1,e22_ProductStadiums,1,kenmerken.lhstadiumhs,vt,verbeterd typoscript
cd697ece-5014-5521-b5a1-653adccef97a,tg:lhhs:5668_#1,e22_ProductStadiums,1,kenmerken.lhstadiumhs,vt,verbeterd typoscript
f4db2bbf-c118-51cd-ac92-20341be9f4e7,tg:lhhs:14323_#1,e22_ProductStadiums,1,kenmerken.lhstadiumhs,vt,verbeterd typoscript
77bc2f43-bc7f-5cfb-a5bc-b14f70bc9642,tg:lhhs:20774_#1,e22_ProductStadiums,1,kenmerken.lhstadiumhs,vdr,verbeterde druk
c8128dd5-19e7-50d7-ad90-220f1b03c1fa,tg:lhhs:12707_#1,e22_ProductStadiums,1,kenmerken.lhstadiumhs,vt,verbeterd typoscript
22438b07-ba79-5bd5-a3e9-9839ffe71f01,tg:lhhs:7160_#1,e22_ProductStadiums,1,kenmerken.lhstadiumhs,vdr,verbeterde druk
c3dc355e-b455-5eaa-86be-53921139fe43,tg:lhhs:5678_#1,e22_ProductStadiums,1,kenmerken.lhstadiumhs,vt,verbeterd typoscript
1c6717dd-55c0-50a3-84d2-f10379331185,tg:lhhs:14333_#1,e22_ProductStadiums,1,kenmerken.lhstadiumhs,vt,verbeterd typoscript
7af877f4-1753-5a3d-9e44-3875525e7a33,tg:lhhs:6512_#1,e22_ProductStadiums,1,kenmerken.lhstadiumhs,vt,verbeterd typoscript
d122a911-989c-5efd-bccd-6718b0871151,tg:lhhs:3334_#1,e22_ProductStadiums,1,kenmerken.lhstadiumhs,vdp,verbeterde drukproef
33bef745-4d89-5854-812c-120766ebeac5,tg:lhhs:2103_#1,e22_ProductStadiums,1,kenmerken.lhstadiumhs,vt,verbeterd typoscript
118d1359-b8ec-5e89-8368-dc33dca4bcce,tg:lhhs:1269_#1,e22_ProductStadiums,1,kenmerken.lhstadiumhs,vt,verbeterd typoscript
b1d59b11-5665-54dc-b25b-d596e830c68c,tg:lhhs:10722_#1,e22_ProductStadiums,1,kenmerken.lhstadiumhs,vt,verbeterd typoscript
9e595cd3-cf31-5e02-80f0-56235cd89d36,tg:lhhs:19804_#1,e22_ProductStadiums,1,kenmerken.lhstadiumhs,vt,verbeterd typoscript
1dcf973a-da73-5911-8b18-62f883f72b12,tg:lhhs:20059_#1,e22_ProductStadiums,1,kenmerken.lhstadiumhs,vdr,verbeterde druk
e4aba852-b57f-5367-b176-afcb5c208b82,tg:lhhs:16316_#1,e22_ProductStadiums,1,kenmerken.lhstadiumhs,vt,verbeterd typoscript
78cf342c-b9a5-5edb-b348-b65eeaaf0fbe,tg:lhhs:6357_#1,e22_ProductStadiums,1,kenmerken.lhstadiumhs,vdp,verbeterde drukproef
8b511819-02fa-55cf-a62c-773d2fed8f86,tg:lhhs:13530_#1,e22_ProductStadiums,1,kenmerken.lhstadiumhs,vt,verbeterd typoscript
d4cfd684-ec81-5b24-aa4e-d39a8af0caba,tg:lhhs:4537_#1,e22_ProductStadiums,1,kenmerken.lhstadiumhs,vt,verbeterd typoscript
73e9e6ab-fede-525f-9180-7ad797d0495e,tg:lhhs:1279_#1,e22_ProductStadiums,1,kenmerken.lhstadiumhs,vt,verbeterd typoscript
9191c9f6-18f7-541b-b4d9-e3523632eaec,tg:lhhs:5155_#1,e22_ProductStadiums,1,kenmerken.lhstadiumhs,vt,verbeterd typoscript
0690d058-3651-5101-b548-aaaad70d7788,tg:lhhs:20049_#1,e22_ProductStadiums,1,kenmerken.lhstadiumhs,vdp,verbeterde drukproef
e1b2571d-dbad-5377-b632-1e9ef8da43d9,tg:lhhs:13458_#1,e22_ProductStadiums,1,kenmerken.lhstadiumhs,vdp,verbeterde drukproef
1fad9908-ea38-5130-a578-83e76c05e6bf,tg:lhhs:3419_#1,e22_ProductStadiums,1,kenmerken.lhstadiumhs,vt,verbeterd typoscript
cdda6522-71e5-56b1-9482-42ccffcf8658,tg:lhhs:4527_#1,e22_ProductStadiums,1,kenmerken.lhstadiumhs,vdp,verbeterde drukproef
c620f435-f340-509b-a7c2-84cbcac40f7b,tg:lhhs:13520_#1,e22_ProductStadiums,1,kenmerken.lhstadiumhs,vt,verbeterd typoscript
11cf98d4-267f-5b4f-b049-78e223563926,tg:lhhs:10444_#1,e22_ProductStadiums,1,kenmerken.lhstadiumhs,vt,verbeterd typoscript
9e43d324-2429-5343-9bef-e07dc3f98b13,tg:lhhs:2265_#1,e22_ProductStadiums,1,kenmerken.lhstadiumhs,vt,verbeterd typoscript
fffddd23-7074-58de-ae7f-a96316ca36e4,tg:lhhs:16108_#1,e22_ProductStadiums,1,kenmerken.lhstadiumhs,vdr,verbeterde druk
353d1aea-0c24-5412-a7e2-73f8919eea30,tg:lhhs:14610_#1,e22_ProductStadiums,1,kenmerken.lhstadiumhs,vdp,verbeterde drukproef
b15602a8-0693-5228-907f-05078ada6b6c,tg:lhhs:6031_#1,e22_ProductStadiums,1,kenmerken.lhstadiumhs,vt,verbeterd typoscript
ca017694-e093-54fa-ab36-19fd5eac7431,tg:lhhs:18689_#1,e22_ProductStadiums,1,kenmerken.lhstadiumhs,vt,verbeterd typoscript
1d84c0db-4894-547c-aaff-d41a919cc9ab,tg:lhhs:6159_#1,e22_ProductStadiums,1,kenmerken.lhstadiumhs,vt,verbeterd typoscript
7c0ecdd9-f136-5f95-a62b-f8758204f1c7,tg:lhhs:15272_#1,e22_ProductStadiums,1,kenmerken.lhstadiumhs,vt,verbeterd typoscript
204b395a-6940-59d8-807f-af9817543279,tg:lhhs:5233_#1,e22_ProductStadiums,1,kenmerken.lhstadiumhs,vdp,verbeterde drukproef
0a53cc63-d4de-5688-a6bb-f9deac27d2ef,tg:lhhs:5476_#1,e22_ProductStadiums,1,kenmerken.lhstadiumhs,vt,verbeterd typoscript
6beb8319-9314-5f45-a5b4-9e31d695aca3,tg:lhhs:21060_#1,e22_ProductStadiums,1,kenmerken.lhstadiumhs,vt,verbeterd typoscript
cccd6a0c-e98e-5b46-9bc7-37d284d3c54e,tg:lhhs:7216_#1,e22_ProductStadiums,1,kenmerken.lhstadiumhs,vt,verbeterd typoscript
d73df1cb-6f87-5fa9-8050-35253e20e441,tg:lhhs:2430_#1,e22_ProductStadiums,1,kenmerken.lhstadiumhs,vt,verbeterd typoscript
63817e4b-3b85-5d58-8676-c5b8b3c03f14,tg:lhhs:12471_#1,e22_ProductStadiums,1,kenmerken.lhstadiumhs,vt,verbeterd typoscript
dc54fa6d-05d0-5e3c-bd1d-ae07655e9171,tg:lhhs:14045_#1,e22_ProductStadiums,1,kenmerken.lhstadiumhs,vt,verbeterd typoscript
80fe0361-2b88-5b99-b994-f4c60c66bc3f,tg:lhhs:11663_#1,e22_ProductStadiums,1,kenmerken.lhstadiumhs,vt,verbeterd typoscript
93fd186b-9314-5c6a-819a-9e3f1a1ea63e,tg:lhhs:1622_#1,e22_ProductStadiums,1,kenmerken.lhstadiumhs,vt,verbeterd typoscript
99ea319c-36ef-5225-bc2b-6563ffb42f1c,tg:lhhs:7206_#1,e22_ProductStadiums,1,kenmerken.lhstadiumhs,vt,verbeterd typoscript
581c7542-bbe1-5366-a367-751d3650ba86,tg:lhhs:2420_#1,e22_ProductStadiums,1,kenmerken.lhstadiumhs,vt,verbeterd typoscript
0ac29680-86b3-584f-b280-1c01800a4c77,tg:lhhs:5466_#1,e22_ProductStadiums,1,kenmerken.lhstadiumhs,vdp,verbeterde drukproef
59c9272d-932e-5d35-8300-0b7db9d14695,tg:lhhs:1632_#1,e22_ProductStadiums,1,kenmerken.lhstadiumhs,vdp,verbeterde drukproef
6e52bb57-6e66-5dfa-87ee-a476ef802bef,tg:lhhs:11673_#1,e22_ProductStadiums,1,kenmerken.lhstadiumhs,vt,verbeterd typoscript
cf6756b7-f490-5ce0-a2d1-3dc8ab382327,tg:lhhs:7274_#1,e22_ProductStadiums,1,kenmerken.lhstadiumhs,vt,verbeterd typoscript
6754fa87-6104-5eed-bc77-c7c394fe0dfc,tg:lhhs:3158_#1,e22_ProductStadiums,1,kenmerken.lhstadiumhs,vt,verbeterd typoscript
e58c4b9d-fc14-53a9-ba61-5cf4fec52d1a,tg:lhhs:2452_#1,e22_ProductStadiums,1,kenmerken.lhstadiumhs,vt,verbeterd typoscript
8ecf14ab-7ea5-533e-b4a4-59129c0756b5,tg:lhhs:12413_#1,e22_ProductStadiums,1,kenmerken.lhstadiumhs,vdp,verbeterde drukproef
50278dd2-2cb6-53ca-81d8-487aaac95af0,tg:lhhs:5414_#1,e22_ProductStadiums,1,kenmerken.lhstadiumhs,vt,verbeterd typoscript
efaa6514-0e96-5a4d-a7b0-0f1c69d9bdf5,tg:lhhs:14027_#1,e22_ProductStadiums,1,kenmerken.lhstadiumhs,vt,verbeterd typoscript
97b72f4b-e2a5-550f-b1bc-6de1290992d5,tg:lhhs:20470_#1,e22_ProductStadiums,1,kenmerken.lhstadiumhs,vt,verbeterd typoscript
396146a7-530e-5b00-a94a-7af385882d13,tg:lhhs:4066_#1,e22_ProductStadiums,1,kenmerken.lhstadiumhs,vt,verbeterd typoscript
1c93ebdb-04da-538b-8213-642ebcb3c235,tg:lhhs:13890_#1,e22_ProductStadiums,1,kenmerken.lhstadiumhs,vdr,verbeterde druk
b0c4a558-68e5-588e-9493-e9173b76115f,tg:lhhs:5404_#1,e22_ProductStadiums,1,kenmerken.lhstadiumhs,vt,verbeterd typoscript
5a8a9a4f-dbb7-54f1-b25f-6148655cc304,tg:lhhs:2442_#1,e22_ProductStadiums,1,kenmerken.lhstadiumhs,vt,verbeterd typoscript
6be43626-06b8-5512-800f-4430344e4595,tg:lhhs:14037_#1,e22_ProductStadiums,1,kenmerken.lhstadiumhs,vt,verbeterd typoscript
1ecf2ba0-8a3f-5f64-9d14-20018f55b348,tg:lhhs:380_#1,e22_ProductStadiums,1,kenmerken.lhstadiumhs,vdr,verbeterde druk
62d002d6-fde3-58ef-8459-5ab865e882ef,tg:lhhs:6616_#1,e22_ProductStadiums,1,kenmerken.lhstadiumhs,vt,verbeterd typoscript
d28ccd9c-71ea-54ef-aa53-2f75cf1f227c,tg:lhhs:17460_#1,e22_ProductStadiums,1,kenmerken.lhstadiumhs,vt,verbeterd typoscript
fe0593ba-1577-51fb-b4f2-3456f7353559,tg:lhhs:19299_#1,e22_ProductStadiums,1,kenmerken.lhstadiumhs,vt,verbeterd typoscript
d8e0bc7c-52e3-57b4-843d-5ee808660741,tg:lhhs:7421_#1,e22_ProductStadiums,1,kenmerken.lhstadiumhs,vt,verbeterd typoscript
ce6e8f2c-344b-54f2-887a-acdc08d59ca7,tg:lhhs:3675_#1,e22_ProductStadiums,1,kenmerken.lhstadiumhs,vdr,verbeterde druk
