ResourceID,brocade.id,card,order,source_field,source_code,Writing material
5afeb490-cc8e-57e9-a983-92e3cbe01821,tg:lhhs:3721,WritingMaterials,1,kenmerken.lhschrijfhs,in,ink
d60b5c1f-8e9c-529a-96e5-e517a2d14757,tg:lhhs:2833,WritingMaterials,1,kenmerken.lhschrijfhs,in,ink
d1346b06-06c9-5cd9-be9c-2e0853cfb994,tg:lhhs:13232,WritingMaterials,1,kenmerken.lhschrijfhs,in,ink
782d17f9-dfac-5e90-9378-e15be88c2b68,tg:lhhs:6489,WritingMaterials,1,kenmerken.lhschrijfhs,in,ink
d25f5f96-a383-5b98-ac99-4c37f63a4adf,tg:lhhs:16460,WritingMaterials,1,kenmerken.lhschrijfhs,in,ink
dfd8bc5b-a20e-517e-8781-20f6b3c29b32,tg:lhhs:19795,WritingMaterials,1,kenmerken.lhschrijfhs,in,ink
6d97b1f3-e7b4-5d37-8a38-373a3c888c55,tg:lhhs:18887,WritingMaterials,1,kenmerken.lhschrijfhs,bi,ball-point pens
e12f60d9-42f8-5c6e-a3e5-db71229eeb07,tg:lhhs:16933,WritingMaterials,1,kenmerken.lhschrijfhs,in,ink
601737a6-271f-518a-a1f4-b74dc13efcf0,tg:lhhs:16899,WritingMaterials,1,kenmerken.lhschrijfhs,in,ink
af8a767b-6220-5f7d-85b2-90aff6a9d199,tg:lhhs:17271,WritingMaterials,1,kenmerken.lhschrijfhs,in,ink
b6bf9963-1e2b-5b55-bfd2-e67337fe47f9,tg:lhhs:7762,WritingMaterials,1,kenmerken.lhschrijfhs,in,ink
b0528a6f-fa42-5b27-bc0d-24d8b4bf95a8,tg:lhhs:6870,WritingMaterials,1,kenmerken.lhschrijfhs,in,ink
9dbe167c-8f5c-5812-9770-ff7762926de0,tg:lhhs:15759,WritingMaterials,1,kenmerken.lhschrijfhs,bi,ball-point pens
7dbce934-61c1-5e86-936c-24c2900f472e,tg:lhhs:17764,WritingMaterials,1,kenmerken.lhschrijfhs,in,ink
a70f76cb-fded-5b93-b517-9136434111e1,tg:lhhs:8182,WritingMaterials,1,kenmerken.lhschrijfhs,in,ink
65b74196-745d-5b6a-8f85-12d21736dfef,tg:lhhs:20417,WritingMaterials,1,kenmerken.lhschrijfhs,in,ink
335d3034-0a27-5dc2-93b9-6d534fa0584b,tg:lhhs:18491,WritingMaterials,1,kenmerken.lhschrijfhs,bi,ball-point pens
17295643-ba29-5915-b371-78b6e458297e,tg:lhhs:20047,WritingMaterials,1,kenmerken.lhschrijfhs,in,ink
167b7ca6-fea7-51a1-a1bd-6ca2957f42bc,tg:lhhs:7627,WritingMaterials,1,kenmerken.lhschrijfhs,in,ink
4a8f4cce-4235-5545-95cb-bde2baae99d0,tg:lhhs:6935,WritingMaterials,1,kenmerken.lhschrijfhs,in,ink
45d0ebc8-d7fc-5f3f-88f5-c4a1bdcb94db,tg:lhhs:4908,WritingMaterials,1,kenmerken.lhschrijfhs,in,ink
0569d9f7-7725-51a2-bb87-6133c53a82bd,tg:lhhs:16175,WritingMaterials,1,kenmerken.lhschrijfhs,bi,ball-point pens
2e2217ed-3f95-531d-b0e0-7f6b48d89761,tg:lhhs:14148,WritingMaterials,1,kenmerken.lhschrijfhs,bi,ball-point pens
dad11e2f-6c14-591e-bb5e-74b164c56f93,tg:lhhs:8881,WritingMaterials,1,kenmerken.lhschrijfhs,pc,pencils (drawing and writing equipment)
e3bc4ac1-724c-58cc-a020-dc019d9b583a,tg:lhhs:19280,WritingMaterials,1,kenmerken.lhschrijfhs,in,ink
d662ec5e-ad9b-5929-8c7b-bcac2202a6b0,tg:lhhs:18868,WritingMaterials,1,kenmerken.lhschrijfhs,bi,ball-point pens
6343342f-f716-5c84-9ef9-219078c8bdd2,tg:lhhs:2976,WritingMaterials,1,kenmerken.lhschrijfhs,in,ink
b97aca93-8153-527b-a9fb-dc9de55a875f,tg:lhhs:14518,WritingMaterials,1,kenmerken.lhschrijfhs,bi,ball-point pens
0791cbd8-04ac-5caa-96e5-a1866f4e7454,tg:lhhs:6036,WritingMaterials,1,kenmerken.lhschrijfhs,ft,felt-tip pens
f5119d7d-32e2-5c69-aa6a-912210a96cb4,tg:lhhs:10808,WritingMaterials,1,kenmerken.lhschrijfhs,in,ink
22632f5a-c74b-50b3-a77d-9af0895bb5d0,tg:lhhs:15020,WritingMaterials,1,kenmerken.lhschrijfhs,bi,ball-point pens
0b7f1456-2228-5c84-af8b-6ee3fbb45f76,tg:lhhs:8301,WritingMaterials,1,kenmerken.lhschrijfhs,in,ink
0f2b7f0f-eaa3-5d66-acf4-2c5c1e7685e4,tg:lhhs:19900,WritingMaterials,1,kenmerken.lhschrijfhs,in,ink
9c9ef39c-68b3-5abe-a895-0bbd0defb57c,tg:lhhs:18612,WritingMaterials,1,kenmerken.lhschrijfhs,in,ink
fb607730-08c8-5a16-be10-94bf65b354cf,tg:lhhs:10672,WritingMaterials,1,kenmerken.lhschrijfhs,in,ink
2eee2e3f-331b-54b6-a9c8-bee430ed25e9,tg:lhhs:8751,WritingMaterials,1,kenmerken.lhschrijfhs,in,ink
5c84d27a-4898-515b-ab92-4f279964a549,tg:lhhs:5499,WritingMaterials,1,kenmerken.lhschrijfhs,in,ink
a6afb95b-3287-5889-90a2-066e9cef1db7,tg:lhhs:18242,WritingMaterials,1,kenmerken.lhschrijfhs,in,ink
29d7bb15-90cd-5bb0-bb16-e0e352922a93,tg:lhhs:4322,WritingMaterials,1,kenmerken.lhschrijfhs,pc,pencils (drawing and writing equipment)
a9657bff-e5e4-5bbd-91c8-f0f5545c029f,tg:lhhs:15923,WritingMaterials,1,kenmerken.lhschrijfhs,in,ink
9f4cf17b-9cd1-5aa1-86ba-f8d2d63a4d16,tg:lhhs:4772,WritingMaterials,1,kenmerken.lhschrijfhs,in,ink
c3207ac9-7311-5c4b-9bdc-ccaa7910a560,tg:lhhs:11599,WritingMaterials,1,kenmerken.lhschrijfhs,pc,pencils (drawing and writing equipment)
4fe24531-2367-5017-bfc3-59ea6a5c7441,tg:lhhs:15889,WritingMaterials,1,kenmerken.lhschrijfhs,in,ink
5344d5ed-3e90-5555-82a1-50ddd071c34e,tg:lhhs:11063,WritingMaterials,1,kenmerken.lhschrijfhs,in,ink
11a2c2e5-4cd2-5d16-ad1f-4a335e3c800f,tg:lhhs:19453,WritingMaterials,1,kenmerken.lhschrijfhs,in,ink
15042a39-fd82-5afa-9c6c-f7800e95648f,tg:lhhs:11576,WritingMaterials,1,kenmerken.lhschrijfhs,bi,ball-point pens
694513d8-cb6f-5ec8-be28-14530e5b7d41,tg:lhhs:3058,WritingMaterials,1,kenmerken.lhschrijfhs,in,ink
d64485b9-cba2-5195-89ed-49d991524464,tg:lhhs:19146,WritingMaterials,1,kenmerken.lhschrijfhs,in,ink
1521c0e9-cebd-51fa-bfe1-77266eefdcf7,tg:lhhs:4267,WritingMaterials,1,kenmerken.lhschrijfhs,in,ink
848d47cf-bff0-50b9-89da-7a6a35f781bb,tg:lhhs:16749,WritingMaterials,1,kenmerken.lhschrijfhs,in,ink
6f183175-cf9d-515d-afdc-6ccc4959930a,tg:lhhs:11126,WritingMaterials,1,kenmerken.lhschrijfhs,in,ink
46ef0b3e-0ccf-5701-b967-7eccb7813e1e,tg:lhhs:9005,WritingMaterials,1,kenmerken.lhschrijfhs,bi,ball-point pens
78bdbcaf-8f6d-5ddc-8535-06ae946e1a43,tg:lhhs:19516,WritingMaterials,1,kenmerken.lhschrijfhs,in,ink
c7c774f5-f541-5266-aea6-955b93d1159d,tg:lhhs:7918,WritingMaterials,1,kenmerken.lhschrijfhs,in,ink
b5a4caa3-08d4-555b-86ae-175781b5d005,tg:lhhs:4637,WritingMaterials,1,kenmerken.lhschrijfhs,bi,ball-point pens
1a4d30fa-ff1c-5f69-8143-72b8f846acfa,tg:lhhs:16319,WritingMaterials,1,kenmerken.lhschrijfhs,bi,ball-point pens
31840c5e-0518-567e-9d53-77bc01a455f7,tg:lhhs:8244,WritingMaterials,1,kenmerken.lhschrijfhs,in,ink
a6c675d2-7df4-5a35-9454-389b63487076,tg:lhhs:19845,WritingMaterials,1,kenmerken.lhschrijfhs,in,ink
96d48aaf-92d6-5bee-8226-fc1ea7692338,tg:lhhs:18757,WritingMaterials,1,kenmerken.lhschrijfhs,in,ink
51dc6aa2-5c71-5984-a76d-6f85bc95970d,tg:lhhs:2649,WritingMaterials,1,kenmerken.lhschrijfhs,in,ink
144ebd77-a285-55b0-8b82-26e994e8620a,tg:lhhs:17158,WritingMaterials,1,kenmerken.lhschrijfhs,in,ink
d664d293-0fb0-5b75-adf4-ecb53e815f71,tg:lhhs:20381,WritingMaterials,1,kenmerken.lhschrijfhs,in,ink
3807ac30-ea21-5ff0-bc11-d59c77ee13f8,tg:lhhs:9906,WritingMaterials,1,kenmerken.lhschrijfhs,bi,ball-point pens
b58d6112-c6bd-5b64-92d4-103b24d27b28,tg:lhhs:8614,WritingMaterials,1,kenmerken.lhschrijfhs,in,ink
f9c66fae-fa6d-597b-b2e7-e00fca0e4eb8,tg:lhhs:5026,WritingMaterials,1,kenmerken.lhschrijfhs,in,ink
bd4f0fbf-8168-5c8c-93f2-ea8892b48c24,tg:lhhs:17508,WritingMaterials,1,kenmerken.lhschrijfhs,in,ink
d32277a6-b212-542d-b25a-6c2957288278,tg:lhhs:15535,WritingMaterials,1,kenmerken.lhschrijfhs,in,ink
9e0363c8-fa52-51c2-854c-aa94635fcd87,tg:lhhs:20155,WritingMaterials,1,kenmerken.lhschrijfhs,in,ink
c0e297a3-d8c8-52d0-933e-30af5a65a9dd,tg:lhhs:17226,WritingMaterials,1,kenmerken.lhschrijfhs,in,ink
6e09c639-e970-58ae-93de-1d86f075169a,tg:lhhs:7735,WritingMaterials,1,kenmerken.lhschrijfhs,in,ink
93065a21-3867-5fe2-a29b-10fb2d74cc06,tg:lhhs:6827,WritingMaterials,1,kenmerken.lhschrijfhs,in,ink
48c098e8-94d4-531f-87fc-fa89ca37520d,tg:lhhs:18429,WritingMaterials,1,kenmerken.lhschrijfhs,in,ink
9e733ccd-bf54-593c-92e0-1a83c6954abf,tg:lhhs:17676,WritingMaterials,1,kenmerken.lhschrijfhs,in,ink
7fd4696d-1a3f-5967-b6e1-fefea8bb9419,tg:lhhs:10449,WritingMaterials,1,kenmerken.lhschrijfhs,ft,felt-tip pens
c3a3dbaf-a096-5026-88cc-1bfdc3c2b89a,tg:lhhs:4119,WritingMaterials,1,kenmerken.lhschrijfhs,in,ink
8f8faff7-5df6-59e3-98da-38af81ce5a12,tg:lhhs:19238,WritingMaterials,1,kenmerken.lhschrijfhs,in,ink
8d8a02db-1e51-514f-84d8-f0795261938e,tg:lhhs:9681,WritingMaterials,1,kenmerken.lhschrijfhs,bi,ball-point pens
4d848e55-e57f-52db-8d9f-0a9e20bde8cc,tg:lhhs:8993,WritingMaterials,1,kenmerken.lhschrijfhs,bi,ball-point pens
ee8f4d41-a290-573e-a913-2f7f64cc31c5,tg:lhhs:19392,WritingMaterials,1,kenmerken.lhschrijfhs,in,ink
6f8e10cb-df34-5124-b83f-0ea5dfe8c0ab,tg:lhhs:4549,WritingMaterials,1,kenmerken.lhschrijfhs,in,ink
96b1c6c2-efee-5f5e-9a64-abf5e910a3b9,tg:lhhs:3776,WritingMaterials,1,kenmerken.lhschrijfhs,in,ink
c4438d20-2d1e-51e6-b9a4-460c2bd47e23,tg:lhhs:19668,WritingMaterials,1,kenmerken.lhschrijfhs,in,ink
18c40cbc-858f-5f1a-8f5b-f3c4baefc148,tg:lhhs:2864,WritingMaterials,1,kenmerken.lhschrijfhs,in,ink
ed8262a0-a16f-5aa6-bf35-3b63b4cf9a6a,tg:lhhs:11258,WritingMaterials,1,kenmerken.lhschrijfhs,in,ink
dead368e-7569-5dd7-9c03-4e98e3b33a7a,tg:lhhs:12862,WritingMaterials,1,kenmerken.lhschrijfhs,in,ink
39f2ea07-5375-5549-994c-89d4bf09a666,tg:lhhs:20913,WritingMaterials,1,kenmerken.lhschrijfhs,ft,felt-tip pens
c562ec69-ca48-58fd-a64c-3daf60f1d726,tg:lhhs:3799,WritingMaterials,1,kenmerken.lhschrijfhs,in,ink
fa3ab061-3b7a-5dc6-8de0-a1cf3baf1510,tg:lhhs:19687,WritingMaterials,1,kenmerken.lhschrijfhs,in,ink
0a2da7f0-fbae-5d80-9f47-6054c9d05cd7,tg:lhhs:18995,WritingMaterials,1,kenmerken.lhschrijfhs,bi,ball-point pens
7d6e8a03-49f9-59ac-a0a6-91ac896cc33d,tg:lhhs:16122,WritingMaterials,1,kenmerken.lhschrijfhs,in,ink
17867b78-365c-518e-a031-5827c85b1740,tg:lhhs:17699,WritingMaterials,1,kenmerken.lhschrijfhs,in,ink
dd464801-e67b-585a-96da-938154150c7c,tg:lhhs:20010,WritingMaterials,1,kenmerken.lhschrijfhs,pc,pencils (drawing and writing equipment)
031b3d9b-2202-5a05-8236-e60a460a606c,tg:lhhs:17363,WritingMaterials,1,kenmerken.lhschrijfhs,in,ink
558f79a9-9a79-50ad-b463-635c365e2a99,tg:lhhs:8585,WritingMaterials,1,kenmerken.lhschrijfhs,in,ink
31972da3-b081-5854-ad6f-b8e52005003f,tg:lhhs:7670,WritingMaterials,1,kenmerken.lhschrijfhs,in,ink
9fd127bb-e32b-56e6-b5bb-3565efdfe4ac,tg:lhhs:6962,WritingMaterials,1,kenmerken.lhschrijfhs,bi,ball-point pens
78366354-4f52-5143-bd83-8d4db36b2380,tg:lhhs:17733,WritingMaterials,1,kenmerken.lhschrijfhs,in,ink
1795a929-a06f-5657-899c-179c899c13d2,tg:lhhs:11034,WritingMaterials,1,kenmerken.lhschrijfhs,in,ink
3367dcc7-ec73-55d5-8571-a5f1ffc79973,tg:lhhs:9117,WritingMaterials,1,kenmerken.lhschrijfhs,bi,ball-point pens
f07cace3-2c17-58f7-8414-072e68c5da19,tg:lhhs:5837,WritingMaterials,1,kenmerken.lhschrijfhs,in,ink
c749f86e-430b-5538-bce8-a098da3485b9,tg:lhhs:13459,WritingMaterials,1,kenmerken.lhschrijfhs,in,ink
d00992a5-f803-50ee-8346-ade3eec281f6,tg:lhhs:4375,WritingMaterials,1,kenmerken.lhschrijfhs,in,ink
45abb935-8cd5-5b29-9c50-be932dad9151,tg:lhhs:6348,WritingMaterials,1,kenmerken.lhschrijfhs,in,ink
c4e719a6-841e-5ede-b253-196549270d8d,tg:lhhs:17949,WritingMaterials,1,kenmerken.lhschrijfhs,in,ink
ce5849ed-717a-5f65-818a-2265baa3029e,tg:lhhs:15974,WritingMaterials,1,kenmerken.lhschrijfhs,in,ink
d56e76f7-a759-5686-a135-e0610ac2f15f,tg:lhhs:20293,WritingMaterials,1,kenmerken.lhschrijfhs,in,ink
45f00718-1486-5ea1-ae01-54cca6d33768,tg:lhhs:10625,WritingMaterials,1,kenmerken.lhschrijfhs,in,ink
dc05a924-d52f-5de4-be60-9040975db260,tg:lhhs:7109,WritingMaterials,1,kenmerken.lhschrijfhs,pc,pencils (drawing and writing equipment)
b149fabb-9e1a-5173-9d44-8de37899b670,tg:lhhs:5134,WritingMaterials,1,kenmerken.lhschrijfhs,in,ink
49701d70-1b2d-5c19-baf9-e34ae479fb3e,tg:lhhs:20769,WritingMaterials,1,kenmerken.lhschrijfhs,in,ink
66e1b636-92c1-58c7-9abd-51b032f7ac73,tg:lhhs:10275,WritingMaterials,1,kenmerken.lhschrijfhs,in,ink
8be18338-aaec-5ee0-9abc-602082cd2b12,tg:lhhs:3849,WritingMaterials,1,kenmerken.lhschrijfhs,in,ink
a4e77d01-03d6-5b9d-8833-339a48c6da1e,tg:lhhs:19957,WritingMaterials,1,kenmerken.lhschrijfhs,in,ink
372e1c19-606a-5e56-a9a3-f369162a34f7,tg:lhhs:18645,WritingMaterials,1,kenmerken.lhschrijfhs,pc,pencils (drawing and writing equipment)
c3604d9d-5b48-534c-8456-e6a081969451,tg:lhhs:7559,WritingMaterials,1,kenmerken.lhschrijfhs,in,ink
1ee843d8-c91f-556f-8097-bacb954beed5,tg:lhhs:15077,WritingMaterials,1,kenmerken.lhschrijfhs,in,ink
91408ad7-aff8-5999-9bc9-75de75248dd2,tg:lhhs:5071,WritingMaterials,1,kenmerken.lhschrijfhs,in,ink
8445de16-3c88-56c0-afd5-b2b51429e33c,tg:lhhs:15562,WritingMaterials,1,kenmerken.lhschrijfhs,in,ink
64ee5dc4-5407-5c61-aaea-21857299de74,tg:lhhs:9951,WritingMaterials,1,kenmerken.lhschrijfhs,ft,felt-tip pens
09082faf-dc92-52c0-9777-b28c462d0da3,tg:lhhs:15098,WritingMaterials,1,kenmerken.lhschrijfhs,in,ink
a8ff524a-28ab-52f1-8081-b6eb14cd40d1,tg:lhhs:8643,WritingMaterials,1,kenmerken.lhschrijfhs,in,ink
f648dddd-79f4-5f08-ac44-e125cdf9ce24,tg:lhhs:18350,WritingMaterials,1,kenmerken.lhschrijfhs,bi,ball-point pens
8ab0f055-6198-5626-871a-fe637a56c699,tg:lhhs:15132,WritingMaterials,1,kenmerken.lhschrijfhs,in,ink
ff34bc2f-a8a1-5209-9ccf-3d5fa2cac26b,tg:lhhs:8213,WritingMaterials,1,kenmerken.lhschrijfhs,in,ink
c057d191-bc12-56fa-94a5-c3d5ccd22792,tg:lhhs:19812,WritingMaterials,1,kenmerken.lhschrijfhs,in,ink
c8dcaf80-6aa6-5b87-90e9-ee0e1be86ab1,tg:lhhs:9052,WritingMaterials,1,kenmerken.lhschrijfhs,bi,ball-point pens
075ecdd3-cc34-54ea-9a1d-78b9141d3857,tg:lhhs:14689,WritingMaterials,1,kenmerken.lhschrijfhs,bi,ball-point pens
b41ef192-f050-52ce-a030-2644e76aa391,tg:lhhs:11171,WritingMaterials,1,kenmerken.lhschrijfhs,in,ink
3b8de5a3-cd13-59ad-8738-994f7977fb20,tg:lhhs:19541,WritingMaterials,1,kenmerken.lhschrijfhs,in,ink
321c78fc-e8b8-5b62-b46a-6e8083302f52,tg:lhhs:4230,WritingMaterials,1,kenmerken.lhschrijfhs,pc,pencils (drawing and writing equipment)
f131bb32-fb89-5edf-beb7-1d191d0dece3,tg:lhhs:15831,WritingMaterials,1,kenmerken.lhschrijfhs,in,ink
1f83935c-d07c-556f-af0b-32d399bd7e7b,tg:lhhs:14723,WritingMaterials,1,kenmerken.lhschrijfhs,ft,felt-tip pens
703e63b4-f901-5f9e-b441-6a28868abcc4,tg:lhhs:9402,WritingMaterials,1,kenmerken.lhschrijfhs,bi,ball-point pens
27b75c3b-eac3-5b4f-8d92-62f86ef2a23e,tg:lhhs:11521,WritingMaterials,1,kenmerken.lhschrijfhs,pc,pencils (drawing and writing equipment)
aa0ebb91-3f86-51ac-ac78-17fae0793bf8,tg:lhhs:19111,WritingMaterials,1,kenmerken.lhschrijfhs,in,ink
5108c78e-1bbd-588f-a166-9f2e8bd8617b,tg:lhhs:2872,WritingMaterials,1,kenmerken.lhschrijfhs,in,ink
3f9bb067-2681-5bb3-be24-a464328d13e3,tg:lhhs:3760,WritingMaterials,1,kenmerken.lhschrijfhs,in,ink
861ae456-79e1-5dd6-8685-f53439b20410,tg:lhhs:19384,WritingMaterials,1,kenmerken.lhschrijfhs,in,ink
7d3446b4-2301-54e2-b511-ba8ee9b49cee,tg:lhhs:768,WritingMaterials,1,kenmerken.lhschrijfhs,in,ink
ccc99abc-af88-571c-acd4-a451621b5f05,tg:lhhs:7689,WritingMaterials,1,kenmerken.lhschrijfhs,in,ink
d5dfa169-5541-5b0b-b2c3-e8490f4b39cb,tg:lhhs:16972,WritingMaterials,1,kenmerken.lhschrijfhs,in,ink
2108629f-cc11-5f48-8bba-b9559dfcf1e7,tg:lhhs:6831,WritingMaterials,1,kenmerken.lhschrijfhs,in,ink
1e7b23c9-4279-5c60-900a-0bf80c3e3e40,tg:lhhs:7723,WritingMaterials,1,kenmerken.lhschrijfhs,in,ink
579618fc-1435-510d-9b6a-051cb17abaeb,tg:lhhs:17230,WritingMaterials,1,kenmerken.lhschrijfhs,in,ink
a0b4b6ef-2148-5e29-b895-1516bd2ee523,tg:lhhs:20456,WritingMaterials,1,kenmerken.lhschrijfhs,in,ink
f4f1e6bf-bf5a-59e3-abf4-7b4bde330fcd,tg:lhhs:17725,WritingMaterials,1,kenmerken.lhschrijfhs,in,ink
8493fde0-3829-57c9-8deb-26bfa65fdae0,tg:lhhs:15718,WritingMaterials,1,kenmerken.lhschrijfhs,in,ink
590acf97-ea04-5e37-a16d-5671fa1709cb,tg:lhhs:8439,WritingMaterials,1,kenmerken.lhschrijfhs,in,ink
387e58c7-af2c-5202-89f8-37fa0c417f9c,tg:lhhs:4949,WritingMaterials,1,kenmerken.lhschrijfhs,in,ink
8417364b-b529-5a26-aff7-07e4a7143465,tg:lhhs:18080,WritingMaterials,1,kenmerken.lhschrijfhs,bi,ball-point pens
26e0ec13-3ede-5245-b4ec-23783fe9a2f9,tg:lhhs:7666,WritingMaterials,1,kenmerken.lhschrijfhs,in,ink
28f56069-573a-55f2-a24e-a4b67dbc81c0,tg:lhhs:17375,WritingMaterials,1,kenmerken.lhschrijfhs,in,ink
e60fd4d4-2707-542e-9b4b-817e3c64c28e,tg:lhhs:20006,WritingMaterials,1,kenmerken.lhschrijfhs,in,ink
c2f580cf-b372-5c92-9592-18be0331cb06,tg:lhhs:8069,WritingMaterials,1,kenmerken.lhschrijfhs,in,ink
063ee1a0-b6a2-5607-9f32-8a03c92c0fff,tg:lhhs:16134,WritingMaterials,1,kenmerken.lhschrijfhs,in,ink
dec5155e-c9ba-5052-a229-796416a1afbf,tg:lhhs:2937,WritingMaterials,1,kenmerken.lhschrijfhs,in,ink
c0693e73-d6a2-5314-acd6-f99204872cb8,tg:lhhs:18829,WritingMaterials,1,kenmerken.lhschrijfhs,bi,ball-point pens
b813f297-e18f-5e03-ab08-b24f76900096,tg:lhhs:14559,WritingMaterials,1,kenmerken.lhschrijfhs,in,ink
dfc44e20-3000-5c64-9cfe-4c2e341bb5bb,tg:lhhs:16564,WritingMaterials,1,kenmerken.lhschrijfhs,bi,ball-point pens
eb2cc128-5d69-5e0f-ae60-68b3d959ee40,tg:lhhs:9382,WritingMaterials,1,kenmerken.lhschrijfhs,bi,ball-point pens
29099256-c831-5ee0-8e74-f766d05440c7,tg:lhhs:12874,WritingMaterials,1,kenmerken.lhschrijfhs,in,ink
6332662e-557b-5f10-9a40-dcd805f4a9be,tg:lhhs:10849,WritingMaterials,1,kenmerken.lhschrijfhs,in,ink
eb6b6db5-a14d-59c2-a0c4-e1e5cde338f1,tg:lhhs:15061,WritingMaterials,1,kenmerken.lhschrijfhs,pc,pencils (drawing and writing equipment)
999504e5-87a0-5909-8d8a-7ac046ad75e1,tg:lhhs:5572,WritingMaterials,1,kenmerken.lhschrijfhs,bi,ball-point pens
d5dfa4c6-e801-507d-874e-19d1fd981a75,tg:lhhs:18653,WritingMaterials,1,kenmerken.lhschrijfhs,in,ink
4bd1591c-ee66-56e9-82a2-c35aaec5be67,tg:lhhs:5088,WritingMaterials,1,kenmerken.lhschrijfhs,in,ink
4f366cc8-3cd6-51f6-a741-9d911e044f27,tg:lhhs:8340,WritingMaterials,1,kenmerken.lhschrijfhs,in,ink
3540045f-7057-5fe3-a083-0861fdc945af,tg:lhhs:10263,WritingMaterials,1,kenmerken.lhschrijfhs,in,ink
bb8b5538-bcd1-5b08-8cf4-9893b8e7ac42,tg:lhhs:10633,WritingMaterials,1,kenmerken.lhschrijfhs,in,ink
1379038c-6492-560d-a6e0-c74563b70e77,tg:lhhs:20285,WritingMaterials,1,kenmerken.lhschrijfhs,in,ink
68c7aae6-ea88-5988-b44a-1be943c4fb9b,tg:lhhs:9802,WritingMaterials,1,kenmerken.lhschrijfhs,pc,pencils (drawing and writing equipment)
9f918179-9acd-5efe-b83a-5b478b0a183e,tg:lhhs:11188,WritingMaterials,1,kenmerken.lhschrijfhs,in,ink
aa6bbac7-c2f0-51db-9320-b96740836cbf,tg:lhhs:14670,WritingMaterials,1,kenmerken.lhschrijfhs,bi,ball-point pens
370b8579-3f7f-55e7-941a-f4b9dffe484d,tg:lhhs:19042,WritingMaterials,1,kenmerken.lhschrijfhs,bi,ball-point pens
13d4ee45-1359-5891-8770-3ef2e1f84673,tg:lhhs:19412,WritingMaterials,1,kenmerken.lhschrijfhs,in,ink
9c17e13c-b601-5b38-921a-68a07de49044,tg:lhhs:11022,WritingMaterials,1,kenmerken.lhschrijfhs,in,ink
481f1169-03e5-5599-84a3-26de6405c5d2,tg:lhhs:9101,WritingMaterials,1,kenmerken.lhschrijfhs,bi,ball-point pens
c51f4427-8801-5407-b323-1ec0769c6e18,tg:lhhs:19107,WritingMaterials,1,kenmerken.lhschrijfhs,in,ink
b306152f-7577-5d33-9d7f-1fd5bb2ab09f,tg:lhhs:3019,WritingMaterials,1,kenmerken.lhschrijfhs,bi,ball-point pens
0f3ad576-fe86-5aa7-bec9-2200f0cb2b9b,tg:lhhs:9414,WritingMaterials,1,kenmerken.lhschrijfhs,in,ink
f8ce87ce-a20f-5513-b5da-dcab8152ac49,tg:lhhs:14735,WritingMaterials,1,kenmerken.lhschrijfhs,bi,ball-point pens
74585701-9c35-589e-9e06-7cb33ec009c2,tg:lhhs:15827,WritingMaterials,1,kenmerken.lhschrijfhs,in,ink
76ab0649-6698-58e6-bd34-be61798242bd,tg:lhhs:4226,WritingMaterials,1,kenmerken.lhschrijfhs,in,ink
bacec724-490a-5f51-bc20-64e6e328902b,tg:lhhs:3449,WritingMaterials,1,kenmerken.lhschrijfhs,in,ink
66b177d4-aff5-5e8f-8f17-5f05dc4eae7f,tg:lhhs:9044,WritingMaterials,1,kenmerken.lhschrijfhs,bi,ball-point pens
e404cf7d-89b7-530d-93ea-2a6345ea6c91,tg:lhhs:11167,WritingMaterials,1,kenmerken.lhschrijfhs,in,ink
80fe0ee0-cc1d-59fd-996e-03aab64b4459,tg:lhhs:16358,WritingMaterials,1,kenmerken.lhschrijfhs,in,ink
1ecd91aa-abd3-5fcd-b494-22798a7d898a,tg:lhhs:18716,WritingMaterials,1,kenmerken.lhschrijfhs,bi,ball-point pens
1d60c8e3-a7bc-5133-a47c-051e063ba5c1,tg:lhhs:19804,WritingMaterials,1,kenmerken.lhschrijfhs,in,ink
d0b857d3-f965-5698-b5ec-12ae3d35ab3b,tg:lhhs:20790,WritingMaterials,1,kenmerken.lhschrijfhs,in,ink
117106a2-a6f6-5b92-8c62-dfd6f00d22e3,tg:lhhs:8205,WritingMaterials,1,kenmerken.lhschrijfhs,in,ink
9ba88f44-34ad-531e-8405-61182bd0a08f,tg:lhhs:15124,WritingMaterials,1,kenmerken.lhschrijfhs,in,ink
f7fdbac9-b696-5b0c-8338-5ddef895dd4e,tg:lhhs:17119,WritingMaterials,1,kenmerken.lhschrijfhs,pc,pencils (drawing and writing equipment)
e72bf25a-b68f-5a0a-8a68-b670b1472171,tg:lhhs:18346,WritingMaterials,1,kenmerken.lhschrijfhs,bi,ball-point pens
6133b0a3-4993-5d5f-b744-2edad74b10f3,tg:lhhs:8655,WritingMaterials,1,kenmerken.lhschrijfhs,in,ink
88ef5568-6d34-5deb-bb96-36c6e15c33ef,tg:lhhs:9947,WritingMaterials,1,kenmerken.lhschrijfhs,bi,ball-point pens
fd4c5721-bac0-5652-98a6-df2a3fa1affa,tg:lhhs:15574,WritingMaterials,1,kenmerken.lhschrijfhs,in,ink
913fd09d-12de-5b2c-9d64-aad601b7fd20,tg:lhhs:5067,WritingMaterials,1,kenmerken.lhschrijfhs,in,ink
89df5f47-7c10-5d86-a08b-406bd55a312d,tg:lhhs:6866,WritingMaterials,1,kenmerken.lhschrijfhs,in,ink
67168f55-7424-5a8c-865e-45203fb0158a,tg:lhhs:7774,WritingMaterials,1,kenmerken.lhschrijfhs,in,ink
3eafa787-cd6b-5e5e-b592-cb8469f10e07,tg:lhhs:17267,WritingMaterials,1,kenmerken.lhschrijfhs,pc,pencils (drawing and writing equipment)
8e653ad4-4333-52b2-a573-51baf038163c,tg:lhhs:18468,WritingMaterials,1,kenmerken.lhschrijfhs,bi,ball-point pens
3a412454-c197-521d-a49b-9ea334d51db9,tg:lhhs:7324,WritingMaterials,1,kenmerken.lhschrijfhs,in,ink
e659c288-3935-5eb4-97eb-a28a04ba98a0,tg:lhhs:5319,WritingMaterials,1,kenmerken.lhschrijfhs,in,ink
9f1ffc16-e95e-5de4-b96b-5306f920eeb3,tg:lhhs:20544,WritingMaterials,1,kenmerken.lhschrijfhs,bi,ball-point pens
c347ff23-45fd-5ffd-aeca-52174e55de94,tg:lhhs:16925,WritingMaterials,1,kenmerken.lhschrijfhs,in,ink
88a0941b-49b7-54a7-b07c-3ec4ddd1ca46,tg:lhhs:17637,WritingMaterials,1,kenmerken.lhschrijfhs,in,ink
8bdff66f-4c20-527a-8d64-7fda47291fa0,tg:lhhs:18891,WritingMaterials,1,kenmerken.lhschrijfhs,bi,ball-point pens
3a6f2edd-79ac-55e0-af79-8458e2d852ab,tg:lhhs:4158,WritingMaterials,1,kenmerken.lhschrijfhs,in,ink
c7fc339a-ac52-5977-bc44-00c5ee7a28aa,tg:lhhs:19783,WritingMaterials,1,kenmerken.lhschrijfhs,ft,felt-tip pens
d31d55fd-af49-5e67-9e26-4ebf8b195a2d,tg:lhhs:8878,WritingMaterials,1,kenmerken.lhschrijfhs,pc,pencils (drawing and writing equipment)
6e62c5f9-626a-516c-9fbb-c5730f10499c,tg:lhhs:4508,WritingMaterials,1,kenmerken.lhschrijfhs,in,ink
27baa694-960f-50bf-8251-d3c4b5cc9d07,tg:lhhs:16026,WritingMaterials,1,kenmerken.lhschrijfhs,in,ink
74327130-bfae-5595-93cd-3159ac442a95,tg:lhhs:11219,WritingMaterials,1,kenmerken.lhschrijfhs,in,ink
16a37e2b-5aa6-5011-b4ef-5a119f4d1d2c,tg:lhhs:13224,WritingMaterials,1,kenmerken.lhschrijfhs,in,ink
45d2f8d5-5cfd-50d2-867a-d9ff9ec26040,tg:lhhs:19629,WritingMaterials,1,kenmerken.lhschrijfhs,in,ink
e360b1a0-0bf3-50d8-9687-135e3d36deb0,tg:lhhs:3737,WritingMaterials,1,kenmerken.lhschrijfhs,bi,ball-point pens
03195429-c200-57f6-97ff-6247e9bf028e,tg:lhhs:12823,WritingMaterials,1,kenmerken.lhschrijfhs,in,ink
dcf9eb46-4760-50aa-8dd1-8934accaa065,tg:lhhs:16533,WritingMaterials,1,kenmerken.lhschrijfhs,in,ink
df463c3f-8531-548a-8a57-2e1ed07b5511,tg:lhhs:2960,WritingMaterials,1,kenmerken.lhschrijfhs,in,ink
cc7ac48b-f4aa-56c1-9372-d34f2fa8bc3c,tg:lhhs:3388,WritingMaterials,1,kenmerken.lhschrijfhs,in,ink
0d61f417-1a67-53f8-999e-1afef425d19e,tg:lhhs:12989,WritingMaterials,1,kenmerken.lhschrijfhs,bi,ball-point pens
1e67d21a-daa2-58c7-bd7e-f4ff3296a223,tg:lhhs:8897,WritingMaterials,1,kenmerken.lhschrijfhs,bi,ball-point pens
3cfef440-96e3-556f-8e6a-77bd7af57dc9,tg:lhhs:16163,WritingMaterials,1,kenmerken.lhschrijfhs,in,ink
72484174-0a37-573f-9f72-f07dfcbeb03d,tg:lhhs:6923,WritingMaterials,1,kenmerken.lhschrijfhs,in,ink
c4367889-08c9-57a3-93dd-40638e554717,tg:lhhs:7631,WritingMaterials,1,kenmerken.lhschrijfhs,in,ink
381eee4f-365c-56ac-9a16-5d4de7c9c131,tg:lhhs:20051,WritingMaterials,1,kenmerken.lhschrijfhs,in,ink
992ce359-e851-5560-87d2-c093df2d10d1,tg:lhhs:17288,WritingMaterials,1,kenmerken.lhschrijfhs,in,ink
4454be31-ca49-59b7-9431-514a29028a3a,tg:lhhs:6889,WritingMaterials,1,kenmerken.lhschrijfhs,in,ink
107c320e-140a-5a25-9275-c4e0ce5a1928,tg:lhhs:18487,WritingMaterials,1,kenmerken.lhschrijfhs,bi,ball-point pens
d3d525cd-e704-5c00-9a71-af43b8cc7e6f,tg:lhhs:7261,WritingMaterials,1,kenmerken.lhschrijfhs,in,ink
e1447e40-1e1a-53f8-add9-a4d02ef2713a,tg:lhhs:20401,WritingMaterials,1,kenmerken.lhschrijfhs,in,ink
2d8436df-e4b0-5a61-97eb-e28b9376eb31,tg:lhhs:8194,WritingMaterials,1,kenmerken.lhschrijfhs,in,ink
be4d8a9d-4195-5540-8eba-17de2ccfb7ce,tg:lhhs:19445,WritingMaterials,1,kenmerken.lhschrijfhs,bi,ball-point pens
d19f5112-5ed7-534c-841e-d2049400da27,tg:lhhs:9156,WritingMaterials,1,kenmerken.lhschrijfhs,bi,ball-point pens
0f72258c-9074-5776-9230-4d74d5c24042,tg:lhhs:11075,WritingMaterials,1,kenmerken.lhschrijfhs,in,ink
3a1dd281-53e4-5049-88f8-ee08298b6452,tg:lhhs:6759,WritingMaterials,1,kenmerken.lhschrijfhs,in,ink
22221a53-e892-5db5-af5f-34e2da93785d,tg:lhhs:4764,WritingMaterials,1,kenmerken.lhschrijfhs,in,ink
76c2a474-755c-5633-8de6-b78a03295929,tg:lhhs:21093,WritingMaterials,1,kenmerken.lhschrijfhs,in,ink
49e2b42a-a1f4-5dab-b2c1-7fa24d30c6f3,tg:lhhs:17908,WritingMaterials,1,kenmerken.lhschrijfhs,in,ink
f6ce3d34-c23b-5952-8835-0289b5d93b7d,tg:lhhs:10664,WritingMaterials,1,kenmerken.lhschrijfhs,in,ink
56b577de-3f2e-53fa-8f1d-15eaec329a77,tg:lhhs:8747,WritingMaterials,1,kenmerken.lhschrijfhs,in,ink
7d23b11b-0137-53eb-86f6-eb4298bf36ac,tg:lhhs:18604,WritingMaterials,1,kenmerken.lhschrijfhs,in,ink
9aa407a4-7959-55ad-b9ba-e5617ca0bdfb,tg:lhhs:19916,WritingMaterials,1,kenmerken.lhschrijfhs,in,ink
d12973ce-1ad6-5838-94f4-340fc5db1430,tg:lhhs:3808,WritingMaterials,1,kenmerken.lhschrijfhs,in,ink
c830679f-facc-51e9-9930-e1cb6ee07c22,tg:lhhs:10234,WritingMaterials,1,kenmerken.lhschrijfhs,in,ink
f4d4ca7f-9273-598c-b28a-f429b9df33a6,tg:lhhs:8317,WritingMaterials,1,kenmerken.lhschrijfhs,in,ink
92270524-ac41-5d77-91fe-27e759bea213,tg:lhhs:15036,WritingMaterials,1,kenmerken.lhschrijfhs,in,ink
92368c61-8191-5c65-a49c-3d9bef272ae4,tg:lhhs:20378,WritingMaterials,1,kenmerken.lhschrijfhs,pc,pencils (drawing and writing equipment)
56b797c0-cbfb-5120-aa33-0151cff13880,tg:lhhs:7518,WritingMaterials,1,kenmerken.lhschrijfhs,in,ink
1cb04db7-c2ee-5250-aa69-5eb64badd111,tg:lhhs:15523,WritingMaterials,1,kenmerken.lhschrijfhs,in,ink
676d27e1-e3aa-50aa-a43c-0fde622fa961,tg:lhhs:5030,WritingMaterials,1,kenmerken.lhschrijfhs,in,ink
d1c8e7fd-545a-530d-8f43-99c766c0019b,tg:lhhs:18311,WritingMaterials,1,kenmerken.lhschrijfhs,bi,ball-point pens
06120f48-eb7e-5523-92aa-5ff3948e0049,tg:lhhs:8602,WritingMaterials,1,kenmerken.lhschrijfhs,in,ink
1757a2ab-0632-58fc-9f57-5d7cbec08595,tg:lhhs:9910,WritingMaterials,1,kenmerken.lhschrijfhs,bi,ball-point pens
ca2a309d-a45e-5f44-9365-e3e520fb5a84,tg:lhhs:11999,WritingMaterials,1,kenmerken.lhschrijfhs,in,ink
91728d9f-15c3-5310-aede-4ce302f3d209,tg:lhhs:5460,WritingMaterials,1,kenmerken.lhschrijfhs,in,ink
77294bf6-0d08-5285-a68e-9525f97c02ba,tg:lhhs:18741,WritingMaterials,1,kenmerken.lhschrijfhs,in,ink
9d43254f-1e87-5bd2-87d6-853aae2caa82,tg:lhhs:19853,WritingMaterials,1,kenmerken.lhschrijfhs,in,ink
8535bddc-dbd3-5e53-b834-950963c633ec,tg:lhhs:15489,WritingMaterials,1,kenmerken.lhschrijfhs,in,ink
dd1c0b52-7746-5a37-bda9-d2242f082257,tg:lhhs:19500,WritingMaterials,1,kenmerken.lhschrijfhs,in,ink
27dc56f8-1663-561a-8e46-e8f4e3684b3b,tg:lhhs:11130,WritingMaterials,1,kenmerken.lhschrijfhs,in,ink
9d38ef93-8e4c-5003-acea-7142cd537338,tg:lhhs:4271,WritingMaterials,1,kenmerken.lhschrijfhs,pc,pencils (drawing and writing equipment)
0389cb37-ffd0-5bf6-8b38-2bc041e19b90,tg:lhhs:19150,WritingMaterials,1,kenmerken.lhschrijfhs,in,ink
557f834d-5dfd-560c-822d-b0b51d1b2202,tg:lhhs:5899,WritingMaterials,1,kenmerken.lhschrijfhs,in,ink
6bba0ec7-4af8-5078-8b6a-fd8e2574b304,tg:lhhs:3259,WritingMaterials,1,kenmerken.lhschrijfhs,in,ink
dd1ae36a-9147-5e75-884d-622c1f82b02f,tg:lhhs:19347,WritingMaterials,1,kenmerken.lhschrijfhs,in,ink
5c9c2f9c-1b60-5e2a-b588-bd600033ec6a,tg:lhhs:12858,WritingMaterials,1,kenmerken.lhschrijfhs,in,ink
72bb5dbc-c20b-5f02-ba5c-c21d4e761b33,tg:lhhs:8946,WritingMaterials,1,kenmerken.lhschrijfhs,bi,ball-point pens
6fc4c8ed-01ca-5b58-b6ae-ebb8dad5abdf,tg:lhhs:10865,WritingMaterials,1,kenmerken.lhschrijfhs,in,ink
5001d9f2-6d9c-5765-9e3c-bc06ed85cc02,tg:lhhs:11777,WritingMaterials,1,kenmerken.lhschrijfhs,in,ink
6d8083e6-6b01-5ecc-bcba-6ee17afff80d,tg:lhhs:9654,WritingMaterials,1,kenmerken.lhschrijfhs,bi,ball-point pens
2902b5cf-692c-59a5-bc85-bcf49721255b,tg:lhhs:20929,WritingMaterials,1,kenmerken.lhschrijfhs,in,ink
b6cc8c1c-ff00-5c72-b3e5-b45a1f103a67,tg:lhhs:18805,WritingMaterials,1,kenmerken.lhschrijfhs,in,ink
1f829f5d-a4ec-5fd4-9c0f-6550031f36b1,tg:lhhs:20883,WritingMaterials,1,kenmerken.lhschrijfhs,ft,felt-tip pens
f4436af3-3625-5399-875d-934222949527,tg:lhhs:11327,WritingMaterials,1,kenmerken.lhschrijfhs,in,ink
915c109f-1a88-56c0-81d4-893cd339acd9,tg:lhhs:9204,WritingMaterials,1,kenmerken.lhschrijfhs,bi,ball-point pens
fb461a87-4fc3-5c79-8c4b-f47ee46a1314,tg:lhhs:4436,WritingMaterials,1,kenmerken.lhschrijfhs,in,ink
4b8f550c-1df0-58b6-8c00-812858f589ea,tg:lhhs:18556,WritingMaterials,1,kenmerken.lhschrijfhs,in,ink
d6d6033e-bf78-5e41-bdfb-245067f723f3,tg:lhhs:8045,WritingMaterials,1,kenmerken.lhschrijfhs,in,ink
3dc95c6c-f7ec-5b3d-848c-5f8d3f0428ef,tg:lhhs:17359,WritingMaterials,1,kenmerken.lhschrijfhs,in,ink
e021af4f-5451-5b21-8a08-040b051c6130,tg:lhhs:15364,WritingMaterials,1,kenmerken.lhschrijfhs,in,ink
3f4941e5-ed55-5c9c-abaa-2c32a0c7f5f9,tg:lhhs:4965,WritingMaterials,1,kenmerken.lhschrijfhs,in,ink
611ddbaa-4b4a-5141-9c7c-9a7d5c8ffc1a,tg:lhhs:18106,WritingMaterials,1,kenmerken.lhschrijfhs,in,ink
d84772f9-a1a2-512d-acdf-afe3048273ed,tg:lhhs:8415,WritingMaterials,1,kenmerken.lhschrijfhs,bi,ball-point pens
3816a108-a06d-5849-bd1b-134fe860a2db,tg:lhhs:20180,WritingMaterials,1,kenmerken.lhschrijfhs,in,ink
96dbfebe-2855-5715-b4f9-9c31bbbc8b1d,tg:lhhs:15734,WritingMaterials,1,kenmerken.lhschrijfhs,in,ink
82105946-4474-5f52-90c1-2db5da090832,tg:lhhs:20495,WritingMaterials,1,kenmerken.lhschrijfhs,ft,felt-tip pens
ab57e0e5-50de-5717-9912-a62ad25da500,tg:lhhs:10023,WritingMaterials,1,kenmerken.lhschrijfhs,in,ink
f20a2240-2a8a-5eb8-95f1-2b154abd4441,tg:lhhs:10189,WritingMaterials,1,kenmerken.lhschrijfhs,in,ink
60c8f773-2583-5999-b835-278117446b64,tg:lhhs:15671,WritingMaterials,1,kenmerken.lhschrijfhs,in,ink
f04dc06c-4f1a-5141-8fc3-6edeaba60b02,tg:lhhs:5698,WritingMaterials,1,kenmerken.lhschrijfhs,bi,ball-point pens
d0065f67-5163-5de8-ae12-9cad88539ec1,tg:lhhs:18043,WritingMaterials,1,kenmerken.lhschrijfhs,in,ink
5f7e6c0d-be49-548b-a7e3-0b65040ca9a8,tg:lhhs:14430,WritingMaterials,1,kenmerken.lhschrijfhs,in,ink
b07e593d-fcf0-5f71-899a-b0542e01c4d7,tg:lhhs:4123,WritingMaterials,1,kenmerken.lhschrijfhs,in,ink
34055ca5-3789-5ea8-a587-5d98a912d610,tg:lhhs:19202,WritingMaterials,1,kenmerken.lhschrijfhs,in,ink
0683252a-d894-510f-a18d-e067db88f4e9,tg:lhhs:10920,WritingMaterials,1,kenmerken.lhschrijfhs,in,ink
bc0d340d-15fa-5ce9-b73b-b8edacd1673b,tg:lhhs:9711,WritingMaterials,1,kenmerken.lhschrijfhs,bi,ball-point pens
2c605462-b446-5cd9-a7c4-ab791242dc04,tg:lhhs:11798,WritingMaterials,1,kenmerken.lhschrijfhs,in,ink
bba73667-a3cd-5702-a882-06cd7f6554b0,tg:lhhs:4573,WritingMaterials,1,kenmerken.lhschrijfhs,in,ink
40b752ee-eeb8-5991-8f13-1aa526e6daad,tg:lhhs:18940,WritingMaterials,1,kenmerken.lhschrijfhs,bi,ball-point pens
5e0fabe8-9f4f-5fe8-8664-a27b9edd52b8,tg:lhhs:19652,WritingMaterials,1,kenmerken.lhschrijfhs,in,ink
8ffc9a2a-af62-5d5c-a794-bafd2b7ac897,tg:lhhs:4089,WritingMaterials,1,kenmerken.lhschrijfhs,in,ink
eed4becb-b18f-52fe-955d-584eff5c6229,tg:lhhs:11262,WritingMaterials,1,kenmerken.lhschrijfhs,in,ink
1d2fa8b9-d825-55e6-a04f-440331ccfefb,tg:lhhs:18690,WritingMaterials,1,kenmerken.lhschrijfhs,in,ink
d973187e-a956-5cb3-b446-559b71eebc01,tg:lhhs:15558,WritingMaterials,1,kenmerken.lhschrijfhs,in,ink
5a2324c4-40b5-57a1-9341-8e44269b61fc,tg:lhhs:17565,WritingMaterials,1,kenmerken.lhschrijfhs,in,ink
5ab2c3ec-7653-5c9b-bcfe-a3802beb4c5d,tg:lhhs:11848,WritingMaterials,1,kenmerken.lhschrijfhs,in,ink
8720393d-73eb-5a82-9353-83a26ae302d7,tg:lhhs:20246,WritingMaterials,1,kenmerken.lhschrijfhs,in,ink
84c053b6-bf55-524c-8fb8-d952ec714bd0,tg:lhhs:19828,WritingMaterials,1,kenmerken.lhschrijfhs,in,ink
bd7b60ef-26d4-5a7d-86b6-b5eb4b5e7cbc,tg:lhhs:19081,WritingMaterials,1,kenmerken.lhschrijfhs,in,ink
c7710d56-e9cf-5c97-af93-b940cc2f078e,tg:lhhs:6667,WritingMaterials,1,kenmerken.lhschrijfhs,bi,ball-point pens
50ccbc2a-4b61-5106-9398-b5a954a8acfa,tg:lhhs:7975,WritingMaterials,1,kenmerken.lhschrijfhs,in,ink
b7ca0a93-5ab8-5f22-839c-697c5d58e584,tg:lhhs:21007,WritingMaterials,1,kenmerken.lhschrijfhs,bi,ball-point pens
5f386365-68b3-5780-965f-ef5ae2dac414,tg:lhhs:16374,WritingMaterials,1,kenmerken.lhschrijfhs,bi,ball-point pens
61f4b2df-a3b7-5637-b6a6-557b4c7bd7ea,tg:lhhs:9068,WritingMaterials,1,kenmerken.lhschrijfhs,bi,ball-point pens
9a281a07-6c15-5dd3-a27a-9c8b13f2faaa,tg:lhhs:13176,WritingMaterials,1,kenmerken.lhschrijfhs,in,ink
9e5e2ce0-2270-5713-8dea-45412c22367c,tg:lhhs:3465,WritingMaterials,1,kenmerken.lhschrijfhs,in,ink
5868f05c-9261-52fe-b32f-a0d9779f16ec,tg:lhhs:16724,WritingMaterials,1,kenmerken.lhschrijfhs,in,ink
64c4b43a-cef4-515d-b147-0ef87ed6f841,tg:lhhs:14719,WritingMaterials,1,kenmerken.lhschrijfhs,bi,ball-point pens
08ffbc58-0266-5757-bbaa-de8fdfa1e980,tg:lhhs:17836,WritingMaterials,1,kenmerken.lhschrijfhs,in,ink
cef4367f-d53f-5a44-aed3-53b5989fe1b8,tg:lhhs:13526,WritingMaterials,1,kenmerken.lhschrijfhs,bi,ball-point pens
04ba9a68-7831-5b28-8f0c-0d3fda2a8f2c,tg:lhhs:9438,WritingMaterials,1,kenmerken.lhschrijfhs,bi,ball-point pens
787b572d-0416-5324-94df-089f3af2b22d,tg:lhhs:3035,WritingMaterials,1,kenmerken.lhschrijfhs,in,ink
4bc52744-415a-5445-a076-bec5cb8a10d2,tg:lhhs:3520,WritingMaterials,1,kenmerken.lhschrijfhs,in,ink
fb339c71-8c1f-58f3-b57d-e8b5b1ae6b36,tg:lhhs:7830,WritingMaterials,1,kenmerken.lhschrijfhs,in,ink
dd1eee5c-4d93-5aec-8669-8d07a2c87f98,tg:lhhs:21142,WritingMaterials,1,kenmerken.lhschrijfhs,in,ink
5239dfee-a66c-5564-840b-bfd0d46f077e,tg:lhhs:16231,WritingMaterials,1,kenmerken.lhschrijfhs,in,ink
973ce132-9960-55d1-a861-325aa1aa308e,tg:lhhs:3170,WritingMaterials,1,kenmerken.lhschrijfhs,in,ink
b4da8662-b9a6-5fd4-86c8-2d682eaf06e0,tg:lhhs:19594,WritingMaterials,1,kenmerken.lhschrijfhs,in,ink
56adf617-3251-55f2-8c61-5bb6ceb8c347,tg:lhhs:16661,WritingMaterials,1,kenmerken.lhschrijfhs,in,ink
34f77e19-6673-5705-8c74-c19b6b553f9b,tg:lhhs:9087,WritingMaterials,1,kenmerken.lhschrijfhs,bi,ball-point pens
4942b16a-166d-597c-91f9-7a9e762cccff,tg:lhhs:13930,WritingMaterials,1,kenmerken.lhschrijfhs,in,ink
9cd71921-311b-5380-b969-6ce2de55a5f0,tg:lhhs:7133,WritingMaterials,1,kenmerken.lhschrijfhs,in,ink
9e96e83d-0b0f-56cc-b301-b50571443c33,tg:lhhs:20753,WritingMaterials,1,kenmerken.lhschrijfhs,in,ink
8bc5a6db-8df6-55ee-b8b9-3d6c61b2de68,tg:lhhs:17420,WritingMaterials,1,kenmerken.lhschrijfhs,in,ink
cd0e5fa6-cb75-5964-80c4-93bf5dcf71d7,tg:lhhs:7099,WritingMaterials,1,kenmerken.lhschrijfhs,in,ink
e56a9913-dee5-53c2-b985-bf144f4e8574,tg:lhhs:3873,WritingMaterials,1,kenmerken.lhschrijfhs,in,ink
ac982c6e-785b-55c3-91f0-f31a91095660,tg:lhhs:7563,WritingMaterials,1,kenmerken.lhschrijfhs,in,ink
30a2416a-3931-5abc-826f-8ae67592941f,tg:lhhs:12788,WritingMaterials,1,kenmerken.lhschrijfhs,in,ink
e18e5ccc-ecde-5375-9dbc-8de1017b111b,tg:lhhs:8696,WritingMaterials,1,kenmerken.lhschrijfhs,in,ink
7d7eb780-6471-5aae-9f92-fd9f2dff371f,tg:lhhs:20303,WritingMaterials,1,kenmerken.lhschrijfhs,in,ink
b6aded6a-aadd-5fd6-8bb0-3c6648443af7,tg:lhhs:9984,WritingMaterials,1,kenmerken.lhschrijfhs,in,ink
4e46a857-48e9-5b2f-b4f2-f0d2eb3bbdc1,tg:lhhs:15763,WritingMaterials,1,kenmerken.lhschrijfhs,pc,pencils (drawing and writing equipment)
d8c3f3f6-ab14-5cac-90f1-66d345509cda,tg:lhhs:5270,WritingMaterials,1,kenmerken.lhschrijfhs,in,ink
4ba4eb02-7e3a-582a-9da9-4ef4720903b7,tg:lhhs:18151,WritingMaterials,1,kenmerken.lhschrijfhs,in,ink
4a11123d-d73e-5c75-b4af-07fd9e475163,tg:lhhs:15299,WritingMaterials,1,kenmerken.lhschrijfhs,in,ink
4671ad08-09b7-5ef7-860c-5e23cbfa61e1,tg:lhhs:8442,WritingMaterials,1,kenmerken.lhschrijfhs,in,ink
3baf1c18-d62a-5f16-92c0-b28ca22d86da,tg:lhhs:15333,WritingMaterials,1,kenmerken.lhschrijfhs,bi,ball-point pens
3ec13285-99dc-5cbb-8ffe-0f9d49e76688,tg:lhhs:4932,WritingMaterials,1,kenmerken.lhschrijfhs,in,ink
810972bb-2eca-5221-9d30-64ba6845cc4b,tg:lhhs:18501,WritingMaterials,1,kenmerken.lhschrijfhs,in,ink
f62f6d64-64af-5874-a907-6ae7fc6af5ca,tg:lhhs:10131,WritingMaterials,1,kenmerken.lhschrijfhs,in,ink
7bba0ac8-f2cf-579c-9dd1-925b32e4461a,tg:lhhs:8012,WritingMaterials,1,kenmerken.lhschrijfhs,in,ink
f8bab113-0711-5782-9be1-70cf9cdb92eb,tg:lhhs:10998,WritingMaterials,1,kenmerken.lhschrijfhs,in,ink
dbe01263-01bd-551e-91b2-d50d03add99c,tg:lhhs:14172,WritingMaterials,1,kenmerken.lhschrijfhs,in,ink
3417f204-db48-5aff-bae7-64eef1a9fbb7,tg:lhhs:18852,WritingMaterials,1,kenmerken.lhschrijfhs,bi,ball-point pens
51ecda09-22ce-52f2-8059-0b80e6b7ee57,tg:lhhs:19740,WritingMaterials,1,kenmerken.lhschrijfhs,in,ink
72671214-1ef7-5708-b49d-ebb5e97e224b,tg:lhhs:9253,WritingMaterials,1,kenmerken.lhschrijfhs,in,ink
36b94598-3604-5318-8a16-2cf16f578eb6,tg:lhhs:14488,WritingMaterials,1,kenmerken.lhschrijfhs,bi,ball-point pens
b9310d77-e197-55c1-8053-8bea706cc1bb,tg:lhhs:11370,WritingMaterials,1,kenmerken.lhschrijfhs,in,ink
b500e4dd-66a1-5472-9e3a-d3bdb14070f2,tg:lhhs:4031,WritingMaterials,1,kenmerken.lhschrijfhs,in,ink
ac3328ce-9052-5c82-b1eb-de0ac02df012,tg:lhhs:19310,WritingMaterials,1,kenmerken.lhschrijfhs,bi,ball-point pens
6e8c8ea2-e5e8-597d-9fdd-dbd69cfd6e59,tg:lhhs:10832,WritingMaterials,1,kenmerken.lhschrijfhs,in,ink
11faceeb-9f94-577b-b42b-3c6a3c6d1cfb,tg:lhhs:8911,WritingMaterials,1,kenmerken.lhschrijfhs,bi,ball-point pens
1da53a01-d2fa-5517-ba02-696a5bd00f30,tg:lhhs:9603,WritingMaterials,1,kenmerken.lhschrijfhs,in,ink
fc6af9bf-b225-55f7-b7bf-29c3e729968d,tg:lhhs:2809,WritingMaterials,1,kenmerken.lhschrijfhs,in,ink
93952e38-cc54-5abc-aefc-09c2ae8619fa,tg:lhhs:11235,WritingMaterials,1,kenmerken.lhschrijfhs,in,ink
f58668c0-2941-5217-b5d9-5bf83c0f78e9,tg:lhhs:20991,WritingMaterials,1,kenmerken.lhschrijfhs,in,ink
d7af2c88-74ad-50e2-9d6c-9d37fe3c5d45,tg:lhhs:4524,WritingMaterials,1,kenmerken.lhschrijfhs,in,ink
190d3f8a-3c05-5ca4-ab6b-a25eaac53ce5,tg:lhhs:19255,WritingMaterials,1,kenmerken.lhschrijfhs,in,ink
8f533b93-a32e-5bcb-bc97-635bb3d74b7e,tg:lhhs:10977,WritingMaterials,1,kenmerken.lhschrijfhs,in,ink
6e06236e-56c1-567d-a8a5-c5cdb97c75a0,tg:lhhs:9746,WritingMaterials,1,kenmerken.lhschrijfhs,in,ink
cc215287-b62f-534b-a517-584627b22a79,tg:lhhs:14467,WritingMaterials,1,kenmerken.lhschrijfhs,in,ink
d6ad7294-b8c8-5f83-82f3-78f68e4f1ea6,tg:lhhs:18014,WritingMaterials,1,kenmerken.lhschrijfhs,pc,pencils (drawing and writing equipment)
f2db3a0b-0a1c-5f80-97da-d59cf670a1fe,tg:lhhs:20092,WritingMaterials,1,kenmerken.lhschrijfhs,in,ink
f30ac2a3-bd5d-5013-a415-1dad97b87ea7,tg:lhhs:20568,WritingMaterials,1,kenmerken.lhschrijfhs,ft,felt-tip pens
a2f14224-64a3-5e08-a5b3-c9b628491964,tg:lhhs:15626,WritingMaterials,1,kenmerken.lhschrijfhs,in,ink
cf0eb711-8d81-5e1b-9a2a-0ba02de092ea,tg:lhhs:5335,WritingMaterials,1,kenmerken.lhschrijfhs,in,ink
a837a03f-cd20-5233-ac8e-c139219b48b9,tg:lhhs:18444,WritingMaterials,1,kenmerken.lhschrijfhs,pc,pencils (drawing and writing equipment)
062a00f1-ff8b-52a7-8748-0a5131784c1f,tg:lhhs:8157,WritingMaterials,1,kenmerken.lhschrijfhs,in,ink
23cc5cfc-ccdb-5e72-b194-bcb9aa2ca515,tg:lhhs:15276,WritingMaterials,1,kenmerken.lhschrijfhs,pc,pencils (drawing and writing equipment)
9d2b04d6-aa59-5205-a856-a149389ce305,tg:lhhs:4877,WritingMaterials,1,kenmerken.lhschrijfhs,in,ink
90e22a85-fd0b-51a8-862d-b6d98e01d9f7,tg:lhhs:7758,WritingMaterials,1,kenmerken.lhschrijfhs,in,ink
981b259b-dea4-5353-91b8-7493d53dfb70,tg:lhhs:3062,WritingMaterials,1,kenmerken.lhschrijfhs,in,ink
00e88c12-8d1b-5d69-8ce4-1c3477c2eb6f,tg:lhhs:7888,WritingMaterials,1,kenmerken.lhschrijfhs,in,ink
4d46d46b-0500-5eb2-9063-714e8a0f901e,tg:lhhs:16773,WritingMaterials,1,kenmerken.lhschrijfhs,in,ink
f8de7994-1b6b-54b1-abfb-4eb04ebfbaa7,tg:lhhs:9195,WritingMaterials,1,kenmerken.lhschrijfhs,in,ink
fae7b3cb-e0cd-5a72-964f-14d2800376ff,tg:lhhs:17861,WritingMaterials,1,kenmerken.lhschrijfhs,in,ink
42162ed8-8695-5e93-bce9-43dd2334a8ce,tg:lhhs:7922,WritingMaterials,1,kenmerken.lhschrijfhs,in,ink
1c4f9193-33b6-5643-b9da-922894f8588a,tg:lhhs:16323,WritingMaterials,1,kenmerken.lhschrijfhs,bi,ball-point pens
0694ae4f-5758-5279-80d3-76233fdd83f4,tg:lhhs:18297,WritingMaterials,1,kenmerken.lhschrijfhs,in,ink
ff591d41-5d26-5016-8ba8-03238d497002,tg:lhhs:7471,WritingMaterials,1,kenmerken.lhschrijfhs,in,ink
2e2de163-5588-58fe-a1f1-aeb845bcfb78,tg:lhhs:17162,WritingMaterials,1,kenmerken.lhschrijfhs,in,ink
5fbbeaeb-5245-500d-959e-a8149f0542c3,tg:lhhs:8784,WritingMaterials,1,kenmerken.lhschrijfhs,in,ink
143034ea-7616-5ddb-a056-6fff43e65c36,tg:lhhs:20211,WritingMaterials,1,kenmerken.lhschrijfhs,in,ink
8d08991a-7c4c-5312-915e-8cf3a1835883,tg:lhhs:13988,WritingMaterials,1,kenmerken.lhschrijfhs,in,ink
cb10381e-513a-5a09-865f-98d8a081ebd7,tg:lhhs:7534,WritingMaterials,1,kenmerken.lhschrijfhs,in,ink
4b5d5227-ea6f-56f6-942a-ceae639d22bb,tg:lhhs:20354,WritingMaterials,1,kenmerken.lhschrijfhs,in,ink
900fce30-7498-55e3-870d-1d7bb6bcbffc,tg:lhhs:10218,WritingMaterials,1,kenmerken.lhschrijfhs,bi,ball-point pens
8a7f4a94-8565-57c0-be1e-7c37b5a875e8,tg:lhhs:2736,WritingMaterials,1,kenmerken.lhschrijfhs,in,ink
442ee084-5b14-5ea0-a096-14a439569e7e,tg:lhhs:18628,WritingMaterials,1,kenmerken.lhschrijfhs,in,ink
57c1ebe1-409d-58f0-a1a5-3a047c9f9b3e,tg:lhhs:3824,WritingMaterials,1,kenmerken.lhschrijfhs,in,ink
90d8b66c-3175-5e1b-b1d5-f2afeaec3d39,tg:lhhs:5159,WritingMaterials,1,kenmerken.lhschrijfhs,in,ink
42d035c6-1e06-510c-95e6-8bb7cb401634,tg:lhhs:17477,WritingMaterials,1,kenmerken.lhschrijfhs,in,ink
69606208-b420-5171-826c-da9005ec2e98,tg:lhhs:8291,WritingMaterials,1,kenmerken.lhschrijfhs,in,ink
7a07012a-4253-58c3-a772-b89e78894d09,tg:lhhs:10648,WritingMaterials,1,kenmerken.lhschrijfhs,in,ink
e06bbaba-fc9a-5781-8ebf-54404aa8104c,tg:lhhs:13967,WritingMaterials,1,kenmerken.lhschrijfhs,in,ink
b778b869-dcf5-5eea-a548-3d09a82d44af,tg:lhhs:6325,WritingMaterials,1,kenmerken.lhschrijfhs,in,ink
1a63f0aa-640a-5b15-9fd3-38bcd8ad9913,tg:lhhs:4318,WritingMaterials,1,kenmerken.lhschrijfhs,in,ink
3d8f42c1-f115-5855-a740-e230a16ca40d,tg:lhhs:16636,WritingMaterials,1,kenmerken.lhschrijfhs,in,ink
664fabb3-4450-5c2b-b801-a5d520183786,tg:lhhs:15919,WritingMaterials,1,kenmerken.lhschrijfhs,bi,ball-point pens
0bdac98a-be0e-55b5-820e-6aa53ba389a9,tg:lhhs:17924,WritingMaterials,1,kenmerken.lhschrijfhs,in,ink
6f8599ce-1733-5ff9-b329-92e77e4cce5f,tg:lhhs:19193,WritingMaterials,1,kenmerken.lhschrijfhs,ft,felt-tip pens
42dfa87e-fe55-5a78-96fd-320b2c36646a,tg:lhhs:7867,WritingMaterials,1,kenmerken.lhschrijfhs,in,ink
e3eb115f-db48-59fe-8698-f0dac97f1d42,tg:lhhs:9480,WritingMaterials,1,kenmerken.lhschrijfhs,bi,ball-point pens
9fbdb09b-59cd-5906-83b7-f88fd398056c,tg:lhhs:11059,WritingMaterials,1,kenmerken.lhschrijfhs,in,ink
d681553d-f50c-53bc-94a4-a829973230fb,tg:lhhs:19469,WritingMaterials,1,kenmerken.lhschrijfhs,in,ink
efb4d195-2fad-5968-a893-ced46523d688,tg:lhhs:10824,WritingMaterials,1,kenmerken.lhschrijfhs,in,ink
c697d136-3adb-5def-8fa0-fcdb8cc43f74,tg:lhhs:16509,WritingMaterials,1,kenmerken.lhschrijfhs,in,ink
aacf66f2-4a4f-55fa-88bf-853d5bf490ee,tg:lhhs:14534,WritingMaterials,1,kenmerken.lhschrijfhs,in,ink
7e7972ec-3093-5be1-a2aa-a93ec0e0f082,tg:lhhs:9245,WritingMaterials,1,kenmerken.lhschrijfhs,in,ink
768d7cd6-da72-5b3b-8440-a317c48f5f2f,tg:lhhs:19756,WritingMaterials,1,kenmerken.lhschrijfhs,in,ink
3dadef3a-ff1b-5abb-952a-76b71ee51e8c,tg:lhhs:18844,WritingMaterials,1,kenmerken.lhschrijfhs,bi,ball-point pens
3468febc-3ada-59c0-8fdd-022df8911e85,tg:lhhs:4477,WritingMaterials,1,kenmerken.lhschrijfhs,in,ink
74976ab7-af5a-5170-a5e9-0d97a0bc5e0e,tg:lhhs:16159,WritingMaterials,1,kenmerken.lhschrijfhs,in,ink
ac38123b-d715-5611-ad67-3be5e55d8485,tg:lhhs:10127,WritingMaterials,1,kenmerken.lhschrijfhs,in,ink
dbe98f19-67af-5067-8183-a745e9472237,tg:lhhs:8004,WritingMaterials,1,kenmerken.lhschrijfhs,in,ink
1793d43c-8a47-5ba8-87fc-ba34fd7bf599,tg:lhhs:18517,WritingMaterials,1,kenmerken.lhschrijfhs,in,ink
9acd371f-1520-54b9-be32-fde96a0eafd4,tg:lhhs:6919,WritingMaterials,1,kenmerken.lhschrijfhs,in,ink
d456427e-5a05-589a-a271-7a304b06fbb4,tg:lhhs:15325,WritingMaterials,1,kenmerken.lhschrijfhs,in,ink
2395466b-a0a1-5a1c-a499-f2391323906b,tg:lhhs:18147,WritingMaterials,1,kenmerken.lhschrijfhs,in,ink
5f1cc410-f24a-5959-9723-8275f4daca24,tg:lhhs:15775,WritingMaterials,1,kenmerken.lhschrijfhs,in,ink
4fd4a289-b194-5d1b-841c-1146ea389b3a,tg:lhhs:14867,WritingMaterials,1,kenmerken.lhschrijfhs,in,ink
860c252e-cd8d-5482-9371-94bf4f5909fd,tg:lhhs:4861,WritingMaterials,1,kenmerken.lhschrijfhs,in,ink
7bba2663-7b3c-520a-b866-60d1f8932b16,tg:lhhs:15260,WritingMaterials,1,kenmerken.lhschrijfhs,in,ink
11309c4c-192b-5176-b4bd-a0d58692dec4,tg:lhhs:8141,WritingMaterials,1,kenmerken.lhschrijfhs,in,ink
61ce47cc-e97f-5bd4-b02b-76e20fe9a355,tg:lhhs:10062,WritingMaterials,1,kenmerken.lhschrijfhs,in,ink
0b533194-cc41-55d1-b953-6c9709381795,tg:lhhs:18452,WritingMaterials,1,kenmerken.lhschrijfhs,pc,pencils (drawing and writing equipment)
9007bcdf-ac9f-55cf-a68f-ffdcde111f9b,tg:lhhs:5289,WritingMaterials,1,kenmerken.lhschrijfhs,in,ink
84c82bcd-5400-53f6-9c62-b5e2cb1dbd7a,tg:lhhs:5323,WritingMaterials,1,kenmerken.lhschrijfhs,in,ink
b95dfffb-27af-5ae1-9ed8-ca86b2181f58,tg:lhhs:15630,WritingMaterials,1,kenmerken.lhschrijfhs,in,ink
79e3009c-004f-53f9-bc7b-a5ed8424bc82,tg:lhhs:20084,WritingMaterials,1,kenmerken.lhschrijfhs,in,ink
b81f18e7-ba8b-5856-a716-e951030d468b,tg:lhhs:10432,WritingMaterials,1,kenmerken.lhschrijfhs,ft,felt-tip pens
55ea1686-3822-5307-b501-cd62f5821283,tg:lhhs:18002,WritingMaterials,1,kenmerken.lhschrijfhs,pc,pencils (drawing and writing equipment)
3d9cb064-022c-5a10-a73f-ea5e993cde36,tg:lhhs:4162,WritingMaterials,1,kenmerken.lhschrijfhs,in,ink
8939d0f8-99a6-54d0-bc0f-fa4dbb400e48,tg:lhhs:14471,WritingMaterials,1,kenmerken.lhschrijfhs,in,ink
a392a201-4056-5a9e-ae5c-545f59329517,tg:lhhs:10961,WritingMaterials,1,kenmerken.lhschrijfhs,in,ink
c6b681af-267c-58d0-adac-679a71f2065c,tg:lhhs:4498,WritingMaterials,1,kenmerken.lhschrijfhs,in,ink
5caa7392-4ee7-59ca-b2b9-6fb623694b7a,tg:lhhs:19243,WritingMaterials,1,kenmerken.lhschrijfhs,in,ink
83f928a1-928d-518d-bd93-493b828067dd,tg:lhhs:4532,WritingMaterials,1,kenmerken.lhschrijfhs,in,ink
b00b99ba-f15e-5633-8abf-bb622a789c82,tg:lhhs:11223,WritingMaterials,1,kenmerken.lhschrijfhs,in,ink
25d498d0-a4bd-5306-9f10-15b5ec35640e,tg:lhhs:20987,WritingMaterials,1,kenmerken.lhschrijfhs,bi,ball-point pens
98188aa0-3064-5dc7-9fe8-a35f812de371,tg:lhhs:18901,WritingMaterials,1,kenmerken.lhschrijfhs,bi,ball-point pens
e02b8047-cd96-5b0c-a0d2-b8adb7e80327,tg:lhhs:15519,WritingMaterials,1,kenmerken.lhschrijfhs,in,ink
948101e2-82de-5603-b307-7130b3a812a0,tg:lhhs:7037,WritingMaterials,1,kenmerken.lhschrijfhs,bi,ball-point pens
9d55cd64-96b6-5456-9995-8d8ed30f16f8,tg:lhhs:8638,WritingMaterials,1,kenmerken.lhschrijfhs,in,ink
d13b7261-e160-50bb-bec4-129647c64b7f,tg:lhhs:20207,WritingMaterials,1,kenmerken.lhschrijfhs,in,ink
1633164f-1be7-56f5-b552-6d69037bce50,tg:lhhs:17174,WritingMaterials,1,kenmerken.lhschrijfhs,in,ink
cb0afaf0-d91d-5fb0-9bcd-ae68ca05b14d,tg:lhhs:18281,WritingMaterials,1,kenmerken.lhschrijfhs,bi,ball-point pens
dc1fffc9-9bf6-5d19-ab92-9afaff4abaef,tg:lhhs:7467,WritingMaterials,1,kenmerken.lhschrijfhs,in,ink
c5788e77-4c73-51cc-9762-f2827dd36702,tg:lhhs:3977,WritingMaterials,1,kenmerken.lhschrijfhs,bi,ball-point pens
b7115450-5f5e-5834-87c9-d44655d10e29,tg:lhhs:19869,WritingMaterials,1,kenmerken.lhschrijfhs,in,ink
d2fd2a63-9ec5-5b7d-9245-0f6cc802859e,tg:lhhs:8268,WritingMaterials,1,kenmerken.lhschrijfhs,in,ink
b795918f-f3c4-588f-a77e-068599f810ec,tg:lhhs:16335,WritingMaterials,1,kenmerken.lhschrijfhs,in,ink
491fe404-b0e3-5eaa-89c3-afd105280938,tg:lhhs:21046,WritingMaterials,1,kenmerken.lhschrijfhs,in,ink
f267290f-a717-5048-a642-5b860d5d976d,tg:lhhs:7934,WritingMaterials,1,kenmerken.lhschrijfhs,in,ink
c33e4966-7d91-5c91-bd21-d16218ac1ee7,tg:lhhs:6626,WritingMaterials,1,kenmerken.lhschrijfhs,bi,ball-point pens
7c4a1503-b4b9-5d62-afaf-ee658e00749e,tg:lhhs:13137,WritingMaterials,1,kenmerken.lhschrijfhs,in,ink
f27956ad-156c-5c0e-be95-a724c0cf93ee,tg:lhhs:9029,WritingMaterials,1,kenmerken.lhschrijfhs,bi,ball-point pens
3261e73e-05cf-52cc-8441-d9d02b4ac717,tg:lhhs:14758,WritingMaterials,1,kenmerken.lhschrijfhs,bi,ball-point pens
79c8726f-7b39-5e05-9b55-1454643b6742,tg:lhhs:16765,WritingMaterials,1,kenmerken.lhschrijfhs,in,ink
dbab4de8-0fa3-5c4c-9bf7-a14bb5ba1c4c,tg:lhhs:9183,WritingMaterials,1,kenmerken.lhschrijfhs,in,ink
edd8a357-4734-5569-98c7-6c311b297625,tg:lhhs:1049,WritingMaterials,1,kenmerken.lhschrijfhs,pc,pencils (drawing and writing equipment)
302e8197-8522-5173-aba2-4b51e3551af6,tg:lhhs:3074,WritingMaterials,1,kenmerken.lhschrijfhs,in,ink
a00583e9-5cd5-511b-bf7f-1aab2dbd985d,tg:lhhs:9479,WritingMaterials,1,kenmerken.lhschrijfhs,bi,ball-point pens
1caa6c06-9bf9-57df-8b6d-d3445681ae5a,tg:lhhs:13567,WritingMaterials,1,kenmerken.lhschrijfhs,in,ink
39b185f6-8998-5465-9fd7-02ae6f5f3295,tg:lhhs:17898,WritingMaterials,1,kenmerken.lhschrijfhs,in,ink
ec57057c-a20e-5730-b1ed-dc9143038881,tg:lhhs:13588,WritingMaterials,1,kenmerken.lhschrijfhs,in,ink
c60d0a95-e03e-5b99-87ad-6ad2a1688e75,tg:lhhs:21103,WritingMaterials,1,kenmerken.lhschrijfhs,bi,ball-point pens
f3361fee-a83a-59b6-9c0f-b038c206d4ce,tg:lhhs:7871,WritingMaterials,1,kenmerken.lhschrijfhs,in,ink
5d1a6769-e629-5e89-9415-7e3c9b1b773d,tg:lhhs:19185,WritingMaterials,1,kenmerken.lhschrijfhs,in,ink
5bcc302f-57b1-5369-bae1-2328fcf8dc51,tg:lhhs:6763,WritingMaterials,1,kenmerken.lhschrijfhs,in,ink
296aac15-db1e-5e21-8acb-fd8989cf3288,tg:lhhs:3131,WritingMaterials,1,kenmerken.lhschrijfhs,in,ink
776bac33-41a2-52d7-b33f-18f2b076d47b,tg:lhhs:13422,WritingMaterials,1,kenmerken.lhschrijfhs,bi,ball-point pens
d2fb58e4-ebb9-5412-b5a2-26739252d9e8,tg:lhhs:17932,WritingMaterials,1,kenmerken.lhschrijfhs,in,ink
008553ab-b0df-5eee-aae8-7bdcef550d61,tg:lhhs:16620,WritingMaterials,1,kenmerken.lhschrijfhs,in,ink
ad0a78f0-f958-5a29-bee1-8e5d246eccc3,tg:lhhs:7488,WritingMaterials,1,kenmerken.lhschrijfhs,in,ink
a73650cc-d689-56b3-8557-fa912d814ade,tg:lhhs:13971,WritingMaterials,1,kenmerken.lhschrijfhs,in,ink
b7de60dc-06a6-523f-9117-685e2fe4a3af,tg:lhhs:8287,WritingMaterials,1,kenmerken.lhschrijfhs,pc,pencils (drawing and writing equipment)
351e9f4d-6940-583a-9ca5-975792d1f5d8,tg:lhhs:19886,WritingMaterials,1,kenmerken.lhschrijfhs,in,ink
5c28979d-58b9-5796-88d3-73fd23088771,tg:lhhs:7172,WritingMaterials,1,kenmerken.lhschrijfhs,in,ink
56c6278e-39e7-5d56-a186-750d822c6811,tg:lhhs:3832,WritingMaterials,1,kenmerken.lhschrijfhs,in,ink
b5ecf8b6-9563-5197-8874-53bee7f2995a,tg:lhhs:2720,WritingMaterials,1,kenmerken.lhschrijfhs,in,ink
7a873625-87f1-5e91-afc9-a4c2371655d0,tg:lhhs:7522,WritingMaterials,1,kenmerken.lhschrijfhs,in,ink
ab4de311-2b25-569c-abba-3f55bc066edc,tg:lhhs:15722,WritingMaterials,1,kenmerken.lhschrijfhs,in,ink
cb04706b-3ed4-5221-9ac4-5276c1d18c63,tg:lhhs:14830,WritingMaterials,1,kenmerken.lhschrijfhs,in,ink
de672616-1e5e-5472-b17b-687705fabe20,tg:lhhs:8403,WritingMaterials,1,kenmerken.lhschrijfhs,bi,ball-point pens
e975d3c7-8514-5a8a-ac1a-eedc0b214339,tg:lhhs:18110,WritingMaterials,1,kenmerken.lhschrijfhs,in,ink
adab122d-6985-59e2-ae22-17596d95cca6,tg:lhhs:4973,WritingMaterials,1,kenmerken.lhschrijfhs,in,ink
0380ae38-37be-509b-ba02-90bd04070747,tg:lhhs:15372,WritingMaterials,1,kenmerken.lhschrijfhs,in,ink
39755df2-bd3a-5ab9-95a5-a5f8606fff67,tg:lhhs:8053,WritingMaterials,1,kenmerken.lhschrijfhs,in,ink
8fc7e111-c088-5c86-83fc-234d5b5e6f0c,tg:lhhs:15688,WritingMaterials,1,kenmerken.lhschrijfhs,in,ink
c0c82054-21d6-562c-ae2b-ff81887ccd61,tg:lhhs:10170,WritingMaterials,1,kenmerken.lhschrijfhs,in,ink
bf8d1a6a-19eb-52ab-9e24-3d3bcd846b5f,tg:lhhs:18540,WritingMaterials,1,kenmerken.lhschrijfhs,in,ink
768af779-7c03-5044-af91-05fd6447bc63,tg:lhhs:4420,WritingMaterials,1,kenmerken.lhschrijfhs,in,ink
4f62775a-f2d3-5bd6-a03e-490c32696a1d,tg:lhhs:14133,WritingMaterials,1,kenmerken.lhschrijfhs,in,ink
ed774c27-e397-555b-b8ed-6c11618849ca,tg:lhhs:20895,WritingMaterials,1,kenmerken.lhschrijfhs,in,ink
1d65c421-4125-5cac-9ccf-a0486b40c307,tg:lhhs:19701,WritingMaterials,1,kenmerken.lhschrijfhs,pc,pencils (drawing and writing equipment)
4a035000-64a6-555d-98e5-0c8102590113,tg:lhhs:14563,WritingMaterials,1,kenmerken.lhschrijfhs,in,ink
15754f6b-bd9e-5b8a-8710-da28b05cceb3,tg:lhhs:19351,WritingMaterials,1,kenmerken.lhschrijfhs,in,ink
a7c51fb2-d8bc-5a7f-b2cb-5d6ec83a8084,tg:lhhs:13249,WritingMaterials,1,kenmerken.lhschrijfhs,bi,ball-point pens
b896d564-78e2-5c41-9c6d-935a01de6380,tg:lhhs:11274,WritingMaterials,1,kenmerken.lhschrijfhs,in,ink
1e495600-6020-5961-97f3-7beaec1a85ef,tg:lhhs:19644,WritingMaterials,1,kenmerken.lhschrijfhs,in,ink
ca91b91b-acc7-5312-bb53-0667f8cb8064,tg:lhhs:2848,WritingMaterials,1,kenmerken.lhschrijfhs,in,ink
6d719512-8805-52eb-8b38-66c48ab2b043,tg:lhhs:4565,WritingMaterials,1,kenmerken.lhschrijfhs,in,ink
dea44b8d-29e8-5617-b5a2-10ee4426ff9d,tg:lhhs:14076,WritingMaterials,1,kenmerken.lhschrijfhs,in,ink
edff0523-04d1-5f65-9653-c46e7d631655,tg:lhhs:9707,WritingMaterials,1,kenmerken.lhschrijfhs,in,ink
2c6e21c3-c1bc-542f-8be2-ca06e31536d3,tg:lhhs:10936,WritingMaterials,1,kenmerken.lhschrijfhs,in,ink
492b2536-029f-5316-981e-7c812c11b201,tg:lhhs:19214,WritingMaterials,1,kenmerken.lhschrijfhs,pc,pencils (drawing and writing equipment)
59798f91-ebc4-5762-8c99-413c71048ffc,tg:lhhs:4135,WritingMaterials,1,kenmerken.lhschrijfhs,in,ink
d132ad53-fe2a-5db2-82ea-cc901010398d,tg:lhhs:14426,WritingMaterials,1,kenmerken.lhschrijfhs,in,ink
5a6d54b3-2ca7-5b7e-af53-aa05ba3a4bbb,tg:lhhs:10465,WritingMaterials,1,kenmerken.lhschrijfhs,pc,pencils (drawing and writing equipment)
2725ebf1-72da-5559-af62-2880eb440ce5,tg:lhhs:15667,WritingMaterials,1,kenmerken.lhschrijfhs,in,ink
96c59ded-0897-514f-847d-8b8b5c265be9,tg:lhhs:20529,WritingMaterials,1,kenmerken.lhschrijfhs,ft,felt-tip pens
0b95711f-b4ac-5a51-82e1-42925f480ca3,tg:lhhs:8116,WritingMaterials,1,kenmerken.lhschrijfhs,in,ink
73e7eb3f-63d5-534b-8b07-9d1e5e8f33d5,tg:lhhs:12008,WritingMaterials,1,kenmerken.lhschrijfhs,in,ink
20707d9a-07d4-5ec2-a538-64f5554a6aca,tg:lhhs:5724,WritingMaterials,1,kenmerken.lhschrijfhs,in,ink
010b0c2e-bd26-50c2-b096-28765bf3a989,tg:lhhs:7719,WritingMaterials,1,kenmerken.lhschrijfhs,in,ink
9fcd2ed9-2c8e-5342-a6d8-48d18ad0e6cc,tg:lhhs:4836,WritingMaterials,1,kenmerken.lhschrijfhs,in,ink
ceb1a5c9-22e0-5e3e-9882-f41dddfd29e9,tg:lhhs:20179,WritingMaterials,1,kenmerken.lhschrijfhs,in,ink
58824079-10eb-56e8-94c6-c5468f3a9ea6,tg:lhhs:15237,WritingMaterials,1,kenmerken.lhschrijfhs,in,ink
4ac3f253-a5a6-5d20-bdba-6432f7ed856e,tg:lhhs:3023,WritingMaterials,1,kenmerken.lhschrijfhs,bi,ball-point pens
fdf10b5f-edca-5740-a0b4-1aeb985c326f,tg:lhhs:13530,WritingMaterials,1,kenmerken.lhschrijfhs,bi,ball-point pens
3d5c539b-f160-518e-b7b1-c5fcdb48bc60,tg:lhhs:17820,WritingMaterials,1,kenmerken.lhschrijfhs,in,ink
c8be1636-4a80-5c84-8ab9-32c556e47e73,tg:lhhs:16732,WritingMaterials,1,kenmerken.lhschrijfhs,in,ink
4d07cb6b-e267-50ba-9d09-b9455a3f7743,tg:lhhs:16362,WritingMaterials,1,kenmerken.lhschrijfhs,bi,ball-point pens
25084c2d-76eb-530d-a2e8-ed7ef1c60a29,tg:lhhs:21011,WritingMaterials,1,kenmerken.lhschrijfhs,ft,felt-tip pens
6db9db85-d177-5e8f-9985-7042a8fd270c,tg:lhhs:3920,WritingMaterials,1,kenmerken.lhschrijfhs,in,ink
5714e738-b696-53b2-8408-92a357b6626f,tg:lhhs:20250,WritingMaterials,1,kenmerken.lhschrijfhs,in,ink
fb09a4a5-6ab0-5bb9-8bd3-1965ab5e4bd5,tg:lhhs:7430,WritingMaterials,1,kenmerken.lhschrijfhs,in,ink
7759a661-92e0-56f7-ba91-60483ef5fb0e,tg:lhhs:12771,WritingMaterials,1,kenmerken.lhschrijfhs,in,ink
3177fa53-107e-5387-9df1-1a57b512876f,tg:lhhs:17573,WritingMaterials,1,kenmerken.lhschrijfhs,in,ink
4bb84706-8bc3-54b7-bec5-863d07675871,tg:lhhs:19994,WritingMaterials,1,kenmerken.lhschrijfhs,in,ink
20bde9a0-b5c6-5c18-881b-089a628eab0b,tg:lhhs:18686,WritingMaterials,1,kenmerken.lhschrijfhs,bi,ball-point pens
a770a4fb-fb9b-574b-bfe4-9675b9d2bff5,tg:lhhs:2798,WritingMaterials,1,kenmerken.lhschrijfhs,in,ink
c0ef72a9-1ddc-51b5-9d84-30b7d04e1dcc,tg:lhhs:9992,WritingMaterials,1,kenmerken.lhschrijfhs,in,ink
0b535ed4-b1e0-5486-bbeb-b575f856fbbd,tg:lhhs:7575,WritingMaterials,1,kenmerken.lhschrijfhs,in,ink
06a74418-1918-52a9-8f82-41ce6a623045,tg:lhhs:18669,WritingMaterials,1,kenmerken.lhschrijfhs,in,ink
7bbc4a76-0db5-552e-950e-a2e2f690d015,tg:lhhs:2777,WritingMaterials,1,kenmerken.lhschrijfhs,in,ink
eea7efc3-6bc7-5e04-b004-fb1ec5bce718,tg:lhhs:10259,WritingMaterials,1,kenmerken.lhschrijfhs,in,ink
dee9a25e-69ee-58bf-a1e9-50a34eb6e6c2,tg:lhhs:17436,WritingMaterials,1,kenmerken.lhschrijfhs,in,ink
d7aef389-9ecf-5671-85b7-7bd04b26263c,tg:lhhs:7125,WritingMaterials,1,kenmerken.lhschrijfhs,in,ink
db61be4a-7efc-51b4-ac3c-7838ae7e9e1b,tg:lhhs:5118,WritingMaterials,1,kenmerken.lhschrijfhs,in,ink
5483abf2-cbe5-5728-9bc1-0d46cd8ae66d,tg:lhhs:18239,WritingMaterials,1,kenmerken.lhschrijfhs,bi,ball-point pens
cd28f812-b7ae-56c3-95d7-567d2565d2c2,tg:lhhs:13926,WritingMaterials,1,kenmerken.lhschrijfhs,in,ink
69894efa-710d-55ab-852d-6e92899d8ae4,tg:lhhs:10609,WritingMaterials,1,kenmerken.lhschrijfhs,in,ink
fccca15a-51f7-5b8f-9950-fceed0f57c24,tg:lhhs:17965,WritingMaterials,1,kenmerken.lhschrijfhs,in,ink
497b4946-f5ef-5b48-8717-defe99496195,tg:lhhs:16677,WritingMaterials,1,kenmerken.lhschrijfhs,in,ink
6ed2e9e1-b8f0-5d93-b77f-6dd34d30e9a1,tg:lhhs:4359,WritingMaterials,1,kenmerken.lhschrijfhs,in,ink
b851ae6f-658b-52cc-91f6-369df386caea,tg:lhhs:19582,WritingMaterials,1,kenmerken.lhschrijfhs,in,ink
b0ae0805-0dd3-5e58-b4a3-023f862ed504,tg:lhhs:3166,WritingMaterials,1,kenmerken.lhschrijfhs,in,ink
5d4e0e36-9f0e-5437-88e9-6382c056c54d,tg:lhhs:19078,WritingMaterials,1,kenmerken.lhschrijfhs,in,ink
fedb6709-050f-5861-b7f9-9bec3e3746b4,tg:lhhs:16227,WritingMaterials,1,kenmerken.lhschrijfhs,in,ink
0f0ccfd9-0b2e-51c1-96d1-bfb4f4adf679,tg:lhhs:21154,WritingMaterials,1,kenmerken.lhschrijfhs,in,ink
8dbb5834-c2ca-5322-9eb3-6baffe5e97fc,tg:lhhs:7826,WritingMaterials,1,kenmerken.lhschrijfhs,in,ink
2dcf6720-ddb6-5f56-b87f-d6476f332877,tg:lhhs:4709,WritingMaterials,1,kenmerken.lhschrijfhs,in,ink
378b554d-2f6d-5b88-9099-a463a2ba5bc9,tg:lhhs:19428,WritingMaterials,1,kenmerken.lhschrijfhs,in,ink
ae0220ef-c9dd-5719-9b8c-5deb6c601b55,tg:lhhs:11018,WritingMaterials,1,kenmerken.lhschrijfhs,in,ink
5eda68a0-6094-5f93-abe2-56a72b09bd43,tg:lhhs:4284,WritingMaterials,1,kenmerken.lhschrijfhs,in,ink
849d852b-74c2-5f14-9e4b-33f8ad328bd5,tg:lhhs:15885,WritingMaterials,1,kenmerken.lhschrijfhs,in,ink
c1b3ddac-cb8a-55ae-89a2-a75f3ca878b4,tg:lhhs:7851,WritingMaterials,1,kenmerken.lhschrijfhs,in,ink
bb9774b3-0a61-5ae8-86a8-62ae75e465de,tg:lhhs:3111,WritingMaterials,1,kenmerken.lhschrijfhs,in,ink
698bd735-3283-5c44-90b7-4d0a5244ec47,tg:lhhs:16600,WritingMaterials,1,kenmerken.lhschrijfhs,in,ink
4b6e5377-6ef0-5ce7-a752-b44ab83c8498,tg:lhhs:6313,WritingMaterials,1,kenmerken.lhschrijfhs,in,ink
cfe5a8e7-92b9-5f0e-8422-9f053f043e98,tg:lhhs:5495,WritingMaterials,1,kenmerken.lhschrijfhs,in,ink
a186a95e-7c20-5278-91ed-39182f7a7eaf,tg:lhhs:13951,WritingMaterials,1,kenmerken.lhschrijfhs,in,ink
5c9c8e49-21f3-5070-87be-9c243394d150,tg:lhhs:17441,WritingMaterials,1,kenmerken.lhschrijfhs,bi,ball-point pens
14718cba-d283-56e0-87c5-1c7b0030dd7e,tg:lhhs:3812,WritingMaterials,1,kenmerken.lhschrijfhs,in,ink
70ae7a19-6d1d-5ad3-9550-555694fe24b5,tg:lhhs:2700,WritingMaterials,1,kenmerken.lhschrijfhs,pc,pencils (drawing and writing equipment)
278dc9b1-1d04-5c79-a21a-10d416f30a37,tg:lhhs:7502,WritingMaterials,1,kenmerken.lhschrijfhs,in,ink
80bcebda-3c84-55ae-afc5-cca7ed0ce419,tg:lhhs:7017,WritingMaterials,1,kenmerken.lhschrijfhs,bi,ball-point pens
2ef6741b-7736-5c00-a593-22a5d87bbd4a,tg:lhhs:8618,WritingMaterials,1,kenmerken.lhschrijfhs,in,ink
72fb34a3-f50c-5456-b104-9e55e8a3ec89,tg:lhhs:17154,WritingMaterials,1,kenmerken.lhschrijfhs,in,ink
e852f7ab-6bb6-554f-a9f5-c3c9b3fb415a,tg:lhhs:7447,WritingMaterials,1,kenmerken.lhschrijfhs,in,ink
607cec4e-b63a-52e5-a135-914e44bee406,tg:lhhs:19849,WritingMaterials,1,kenmerken.lhschrijfhs,in,ink
17bf2f6a-cd34-5996-a0b0-a6e0a4e37a47,tg:lhhs:7914,WritingMaterials,1,kenmerken.lhschrijfhs,in,ink
a6da79a3-a855-57c5-a76d-1ddd5e97bc59,tg:lhhs:3404,WritingMaterials,1,kenmerken.lhschrijfhs,in,ink
363ff7f1-0fd8-5a83-8f8a-5240aa9dcf0f,tg:lhhs:9009,WritingMaterials,1,kenmerken.lhschrijfhs,bi,ball-point pens
fbe2b09f-6dea-519d-96d3-0058522cc17c,tg:lhhs:17857,WritingMaterials,1,kenmerken.lhschrijfhs,in,ink
35d6ff97-f959-5921-ade0-5e0c9babfa70,tg:lhhs:16745,WritingMaterials,1,kenmerken.lhschrijfhs,in,ink
866c059b-5ecf-5e4d-adf3-d38984cc7a20,tg:lhhs:11080,WritingMaterials,1,kenmerken.lhschrijfhs,in,ink
aa9e75ac-e97f-58c3-8957-5eb5511664c7,tg:lhhs:14778,WritingMaterials,1,kenmerken.lhschrijfhs,in,ink
91cba640-f0c9-51ee-9eaa-c703924612ae,tg:lhhs:3054,WritingMaterials,1,kenmerken.lhschrijfhs,in,ink
29d60625-11c8-523f-8c86-9075e187901d,tg:lhhs:4791,WritingMaterials,1,kenmerken.lhschrijfhs,in,ink
e206587d-81b3-57cf-ae12-573e21da3ec3,tg:lhhs:13547,WritingMaterials,1,kenmerken.lhschrijfhs,bi,ball-point pens
bfac2bd5-cefd-505a-b1c9-5afcb3bf2c50,tg:lhhs:5753,WritingMaterials,1,kenmerken.lhschrijfhs,in,ink
d0e7a881-1829-5299-812a-9f8b6ecc98c7,tg:lhhs:4841,WritingMaterials,1,kenmerken.lhschrijfhs,in,ink
c375097d-14e2-54bd-bed7-2bf38ef4a3a0,tg:lhhs:15240,WritingMaterials,1,kenmerken.lhschrijfhs,in,ink
4bd2c16d-654e-5074-ac9b-9111ebcd254e,tg:lhhs:10042,WritingMaterials,1,kenmerken.lhschrijfhs,in,ink
0c8cb037-eb36-51b5-91c0-4bd36b233171,tg:lhhs:8161,WritingMaterials,1,kenmerken.lhschrijfhs,in,ink
0aaea4e0-4fc9-535c-8d62-03025066016e,tg:lhhs:7294,WritingMaterials,1,kenmerken.lhschrijfhs,in,ink
9db9aa7c-dd10-5d9b-a819-afa7bcf07457,tg:lhhs:18472,WritingMaterials,1,kenmerken.lhschrijfhs,bi,ball-point pens
2aa4af79-473e-5ef3-a6c7-683f659e1b24,tg:lhhs:5303,WritingMaterials,1,kenmerken.lhschrijfhs,in,ink
a628f793-5784-579b-88fd-c5892017d38c,tg:lhhs:15610,WritingMaterials,1,kenmerken.lhschrijfhs,in,ink
cd8bb3cc-d80f-5a9d-ba7b-c8dcca354007,tg:lhhs:19799,WritingMaterials,1,kenmerken.lhschrijfhs,in,ink
da66bee4-8753-5ca8-8e55-bdff3bf1ff79,tg:lhhs:14451,WritingMaterials,1,kenmerken.lhschrijfhs,in,ink
7945c86e-973c-5d7d-a446-32f0da46df11,tg:lhhs:10941,WritingMaterials,1,kenmerken.lhschrijfhs,in,ink
2d451cff-a7a2-5e67-b0f6-6c1d3217e8dc,tg:lhhs:8862,WritingMaterials,1,kenmerken.lhschrijfhs,in,ink
a05d271f-50e2-5f3e-bf36-20684ae2b85a,tg:lhhs:11203,WritingMaterials,1,kenmerken.lhschrijfhs,in,ink
f5f6d8a5-2f22-57ad-b4da-0ea4aeaaa7f1,tg:lhhs:19633,WritingMaterials,1,kenmerken.lhschrijfhs,in,ink
e8113cca-26fb-5034-8a7a-68d08b8a30f1,tg:lhhs:18921,WritingMaterials,1,kenmerken.lhschrijfhs,bi,ball-point pens
f417e84e-d993-5eeb-8a45-671e47ea435d,tg:lhhs:12839,WritingMaterials,1,kenmerken.lhschrijfhs,in,ink
c69cd44e-738f-5a00-afe2-38f6bfb7abae,tg:lhhs:10804,WritingMaterials,1,kenmerken.lhschrijfhs,in,ink
daaa4729-b728-564d-b6ac-9502846c01c7,tg:lhhs:3238,WritingMaterials,1,kenmerken.lhschrijfhs,in,ink
8edef6d6-7c6e-5a3d-9e0a-5f16914f7759,tg:lhhs:4007,WritingMaterials,1,kenmerken.lhschrijfhs,in,ink
86bd4402-d586-5bd1-89a1-276e0c479fa3,tg:lhhs:14514,WritingMaterials,1,kenmerken.lhschrijfhs,in,ink
fefa918b-84d8-5b66-9c56-d98b586f2b69,tg:lhhs:16529,WritingMaterials,1,kenmerken.lhschrijfhs,bi,ball-point pens
4f1c0209-b9b5-5ee0-b94c-34465fb1aa61,tg:lhhs:9265,WritingMaterials,1,kenmerken.lhschrijfhs,in,ink
25252a62-4c05-5ac2-bc21-b2e13dffc4e3,tg:lhhs:16483,WritingMaterials,1,kenmerken.lhschrijfhs,pc,pencils (drawing and writing equipment)
76c7bfb9-af38-5a64-9074-0a458f61e7f7,tg:lhhs:3668,WritingMaterials,1,kenmerken.lhschrijfhs,in,ink
ed32a9a2-de3f-59c4-a76f-89b047dc152e,tg:lhhs:19776,WritingMaterials,1,kenmerken.lhschrijfhs,pc,pencils (drawing and writing equipment)
343244d7-74f2-5c8a-862b-a782c50b4d66,tg:lhhs:18864,WritingMaterials,1,kenmerken.lhschrijfhs,bi,ball-point pens
e2dcfeab-625e-5cd0-a691-6fe46b78eb8f,tg:lhhs:3392,WritingMaterials,1,kenmerken.lhschrijfhs,in,ink
0e2cee2e-d3f3-5e4d-96e8-515c875d75e3,tg:lhhs:14144,WritingMaterials,1,kenmerken.lhschrijfhs,bi,ball-point pens
d03d5db8-5368-5be3-9615-45219e5fe6de,tg:lhhs:16179,WritingMaterials,1,kenmerken.lhschrijfhs,in,ink
9970e761-b74d-5a19-8e42-b1c80edf36ea,tg:lhhs:12993,WritingMaterials,1,kenmerken.lhschrijfhs,in,ink
bfe47c36-f0ec-5598-8701-018ec01d38cb,tg:lhhs:10107,WritingMaterials,1,kenmerken.lhschrijfhs,in,ink
31bc4f4c-5dcd-58bd-b443-0e0c6a5135d8,tg:lhhs:18537,WritingMaterials,1,kenmerken.lhschrijfhs,in,ink
36dc3f23-b3a2-5a7f-b30f-611645638789,tg:lhhs:17338,WritingMaterials,1,kenmerken.lhschrijfhs,pc,pencils (drawing and writing equipment)
183a92cb-334f-597a-acea-d0647193de6d,tg:lhhs:15305,WritingMaterials,1,kenmerken.lhschrijfhs,in,ink
0d4b2eb5-a469-508e-96b0-7b274d0ae926,tg:lhhs:8474,WritingMaterials,1,kenmerken.lhschrijfhs,in,ink
1f53d2e0-b668-5ae2-8998-d0add712c4f2,tg:lhhs:10557,WritingMaterials,1,kenmerken.lhschrijfhs,in,ink
3f6a1fa1-fc0b-5691-ae2d-65bf36d3a68e,tg:lhhs:7781,WritingMaterials,1,kenmerken.lhschrijfhs,in,ink
c5d63313-274e-56fe-8652-a5031d021bf0,tg:lhhs:6893,WritingMaterials,1,kenmerken.lhschrijfhs,in,ink
2c9e61c9-5aff-5bb4-b82f-224f47a2e6af,tg:lhhs:5246,WritingMaterials,1,kenmerken.lhschrijfhs,in,ink
838e7858-88bc-5071-8060-6485912ab72c,tg:lhhs:15755,WritingMaterials,1,kenmerken.lhschrijfhs,in,ink
73406c51-3d6e-5c3f-819f-03ca01a2896f,tg:lhhs:14847,WritingMaterials,1,kenmerken.lhschrijfhs,in,ink
b3babc96-8098-5970-8075-db394b60a15d,tg:lhhs:20335,WritingMaterials,1,kenmerken.lhschrijfhs,in,ink
3580fb52-c359-5bf5-8372-9613159bb294,tg:lhhs:10783,WritingMaterials,1,kenmerken.lhschrijfhs,ft,felt-tip pens
a3916503-218a-541a-8684-5340af535791,tg:lhhs:5568,WritingMaterials,1,kenmerken.lhschrijfhs,pc,pencils (drawing and writing equipment)
61b59244-5c07-51d4-9ea1-c4ec30f0ec8e,tg:lhhs:7555,WritingMaterials,1,kenmerken.lhschrijfhs,in,ink
29b6179e-62f2-59bf-9c3c-904015b1a971,tg:lhhs:3845,WritingMaterials,1,kenmerken.lhschrijfhs,in,ink
c69df43f-770b-54d0-8971-4f1304739459,tg:lhhs:5092,WritingMaterials,1,kenmerken.lhschrijfhs,in,ink
088ef9c1-91c2-5727-b665-34758ce87f81,tg:lhhs:18649,WritingMaterials,1,kenmerken.lhschrijfhs,in,ink
7fa06cf3-3e55-5708-a3d3-c73017ae07a5,tg:lhhs:2757,WritingMaterials,1,kenmerken.lhschrijfhs,in,ink
e3f74456-32ec-5d6a-938e-f9a0f84dc08d,tg:lhhs:15581,WritingMaterials,1,kenmerken.lhschrijfhs,in,ink
b786de25-fee9-57d5-86f1-885e4b3bec2f,tg:lhhs:17416,WritingMaterials,1,kenmerken.lhschrijfhs,in,ink
6ed1aea1-1441-591b-b91b-0b0599bc6dee,tg:lhhs:5138,WritingMaterials,1,kenmerken.lhschrijfhs,in,ink
28af77dd-fba0-5a31-b508-6f0cab40f587,tg:lhhs:13906,WritingMaterials,1,kenmerken.lhschrijfhs,in,ink
28923cb6-0423-509e-b5f0-e69a056a76a7,tg:lhhs:17945,WritingMaterials,1,kenmerken.lhschrijfhs,in,ink
e7e6cf69-b9bd-55d6-87e6-3e3fe48d08c5,tg:lhhs:16657,WritingMaterials,1,kenmerken.lhschrijfhs,in,ink
85093959-db78-598b-9be5-1b1393283043,tg:lhhs:11192,WritingMaterials,1,kenmerken.lhschrijfhs,in,ink
3561e09e-e352-5e6d-9918-a137405dd520,tg:lhhs:4379,WritingMaterials,1,kenmerken.lhschrijfhs,in,ink
d698d8c3-9ee1-5262-8b81-0dea0e5311f8,tg:lhhs:5991,WritingMaterials,1,kenmerken.lhschrijfhs,bi,ball-point pens
d927a093-a5ef-5711-ac40-913e3508ad86,tg:lhhs:3146,WritingMaterials,1,kenmerken.lhschrijfhs,in,ink
e72189de-c20a-53e4-8654-12fbd5eee654,tg:lhhs:4683,WritingMaterials,1,kenmerken.lhschrijfhs,in,ink
6ee82b28-8108-517d-9459-f87067b78f8e,tg:lhhs:13455,WritingMaterials,1,kenmerken.lhschrijfhs,in,ink
63e61ccc-3ba2-50b0-b3cf-2c39e18cf97e,tg:lhhs:14390,WritingMaterials,1,kenmerken.lhschrijfhs,in,ink
ac59d74e-170b-59ad-a911-439209a407ac,tg:lhhs:16207,WritingMaterials,1,kenmerken.lhschrijfhs,in,ink
4500f9ae-90e7-5722-83f6-6d0cfcd198bc,tg:lhhs:7806,WritingMaterials,1,kenmerken.lhschrijfhs,in,ink
fc57e9f9-a56a-57cc-8042-a2d75eb1d64c,tg:lhhs:19408,WritingMaterials,1,kenmerken.lhschrijfhs,in,ink
df88ddbb-fb23-5ac1-a79c-2414793852a9,tg:lhhs:3516,WritingMaterials,1,kenmerken.lhschrijfhs,in,ink
a7a1a31d-5719-5a1f-95be-dff129128af2,tg:lhhs:11038,WritingMaterials,1,kenmerken.lhschrijfhs,in,ink
5fbf842c-09a1-5e98-87b5-998ccdee9f67,tg:lhhs:3003,WritingMaterials,1,kenmerken.lhschrijfhs,in,ink
38830549-dfb5-5028-aac5-ded69aaa7098,tg:lhhs:13510,WritingMaterials,1,kenmerken.lhschrijfhs,in,ink
a7b030f7-fa37-543e-aa00-aa87a2d0a26d,tg:lhhs:17800,WritingMaterials,1,kenmerken.lhschrijfhs,in,ink
a64d435c-ca00-5c15-97d3-1b8f5b33620f,tg:lhhs:16712,WritingMaterials,1,kenmerken.lhschrijfhs,in,ink
f1f268de-fbd6-5cf2-a9c9-df5e1d94c9f4,tg:lhhs:4396,WritingMaterials,1,kenmerken.lhschrijfhs,in,ink
cf9b8c2e-b098-5d6a-9bea-330e37782669,tg:lhhs:3453,WritingMaterials,1,kenmerken.lhschrijfhs,in,ink
948522c2-fca8-59de-af22-9269988fdd9e,tg:lhhs:15997,WritingMaterials,1,kenmerken.lhschrijfhs,in,ink
f0302316-e3f2-5822-b95d-613bf1dee4ad,tg:lhhs:14685,WritingMaterials,1,kenmerken.lhschrijfhs,in,ink
5945ada7-11d8-5526-b0ea-f8ddd46fa0b0,tg:lhhs:13140,WritingMaterials,1,kenmerken.lhschrijfhs,in,ink
524f08bf-8884-5312-a32d-49b5718f1d81,tg:lhhs:21031,WritingMaterials,1,kenmerken.lhschrijfhs,in,ink
a17e1cc8-ecdb-541b-bca7-b04193d13b20,tg:lhhs:7943,WritingMaterials,1,kenmerken.lhschrijfhs,in,ink
2395c702-7f81-5fa1-906f-5cc9c81c664f,tg:lhhs:6651,WritingMaterials,1,kenmerken.lhschrijfhs,bi,ball-point pens
c3123b2d-3807-5d62-b42f-5c5844bd8ca2,tg:lhhs:3900,WritingMaterials,1,kenmerken.lhschrijfhs,in,ink
ec2919a6-ee08-5bb0-b09a-84ad751d60bc,tg:lhhs:20270,WritingMaterials,1,kenmerken.lhschrijfhs,in,ink
58645e43-a742-5434-a607-6aa7f05a113f,tg:lhhs:7410,WritingMaterials,1,kenmerken.lhschrijfhs,in,ink
fb2142c5-9797-588b-b82d-3db674a8d056,tg:lhhs:15094,WritingMaterials,1,kenmerken.lhschrijfhs,in,ink
19188355-e0ec-5fc2-8885-944243979694,tg:lhhs:17553,WritingMaterials,1,kenmerken.lhschrijfhs,in,ink
fafd2e3a-471c-5233-8860-08e6be5130fc,tg:lhhs:20620,WritingMaterials,1,kenmerken.lhschrijfhs,bi,ball-point pens
739ef882-25e4-53db-a835-710dfe125be1,tg:lhhs:7040,WritingMaterials,1,kenmerken.lhschrijfhs,bi,ball-point pens
10e8ebae-ffa8-56f8-bc3a-dea187f79e58,tg:lhhs:9377,WritingMaterials,1,kenmerken.lhschrijfhs,in,ink
e3c8c1cd-29b0-5087-a99b-0a20bdef6cc5,tg:lhhs:13269,WritingMaterials,1,kenmerken.lhschrijfhs,in,ink
5ec234e2-7dba-56d2-9892-f9d38ab817af,tg:lhhs:6082,WritingMaterials,1,kenmerken.lhschrijfhs,in,ink
dc5e9762-6ddf-59f1-91bd-dd375549e169,tg:lhhs:18976,WritingMaterials,1,kenmerken.lhschrijfhs,in,ink
19ef522c-62d3-5b6e-bea6-0cc8f6ca286c,tg:lhhs:2868,WritingMaterials,1,kenmerken.lhschrijfhs,in,ink
86dfe543-1cb0-5d85-8e15-fc8ac911214d,tg:lhhs:13793,WritingMaterials,1,kenmerken.lhschrijfhs,in,ink
a22acaa6-3806-5cc6-bb06-f6fe9c5363b7,tg:lhhs:19234,WritingMaterials,1,kenmerken.lhschrijfhs,in,ink
1337efce-cf44-57f4-bf27-889428d19050,tg:lhhs:4115,WritingMaterials,1,kenmerken.lhschrijfhs,in,ink
3c7d43a9-a219-58c5-907f-dad9c72c8761,tg:lhhs:8566,WritingMaterials,1,kenmerken.lhschrijfhs,in,ink
c952cf98-1177-5dcd-be50-455c7e1a4493,tg:lhhs:17380,WritingMaterials,1,kenmerken.lhschrijfhs,in,ink
3699c0f6-df46-51ef-ad64-475982a4d2a4,tg:lhhs:18075,WritingMaterials,1,kenmerken.lhschrijfhs,bi,ball-point pens
7be34184-cfab-50a9-ba18-eb0c48346f48,tg:lhhs:15647,WritingMaterials,1,kenmerken.lhschrijfhs,in,ink
cc6a3f9a-b053-571b-b234-783c481e1993,tg:lhhs:20509,WritingMaterials,1,kenmerken.lhschrijfhs,in,ink
5b4acb23-515f-55be-82ea-42cd37ac1af5,tg:lhhs:8136,WritingMaterials,1,kenmerken.lhschrijfhs,in,ink
e223b8bd-42db-5052-ac98-0153d026a2e2,tg:lhhs:10015,WritingMaterials,1,kenmerken.lhschrijfhs,in,ink
5bf8f612-01c8-5b97-8851-d027a354ffdc,tg:lhhs:18425,WritingMaterials,1,kenmerken.lhschrijfhs,bi,ball-point pens
a8be1c3f-5ffe-5805-9d5f-ba6c1b45964d,tg:lhhs:7739,WritingMaterials,1,kenmerken.lhschrijfhs,in,ink
92cbf73b-3957-5874-955f-2b6dfd11eef5,tg:lhhs:4816,WritingMaterials,1,kenmerken.lhschrijfhs,in,ink
47d4166f-c31b-50a9-8eb8-8012f6f35307,tg:lhhs:20159,WritingMaterials,1,kenmerken.lhschrijfhs,in,ink
f659bbd7-158a-53a4-be43-68197299ce68,tg:lhhs:15217,WritingMaterials,1,kenmerken.lhschrijfhs,in,ink
85cb7977-b540-5e32-b8d7-816953152889,tg:lhhs:5211,WritingMaterials,1,kenmerken.lhschrijfhs,in,ink
cd116968-16f4-5ef3-95f9-3f93b0a0fa63,tg:lhhs:15702,WritingMaterials,1,kenmerken.lhschrijfhs,in,ink
c8dd553e-08a5-57c1-b560-1c131cce8748,tg:lhhs:14810,WritingMaterials,1,kenmerken.lhschrijfhs,in,ink
9f5d1f55-96c7-5bc8-9803-b98c76b25950,tg:lhhs:10500,WritingMaterials,1,kenmerken.lhschrijfhs,bi,ball-point pens
ba707733-e0db-5a3f-bbad-adb69839aae2,tg:lhhs:8423,WritingMaterials,1,kenmerken.lhschrijfhs,in,ink
54cda31e-549a-5626-a097-fc46eed941f8,tg:lhhs:18130,WritingMaterials,1,kenmerken.lhschrijfhs,in,ink
5261b1cf-0856-5a3f-aa9b-1ae4168560fb,tg:lhhs:4953,WritingMaterials,1,kenmerken.lhschrijfhs,in,ink
492b757c-2f5b-5c6e-b516-5c621ef175f3,tg:lhhs:8589,WritingMaterials,1,kenmerken.lhschrijfhs,in,ink
3f2dc7c5-6637-5c90-af7a-55bb48c7d230,tg:lhhs:10150,WritingMaterials,1,kenmerken.lhschrijfhs,in,ink
20352243-eab8-5090-84d0-44a643f85891,tg:lhhs:7386,WritingMaterials,1,kenmerken.lhschrijfhs,in,ink
629c8b03-48c1-5107-8481-d6a8f3767d98,tg:lhhs:4400,WritingMaterials,1,kenmerken.lhschrijfhs,in,ink
e1d4cc55-5055-5213-9593-9c59cf094fde,tg:lhhs:11311,WritingMaterials,1,kenmerken.lhschrijfhs,in,ink
ee381f71-fc4d-5c8a-af43-75df890dd7ad,tg:lhhs:18833,WritingMaterials,1,kenmerken.lhschrijfhs,bi,ball-point pens
e65fed8a-42b8-5ae7-8eb8-4921cc457b34,tg:lhhs:3795,WritingMaterials,1,kenmerken.lhschrijfhs,in,ink
d25a3092-225e-5813-bd07-a86cd62fa6c8,tg:lhhs:4050,WritingMaterials,1,kenmerken.lhschrijfhs,in,ink
7e7ff86f-0907-5fb0-9ad2-12402ba42a1a,tg:lhhs:2887,WritingMaterials,1,kenmerken.lhschrijfhs,in,ink
4980c9d2-6539-5c26-a988-36d580980c83,tg:lhhs:9398,WritingMaterials,1,kenmerken.lhschrijfhs,bi,ball-point pens
5fb36c5f-60e3-547d-b8c5-c8936bbd6c8b,tg:lhhs:13286,WritingMaterials,1,kenmerken.lhschrijfhs,in,ink
5edc87bb-7a20-557b-8b84-ca98bfe00a2a,tg:lhhs:14543,WritingMaterials,1,kenmerken.lhschrijfhs,pc,pencils (drawing and writing equipment)
6491ec10-20e2-5a5c-a87e-79896664f470,tg:lhhs:16084,WritingMaterials,1,kenmerken.lhschrijfhs,in,ink
5c79baeb-c35a-59f1-98b7-9d2be7a99f46,tg:lhhs:10853,WritingMaterials,1,kenmerken.lhschrijfhs,in,ink
baa06c85-c79e-5d48-b5cc-6a2e75510b6a,tg:lhhs:8970,WritingMaterials,1,kenmerken.lhschrijfhs,bi,ball-point pens
4e5486b7-8169-5ad3-afe3-6a454706f79f,tg:lhhs:6597,WritingMaterials,1,kenmerken.lhschrijfhs,pc,pencils (drawing and writing equipment)
f6f1f4c3-a956-5047-8203-59cd0424271a,tg:lhhs:19371,WritingMaterials,1,kenmerken.lhschrijfhs,in,ink
06f67496-2b3c-5f89-8c94-699133feda70,tg:lhhs:7810,WritingMaterials,1,kenmerken.lhschrijfhs,in,ink
56caf7de-fce7-5c53-92a1-33163fd830d6,tg:lhhs:16211,WritingMaterials,1,kenmerken.lhschrijfhs,in,ink
6afc6636-99e6-5339-aec9-3defe4ea3c30,tg:lhhs:13443,WritingMaterials,1,kenmerken.lhschrijfhs,in,ink
39310f1e-d2f3-5ef0-8243-c791f110003c,tg:lhhs:3150,WritingMaterials,1,kenmerken.lhschrijfhs,in,ink
f865de5b-9b4d-5e54-a550-1971641cea24,tg:lhhs:5987,WritingMaterials,1,kenmerken.lhschrijfhs,in,ink
52bd43d6-130d-5f28-8535-6221aa1cce8f,tg:lhhs:16641,WritingMaterials,1,kenmerken.lhschrijfhs,in,ink
e50f1ba8-cc59-5017-8e5a-ed88c1f6620b,tg:lhhs:11184,WritingMaterials,1,kenmerken.lhschrijfhs,in,ink
57a439e3-c82b-5e6c-b130-5c86048a67f5,tg:lhhs:17953,WritingMaterials,1,kenmerken.lhschrijfhs,in,ink
88e395f5-b7b6-5e37-ab67-04b9ef9cecef,tg:lhhs:13910,WritingMaterials,1,kenmerken.lhschrijfhs,in,ink
95848fad-5a1d-5b73-b11c-ecd09a94995a,tg:lhhs:20289,WritingMaterials,1,kenmerken.lhschrijfhs,in,ink
6de4e029-da59-5d3a-a7c0-809b468a8a00,tg:lhhs:7113,WritingMaterials,1,kenmerken.lhschrijfhs,in,ink
af3e0eb9-d859-5e00-867d-82d8fad5cbe6,tg:lhhs:20773,WritingMaterials,1,kenmerken.lhschrijfhs,in,ink
99092c72-8255-53aa-8a12-1994ccf94e53,tg:lhhs:17400,WritingMaterials,1,kenmerken.lhschrijfhs,in,ink
8047b33c-758d-5238-b470-74c93cb2471a,tg:lhhs:15597,WritingMaterials,1,kenmerken.lhschrijfhs,in,ink
6d0981a7-4aef-5897-b552-f56e533eec3c,tg:lhhs:5084,WritingMaterials,1,kenmerken.lhschrijfhs,in,ink
6d80156e-71ad-542c-a110-70e8839bd4b8,tg:lhhs:2741,WritingMaterials,1,kenmerken.lhschrijfhs,in,ink
80840169-6810-5972-b1f1-0e15071fbf3f,tg:lhhs:3853,WritingMaterials,1,kenmerken.lhschrijfhs,in,ink
a7722839-2512-5f66-ae58-ed79ad4559fb,tg:lhhs:11887,WritingMaterials,1,kenmerken.lhschrijfhs,bi,ball-point pens
1e4f07ee-661d-5821-a07b-7cd0880b4bd2,tg:lhhs:20636,WritingMaterials,1,kenmerken.lhschrijfhs,bi,ball-point pens
856b3329-06f0-5f03-b79a-d97c2f8ff029,tg:lhhs:10280,WritingMaterials,1,kenmerken.lhschrijfhs,in,ink
5a529667-ff0b-57a4-bd2a-d4f9b36ea84b,tg:lhhs:15578,WritingMaterials,1,kenmerken.lhschrijfhs,in,ink
acde633e-6222-5cc1-be3c-585adc7645d4,tg:lhhs:8659,WritingMaterials,1,kenmerken.lhschrijfhs,in,ink
2e72ef32-c040-5c29-81d6-59e84946e581,tg:lhhs:15082,WritingMaterials,1,kenmerken.lhschrijfhs,in,ink
08894bb8-f618-5c68-9130-f5c506468b3e,tg:lhhs:5591,WritingMaterials,1,kenmerken.lhschrijfhs,in,ink
99b19bf6-2ab9-5d3f-bdf3-4bdee1f796dd,tg:lhhs:7406,WritingMaterials,1,kenmerken.lhschrijfhs,in,ink
ccbf4295-8038-5943-997e-c3e1d709fe57,tg:lhhs:15128,WritingMaterials,1,kenmerken.lhschrijfhs,in,ink
ec80bb48-e418-543d-b4b2-2b008bd2ae6e,tg:lhhs:20266,WritingMaterials,1,kenmerken.lhschrijfhs,in,ink
d3984a7b-f14f-5f95-adeb-560e346c717e,tg:lhhs:8209,WritingMaterials,1,kenmerken.lhschrijfhs,in,ink
dbccb959-91d8-5fb6-98e4-17f05e1d5fc3,tg:lhhs:6647,WritingMaterials,1,kenmerken.lhschrijfhs,bi,ball-point pens
203a89c0-c698-5eff-89e7-fe73282b992e,tg:lhhs:7955,WritingMaterials,1,kenmerken.lhschrijfhs,in,ink
a3041321-f5e1-52ce-a6b8-c64743eed279,tg:lhhs:16354,WritingMaterials,1,kenmerken.lhschrijfhs,pc,pencils (drawing and writing equipment)
aac4958f-29e5-5b54-8786-2669b8916b22,tg:lhhs:9048,WritingMaterials,1,kenmerken.lhschrijfhs,bi,ball-point pens
92b2d941-01b3-52ad-b68c-d7fe5716acd9,tg:lhhs:15981,WritingMaterials,1,kenmerken.lhschrijfhs,in,ink
671a8ea0-4be7-598e-8d52-44437b1d9178,tg:lhhs:4380,WritingMaterials,1,kenmerken.lhschrijfhs,in,ink
82ec1ddb-e453-5981-95b2-9f5f84d4c141,tg:lhhs:3445,WritingMaterials,1,kenmerken.lhschrijfhs,in,ink
f05614f7-6633-5e4c-a394-6bc7fb1fcd9f,tg:lhhs:16704,WritingMaterials,1,kenmerken.lhschrijfhs,in,ink
1b884e1e-d09c-5434-8ccd-022d61804ba2,tg:lhhs:13506,WritingMaterials,1,kenmerken.lhschrijfhs,bi,ball-point pens
0dfdc84f-0341-5838-83a9-78799a0c9746,tg:lhhs:3015,WritingMaterials,1,kenmerken.lhschrijfhs,in,ink
a08880f3-2017-52c0-9723-002a58018237,tg:lhhs:15201,WritingMaterials,1,kenmerken.lhschrijfhs,in,ink
a608f10d-5511-5f5c-aadb-bab2f9b8c5e3,tg:lhhs:4800,WritingMaterials,1,kenmerken.lhschrijfhs,in,ink
86abe583-0152-5b03-a54d-4d808a200270,tg:lhhs:5712,WritingMaterials,1,kenmerken.lhschrijfhs,in,ink
b3672687-8f2f-52f2-b8eb-a44d1b1e883a,tg:lhhs:18433,WritingMaterials,1,kenmerken.lhschrijfhs,in,ink
204dc636-8d21-57bb-aa82-081e8bb9b249,tg:lhhs:8120,WritingMaterials,1,kenmerken.lhschrijfhs,in,ink
eb24b723-2838-5fea-967e-8b30353808b7,tg:lhhs:15651,WritingMaterials,1,kenmerken.lhschrijfhs,in,ink
f9a837ec-16b5-5ffe-a8fb-79d1adf5d1cd,tg:lhhs:18599,WritingMaterials,1,kenmerken.lhschrijfhs,pc,pencils (drawing and writing equipment)
255337e6-8c9b-5bc8-a885-a820f17a20c2,tg:lhhs:7685,WritingMaterials,1,kenmerken.lhschrijfhs,in,ink
8126ff4a-9c51-5d74-821a-01cb0a01a5cc,tg:lhhs:8570,WritingMaterials,1,kenmerken.lhschrijfhs,in,ink
68453b0e-b03c-5f2b-8f84-6db01f527d63,tg:lhhs:17396,WritingMaterials,1,kenmerken.lhschrijfhs,in,ink
45364941-5fa7-5c60-a78c-06f7e35f215f,tg:lhhs:10453,WritingMaterials,1,kenmerken.lhschrijfhs,ft,felt-tip pens
b73d0014-92e1-57e0-909c-94680efebb93,tg:lhhs:14410,WritingMaterials,1,kenmerken.lhschrijfhs,pc,pencils (drawing and writing equipment)
8990d915-a063-5479-b4bb-e68513f4cdea,tg:lhhs:4103,WritingMaterials,1,kenmerken.lhschrijfhs,in,ink
38f83437-4a1c-5308-956f-6186402a96ed,tg:lhhs:19222,WritingMaterials,1,kenmerken.lhschrijfhs,in,ink
f12cfeb3-9770-59d8-b27f-7b3da9f8299f,tg:lhhs:10900,WritingMaterials,1,kenmerken.lhschrijfhs,in,ink
ad70d9e3-94e3-5257-8f85-c12023f38908,tg:lhhs:8989,WritingMaterials,1,kenmerken.lhschrijfhs,bi,ball-point pens
5c346448-d742-5770-9130-cdb31d8f67fa,tg:lhhs:4553,WritingMaterials,1,kenmerken.lhschrijfhs,in,ink
cba7a7ad-c0ab-50f0-9f2b-e93a934b9b5a,tg:lhhs:19388,WritingMaterials,1,kenmerken.lhschrijfhs,in,ink
3c13c415-ce6a-5d60-99ad-86463e93b084,tg:lhhs:11242,WritingMaterials,1,kenmerken.lhschrijfhs,in,ink
6dbb6277-7e1b-5878-87a1-c8c55667adf6,tg:lhhs:9361,WritingMaterials,1,kenmerken.lhschrijfhs,in,ink
4db95adb-2197-5f64-8da5-f42415bcaaa6,tg:lhhs:6581,WritingMaterials,1,kenmerken.lhschrijfhs,in,ink
6308bd66-5291-52be-9eb9-c6554e675032,tg:lhhs:19367,WritingMaterials,1,kenmerken.lhschrijfhs,in,ink
f0c7a4aa-bdd0-5325-9b9f-8b1bef395e51,tg:lhhs:10845,WritingMaterials,1,kenmerken.lhschrijfhs,in,ink
8a380f96-1baf-578a-96fe-ff3c2dfdb553,tg:lhhs:16092,WritingMaterials,1,kenmerken.lhschrijfhs,in,ink
71e902c7-6882-5fba-ab9f-c71b00ee2dae,tg:lhhs:11757,WritingMaterials,1,kenmerken.lhschrijfhs,in,ink
b4925ced-1caf-5103-843f-b59d00338bf0,tg:lhhs:16568,WritingMaterials,1,kenmerken.lhschrijfhs,pc,pencils (drawing and writing equipment)
6c7b6600-d2ab-57f4-a9b9-77c5d686c5b1,tg:lhhs:13290,WritingMaterials,1,kenmerken.lhschrijfhs,bi,ball-point pens
96d4055d-bec0-57f1-a97c-678cb7f37c1d,tg:lhhs:20909,WritingMaterials,1,kenmerken.lhschrijfhs,in,ink
d72df0f9-4bf0-5ddf-afb6-9b1bdb2a55f2,tg:lhhs:2891,WritingMaterials,1,kenmerken.lhschrijfhs,in,ink
be34fe92-281f-55d5-b353-d7121a82bf72,tg:lhhs:3783,WritingMaterials,1,kenmerken.lhschrijfhs,in,ink
2e6d948b-70ed-5db2-97f7-d869bb85acf0,tg:lhhs:11307,WritingMaterials,1,kenmerken.lhschrijfhs,in,ink
c3651b16-c893-52fd-92e7-31986f5d43a5,tg:lhhs:16138,WritingMaterials,1,kenmerken.lhschrijfhs,in,ink
97fd56c1-734c-5014-aa52-8a51e3ea056a,tg:lhhs:4416,WritingMaterials,1,kenmerken.lhschrijfhs,in,ink
f0a0a5d0-58a4-561b-a63b-e7ce0260bbd3,tg:lhhs:7390,WritingMaterials,1,kenmerken.lhschrijfhs,in,ink
7d66ed46-b95e-5ddc-8163-d9ba253bf571,tg:lhhs:18576,WritingMaterials,1,kenmerken.lhschrijfhs,in,ink
1c12dbdf-6269-530a-b9e0-1703a081a7b6,tg:lhhs:10146,WritingMaterials,1,kenmerken.lhschrijfhs,in,ink
ec5869a3-d690-534f-a3e7-854338a9a061,tg:lhhs:8065,WritingMaterials,1,kenmerken.lhschrijfhs,in,ink
73a42241-b68d-5c3e-bf90-d14a099eccca,tg:lhhs:17683,WritingMaterials,1,kenmerken.lhschrijfhs,in,ink
c5226779-6ba0-5d9b-9a4a-c6024788112e,tg:lhhs:17379,WritingMaterials,1,kenmerken.lhschrijfhs,in,ink
ef22c6b5-7a55-5574-8ddd-424db8b464cc,tg:lhhs:18126,WritingMaterials,1,kenmerken.lhschrijfhs,in,ink
d3f786d3-105d-5f54-9a73-00cd6ae7ae73,tg:lhhs:10516,WritingMaterials,1,kenmerken.lhschrijfhs,ft,felt-tip pens
20da3266-58b9-5a8e-bf45-8d371487164e,tg:lhhs:14806,WritingMaterials,1,kenmerken.lhschrijfhs,pc,pencils (drawing and writing equipment)
6ed9a4e6-7f61-5ab2-b411-04e2ac3b41f6,tg:lhhs:15714,WritingMaterials,1,kenmerken.lhschrijfhs,in,ink
d8dfe487-7b32-5093-91c7-e3385052096d,tg:lhhs:17729,WritingMaterials,1,kenmerken.lhschrijfhs,in,ink
28a8b4d7-b06b-5576-ab46-4df0d0dbc150,tg:lhhs:7514,WritingMaterials,1,kenmerken.lhschrijfhs,in,ink
604d2f7a-ed1c-5715-879b-8f8b2f0c3c3f,tg:lhhs:10238,WritingMaterials,1,kenmerken.lhschrijfhs,in,ink
58fdb7ee-bd17-5c85-8676-0738b63f2343,tg:lhhs:2716,WritingMaterials,1,kenmerken.lhschrijfhs,in,ink
58286922-b31d-5c83-bf42-4bad48f63d6d,tg:lhhs:18608,WritingMaterials,1,kenmerken.lhschrijfhs,in,ink
d240a160-7de8-5fe7-b02f-613eeb6553ae,tg:lhhs:3804,WritingMaterials,1,kenmerken.lhschrijfhs,in,ink
d04b9796-6db9-565c-a663-ffd36ea000ba,tg:lhhs:17457,WritingMaterials,1,kenmerken.lhschrijfhs,pc,pencils (drawing and writing equipment)
43893656-6620-5013-af2e-eb3b2d6bd792,tg:lhhs:15190,WritingMaterials,1,kenmerken.lhschrijfhs,in,ink
f735ac90-a76b-5927-909f-04db37fdd8fc,tg:lhhs:10668,WritingMaterials,1,kenmerken.lhschrijfhs,in,ink
f13a07e4-0ca3-5b1f-9810-ca2e3fce9593,tg:lhhs:13947,WritingMaterials,1,kenmerken.lhschrijfhs,in,ink
7ea0a4af-d0ec-5c0c-9878-810e243c5290,tg:lhhs:5483,WritingMaterials,1,kenmerken.lhschrijfhs,in,ink
4c61fa79-24cd-5b80-92cb-13c8f696193d,tg:lhhs:4338,WritingMaterials,1,kenmerken.lhschrijfhs,in,ink
be17aebd-ea0c-5da1-aa50-bb64fa0bc040,tg:lhhs:6305,WritingMaterials,1,kenmerken.lhschrijfhs,in,ink
76d0939f-46b6-5801-ba93-8f974092782e,tg:lhhs:16616,WritingMaterials,1,kenmerken.lhschrijfhs,in,ink
eb768762-4f52-571f-a619-d9cc67a01953,tg:lhhs:17904,WritingMaterials,1,kenmerken.lhschrijfhs,in,ink
eede049e-81e9-566d-8a5b-d5c86f9713cb,tg:lhhs:19019,WritingMaterials,1,kenmerken.lhschrijfhs,in,ink
4e33739c-0c80-5929-af5b-46eb2f1d22c0,tg:lhhs:3107,WritingMaterials,1,kenmerken.lhschrijfhs,in,ink
496096a0-2e53-5b68-8977-aa1b7d5e78ea,tg:lhhs:4768,WritingMaterials,1,kenmerken.lhschrijfhs,in,ink
6666f59a-5d57-57ad-8368-2e4b6d56b3b0,tg:lhhs:6755,WritingMaterials,1,kenmerken.lhschrijfhs,in,ink
1b4c3184-2f33-549f-9639-d6b659a83133,tg:lhhs:7847,WritingMaterials,1,kenmerken.lhschrijfhs,in,ink
e614b3a1-10f8-5dc7-877d-a966cfa01506,tg:lhhs:11583,WritingMaterials,1,kenmerken.lhschrijfhs,pc,pencils (drawing and writing equipment)
5b4de9cd-ac9e-53b5-aaf3-76fcab514c25,tg:lhhs:16246,WritingMaterials,1,kenmerken.lhschrijfhs,in,ink
2d74ea17-bc78-5109-a59e-2d7f19d16093,tg:lhhs:11079,WritingMaterials,1,kenmerken.lhschrijfhs,in,ink
92cf4be4-10f1-53ed-ab1f-ebc3c76652dd,tg:lhhs:19449,WritingMaterials,1,kenmerken.lhschrijfhs,in,ink
74761a42-7363-546d-8bff-adf1954c2d33,tg:lhhs:3042,WritingMaterials,1,kenmerken.lhschrijfhs,in,ink
eb9eaec4-8e20-5da3-804c-7b8bc836c9bb,tg:lhhs:6240,WritingMaterials,1,kenmerken.lhschrijfhs,pc,pencils (drawing and writing equipment)
cfd681f5-6f9b-54bf-b94e-65f16dcdcf32,tg:lhhs:16753,WritingMaterials,1,kenmerken.lhschrijfhs,in,ink
81fd6037-c718-5d84-a492-b28897dc98e2,tg:lhhs:17841,WritingMaterials,1,kenmerken.lhschrijfhs,pc,pencils (drawing and writing equipment)
f2677439-369e-51f2-80d7-2f928123870b,tg:lhhs:6610,WritingMaterials,1,kenmerken.lhschrijfhs,ft,felt-tip pens
1a3bfe62-e6ab-53b2-b18b-70bc36458140,tg:lhhs:7902,WritingMaterials,1,kenmerken.lhschrijfhs,in,ink
4e24d1ad-5353-591f-b24a-115a450bd761,tg:lhhs:15485,WritingMaterials,1,kenmerken.lhschrijfhs,in,ink
1d80969e-d4d1-57ed-b115-aa2e98950986,tg:lhhs:5196,WritingMaterials,1,kenmerken.lhschrijfhs,in,ink
92c6859c-0e6c-5151-9410-f23cca656ced,tg:lhhs:2653,WritingMaterials,1,kenmerken.lhschrijfhs,in,ink
4dfde38e-eaf7-5ecc-8648-084f33a4991a,tg:lhhs:3941,WritingMaterials,1,kenmerken.lhschrijfhs,pc,pencils (drawing and writing equipment)
156ddf35-810b-5923-981f-d869ad20f47d,tg:lhhs:10687,WritingMaterials,1,kenmerken.lhschrijfhs,in,ink
859ad1e8-6e1e-5762-a194-6982fac32941,tg:lhhs:17142,WritingMaterials,1,kenmerken.lhschrijfhs,in,ink
d7681b67-0fb3-5a66-997c-98b161ecf5f3,tg:lhhs:20231,WritingMaterials,1,kenmerken.lhschrijfhs,in,ink
9e514fea-436e-594d-bbef-4a34695e6933,tg:lhhs:11995,WritingMaterials,1,kenmerken.lhschrijfhs,in,ink
7c06203d-5282-5da3-b19e-7255b1c7f4fb,tg:lhhs:18937,WritingMaterials,1,kenmerken.lhschrijfhs,bi,ball-point pens
ec709f66-b992-5deb-ab68-afa5adec47a9,tg:lhhs:19625,WritingMaterials,1,kenmerken.lhschrijfhs,in,ink
3f10ee30-7222-5710-8166-955dcdb1157b,tg:lhhs:13228,WritingMaterials,1,kenmerken.lhschrijfhs,in,ink
89f65420-75c2-5cd6-a7c8-984ef251c810,tg:lhhs:4504,WritingMaterials,1,kenmerken.lhschrijfhs,in,ink
7c1e7b9a-0775-5b36-95ad-68f39e24d9a9,tg:lhhs:6493,WritingMaterials,1,kenmerken.lhschrijfhs,in,ink
2591b289-7dfe-5024-87ba-b54a78941b7a,tg:lhhs:10957,WritingMaterials,1,kenmerken.lhschrijfhs,in,ink
b25f82f5-9bc2-5c2f-b995-2d175256bd9e,tg:lhhs:8874,WritingMaterials,1,kenmerken.lhschrijfhs,in,ink
07f65fbf-0f4a-5612-9d46-b7ee2a6dd3f3,tg:lhhs:16180,WritingMaterials,1,kenmerken.lhschrijfhs,in,ink
ff4cb3b1-5230-5cf3-83e1-d441ff892a04,tg:lhhs:2983,WritingMaterials,1,kenmerken.lhschrijfhs,in,ink
0212fe27-f9d0-5707-8ce0-2736e02f1f46,tg:lhhs:4154,WritingMaterials,1,kenmerken.lhschrijfhs,in,ink
5a7e84d7-72db-5c71-afaa-b9ca6139d0ab,tg:lhhs:16929,WritingMaterials,1,kenmerken.lhschrijfhs,in,ink
21d4e660-d894-565a-9acf-7a04cfb7db77,tg:lhhs:20548,WritingMaterials,1,kenmerken.lhschrijfhs,in,ink
18ea6863-8d55-59da-bf0f-18d3d871f702,tg:lhhs:15606,WritingMaterials,1,kenmerken.lhschrijfhs,in,ink
bc3af0d4-a7f7-52ae-a546-083a0b563427,tg:lhhs:7328,WritingMaterials,1,kenmerken.lhschrijfhs,in,ink
4407ba04-176d-5ac9-b3e7-8301388ddc50,tg:lhhs:18464,WritingMaterials,1,kenmerken.lhschrijfhs,bi,ball-point pens
6d501cf8-cc33-5081-9ab4-7e4ea0da3c90,tg:lhhs:8177,WritingMaterials,1,kenmerken.lhschrijfhs,in,ink
e9fd02c8-8adf-5fa3-83e8-6144d53376b9,tg:lhhs:17791,WritingMaterials,1,kenmerken.lhschrijfhs,ft,felt-tip pens
bdbf431d-341c-5c3f-b86b-12b59768f610,tg:lhhs:4857,WritingMaterials,1,kenmerken.lhschrijfhs,in,ink
54b1633a-a924-5b66-a4b8-f8b05e1edb1d,tg:lhhs:5745,WritingMaterials,1,kenmerken.lhschrijfhs,in,ink
2f8a9ef1-f46f-590a-81bb-be152ae78a22,tg:lhhs:7778,WritingMaterials,1,kenmerken.lhschrijfhs,in,ink
73fa737c-557c-59dc-b385-7122e9c6b2b5,tg:lhhs:14851,WritingMaterials,1,kenmerken.lhschrijfhs,in,ink
ceb2dde6-2d1d-57e9-b1b8-6b4450d9bd95,tg:lhhs:8198,WritingMaterials,1,kenmerken.lhschrijfhs,in,ink
4e4ad870-c8ce-58d0-aa51-008d6e22a781,tg:lhhs:5250,WritingMaterials,1,kenmerken.lhschrijfhs,in,ink
5397b7de-b2ce-5c5f-a743-452d7b405a00,tg:lhhs:6885,WritingMaterials,1,kenmerken.lhschrijfhs,in,ink
785db895-cdbf-5101-a405-6aa04adf7d6d,tg:lhhs:7797,WritingMaterials,1,kenmerken.lhschrijfhs,in,ink
f059e431-a9de-569b-ae32-08089ce0f412,tg:lhhs:17284,WritingMaterials,1,kenmerken.lhschrijfhs,in,ink
473ca5cf-6c59-5f2d-87bb-39c92e85efd6,tg:lhhs:8032,WritingMaterials,1,kenmerken.lhschrijfhs,in,ink
2bc1072c-9731-548e-8a78-4cc808db3162,tg:lhhs:4441,WritingMaterials,1,kenmerken.lhschrijfhs,in,ink
26609b29-a812-5ca1-88d0-d431d0335b51,tg:lhhs:18872,WritingMaterials,1,kenmerken.lhschrijfhs,bi,ball-point pens
62042a6f-4036-5fc9-ae58-67177cc6057d,tg:lhhs:19760,WritingMaterials,1,kenmerken.lhschrijfhs,in,ink
627c1d88-3b75-5036-96d7-5934920d5455,tg:lhhs:16495,WritingMaterials,1,kenmerken.lhschrijfhs,pc,pencils (drawing and writing equipment)
02f06450-7ebd-51a0-a564-5669ab04931a,tg:lhhs:4011,WritingMaterials,1,kenmerken.lhschrijfhs,in,ink
9a80fceb-a47f-5d74-85f9-3cb0c4ff0781,tg:lhhs:19330,WritingMaterials,1,kenmerken.lhschrijfhs,in,ink
989945a3-da28-5b7f-b70f-3081d59556e3,tg:lhhs:8931,WritingMaterials,1,kenmerken.lhschrijfhs,bi,ball-point pens
230ef2e3-94ce-5ab8-b99d-d49721168812,tg:lhhs:10812,WritingMaterials,1,kenmerken.lhschrijfhs,in,ink
47e8f6ec-7154-5528-9e01-920e62065676,tg:lhhs:9623,WritingMaterials,1,kenmerken.lhschrijfhs,bi,ball-point pens
4d150c87-f2be-594d-813f-a88018907e07,tg:lhhs:3039,WritingMaterials,1,kenmerken.lhschrijfhs,in,ink
6c9eb7f0-5b3b-58ea-b70f-559ecd2ca456,tg:lhhs:11517,WritingMaterials,1,kenmerken.lhschrijfhs,pc,pencils (drawing and writing equipment)
e88bd6be-7c09-5956-8726-b2f8b21b81df,tg:lhhs:9434,WritingMaterials,1,kenmerken.lhschrijfhs,bi,ball-point pens
ad7dd109-2d5c-5ba5-a704-373dbc8ebdea,tg:lhhs:14715,WritingMaterials,1,kenmerken.lhschrijfhs,in,ink
02feecda-2636-53bf-a296-4b2529b558cd,tg:lhhs:15807,WritingMaterials,1,kenmerken.lhschrijfhs,in,ink
ef41d3c6-3b3f-5ec7-8b36-f1e602321472,tg:lhhs:3469,WritingMaterials,1,kenmerken.lhschrijfhs,in,ink
fda0a6b8-1def-54c5-8b60-355a842ebd3d,tg:lhhs:19577,WritingMaterials,1,kenmerken.lhschrijfhs,in,ink
573f08b9-b620-540f-ab4e-c33440284403,tg:lhhs:11147,WritingMaterials,1,kenmerken.lhschrijfhs,in,ink
d8a677d8-d581-5187-8f66-e06395dcfdd1,tg:lhhs:9064,WritingMaterials,1,kenmerken.lhschrijfhs,bi,ball-point pens
9c5f8c97-93d3-5cee-9c9e-b3bdb36ed262,tg:lhhs:16682,WritingMaterials,1,kenmerken.lhschrijfhs,in,ink
d6bc70de-a988-5da8-b05c-7a40d481ab2e,tg:lhhs:17990,WritingMaterials,1,kenmerken.lhschrijfhs,in,ink
b99f4c2f-797e-53dd-b8ce-4d33c6d0ebdd,tg:lhhs:16378,WritingMaterials,1,kenmerken.lhschrijfhs,bi,ball-point pens
15ec56f1-96c1-5fbe-b05a-3d3fc3fc5cb3,tg:lhhs:2628,WritingMaterials,1,kenmerken.lhschrijfhs,in,ink
93f2a8e1-0e58-5484-86d7-e7c08cc7600d,tg:lhhs:18736,WritingMaterials,1,kenmerken.lhschrijfhs,in,ink
f6a0a5ef-4af4-5ded-b540-bf9b27ec52a8,tg:lhhs:19824,WritingMaterials,1,kenmerken.lhschrijfhs,in,ink
e69f6a8b-2399-552d-a343-e35cfb112f85,tg:lhhs:10306,WritingMaterials,1,kenmerken.lhschrijfhs,in,ink
c3da106a-acfd-5fdf-a9e7-fb6380be2e07,tg:lhhs:17139,WritingMaterials,1,kenmerken.lhschrijfhs,bi,ball-point pens
9ee48ee8-b6dd-5da3-9c81-43bdb8abe3f4,tg:lhhs:5417,WritingMaterials,1,kenmerken.lhschrijfhs,bi,ball-point pens
762f8e0e-4e7f-549e-989d-7f819508300c,tg:lhhs:7580,WritingMaterials,1,kenmerken.lhschrijfhs,in,ink
b2ee71f0-b365-50e8-9bb7-5cfc8a06d587,tg:lhhs:18366,WritingMaterials,1,kenmerken.lhschrijfhs,in,ink
9405812f-c1ad-58ad-b230-599670de6353,tg:lhhs:11844,WritingMaterials,1,kenmerken.lhschrijfhs,in,ink
f88681b0-4079-53d0-b457-a0b4d6ca8bb7,tg:lhhs:17569,WritingMaterials,1,kenmerken.lhschrijfhs,in,ink
b9b40000-1ee6-5fdc-89fa-66648583f262,tg:lhhs:15554,WritingMaterials,1,kenmerken.lhschrijfhs,in,ink
7de3adfa-40c9-5d7d-ae1a-2dce52fc0246,tg:lhhs:2782,WritingMaterials,1,kenmerken.lhschrijfhs,in,ink
525967e9-3fe7-57a0-9271-e593c0b31c98,tg:lhhs:3890,WritingMaterials,1,kenmerken.lhschrijfhs,in,ink
16de7b4d-815f-58d1-9336-7ae2ae9cc8f9,tg:lhhs:15041,WritingMaterials,1,kenmerken.lhschrijfhs,in,ink
4592183c-2ccc-589c-b910-06667edf7954,tg:lhhs:9988,WritingMaterials,1,kenmerken.lhschrijfhs,pc,pencils (drawing and writing equipment)
8cc22648-14ec-56d5-8343-b7ada133e274,tg:lhhs:13896,WritingMaterials,1,kenmerken.lhschrijfhs,in,ink
bf738799-2d35-5c20-93c0-6504d7d7dc05,tg:lhhs:18389,WritingMaterials,1,kenmerken.lhschrijfhs,bi,ball-point pens
154eba6b-2fc1-5013-893a-1cf76f6cc72d,tg:lhhs:7095,WritingMaterials,1,kenmerken.lhschrijfhs,in,ink
973272eb-082d-53f2-a7ce-e20d04592789,tg:lhhs:18673,WritingMaterials,1,kenmerken.lhschrijfhs,in,ink
173f768e-7ad1-51e8-88fc-026af2a5ca29,tg:lhhs:19961,WritingMaterials,1,kenmerken.lhschrijfhs,in,ink
03c23158-485b-576f-8599-1dd72906dfac,tg:lhhs:10243,WritingMaterials,1,kenmerken.lhschrijfhs,in,ink
083c77e4-34e2-586a-8b92-18e5a3138456,tg:lhhs:5102,WritingMaterials,1,kenmerken.lhschrijfhs,in,ink
26490884-d838-551c-b2ac-0e007346e821,tg:lhhs:10613,WritingMaterials,1,kenmerken.lhschrijfhs,in,ink
8a3cec73-8fc4-5ad9-87f4-e2f62463cad0,tg:lhhs:8730,WritingMaterials,1,kenmerken.lhschrijfhs,in,ink
527b5aa4-3232-50a9-baee-c34c5d4992f8,tg:lhhs:13195,WritingMaterials,1,kenmerken.lhschrijfhs,in,ink
6bb5d220-2485-5df6-b409-abbc5f4b8690,tg:lhhs:14650,WritingMaterials,1,kenmerken.lhschrijfhs,in,ink
b4e752f1-d8b7-5dc5-be4b-2a4a8e5b738f,tg:lhhs:19598,WritingMaterials,1,kenmerken.lhschrijfhs,in,ink
90d62cad-d1fa-57ea-a11e-235ff525b339,tg:lhhs:19062,WritingMaterials,1,kenmerken.lhschrijfhs,bi,ball-point pens
50ce0407-d231-5987-ae59-7f42f0fd9dda,tg:lhhs:14200,WritingMaterials,1,kenmerken.lhschrijfhs,in,ink
741656f6-aaac-53a7-8ce8-27ef1eb05095,tg:lhhs:5801,WritingMaterials,1,kenmerken.lhschrijfhs,in,ink
2d83cb50-0b3a-5025-b554-a6ad80e47086,tg:lhhs:19432,WritingMaterials,1,kenmerken.lhschrijfhs,in,ink
1e1ce5f2-1042-5e4e-86c7-d05f7b21b31b,tg:lhhs:9121,WritingMaterials,1,kenmerken.lhschrijfhs,bi,ball-point pens
0bb3dcfa-43de-5071-9006-654390583427,tg:lhhs:11002,WritingMaterials,1,kenmerken.lhschrijfhs,in,ink
7c34bb39-e53f-5b3a-a272-d38c26c94090,tg:lhhs:16817,WritingMaterials,1,kenmerken.lhschrijfhs,in,ink
b02b4b88-4dfe-50c3-a08a-442c1b8a6cbb,tg:lhhs:20476,WritingMaterials,1,kenmerken.lhschrijfhs,in,ink
56e5a396-07a0-5623-89d9-99861cd412ad,tg:lhhs:8419,WritingMaterials,1,kenmerken.lhschrijfhs,bi,ball-point pens
6b25672f-a334-53b6-8e42-bd08e034177c,tg:lhhs:4969,WritingMaterials,1,kenmerken.lhschrijfhs,in,ink
a2832189-716b-5723-88c7-eb4ccb2041b3,tg:lhhs:7646,WritingMaterials,1,kenmerken.lhschrijfhs,in,ink
61b371cc-91c0-5260-8e8c-f3980d598ef3,tg:lhhs:10490,WritingMaterials,1,kenmerken.lhschrijfhs,pc,pencils (drawing and writing equipment)
77b0a875-82b0-58c7-8bad-96eed8a66fd8,tg:lhhs:17355,WritingMaterials,1,kenmerken.lhschrijfhs,in,ink
379005ca-4cb9-539d-a162-b657772806b4,tg:lhhs:15692,WritingMaterials,1,kenmerken.lhschrijfhs,in,ink
e2d9ff2a-c5a3-5219-97aa-98b887f69bfe,tg:lhhs:8049,WritingMaterials,1,kenmerken.lhschrijfhs,in,ink
18b18327-5ea2-5c55-abf0-3a7722025bc8,tg:lhhs:16114,WritingMaterials,1,kenmerken.lhschrijfhs,in,ink
6fd0eebb-111e-5fa4-b4ad-d02951aca96c,tg:lhhs:3605,WritingMaterials,1,kenmerken.lhschrijfhs,in,ink
43ac1ad5-07e6-5b38-b702-9fb2c914f3d2,tg:lhhs:16544,WritingMaterials,1,kenmerken.lhschrijfhs,in,ink
f649f607-b30b-5967-a2ef-8d58f80fc47d,tg:lhhs:14579,WritingMaterials,1,kenmerken.lhschrijfhs,in,ink
ed2a5327-68d2-566d-b0dc-ade67e6880ae,tg:lhhs:10869,WritingMaterials,1,kenmerken.lhschrijfhs,in,ink
4b7c8bb3-91ea-53bc-94e6-543f1787cc48,tg:lhhs:12854,WritingMaterials,1,kenmerken.lhschrijfhs,bi,ball-point pens
300adfcb-76c8-5b40-b67a-892a12701d61,tg:lhhs:14083,WritingMaterials,1,kenmerken.lhschrijfhs,in,ink
e90ffe6d-22e8-5032-bae9-6f90db3a0f5d,tg:lhhs:3255,WritingMaterials,1,kenmerken.lhschrijfhs,in,ink
2eea9c00-4046-5744-8fdf-a9e864efd1b3,tg:lhhs:4590,WritingMaterials,1,kenmerken.lhschrijfhs,in,ink
cefd38c3-c71e-5c12-9ee1-2a51af6a8aab,tg:lhhs:14596,WritingMaterials,1,kenmerken.lhschrijfhs,bi,ball-point pens
86de7254-89b8-5ae3-8865-76fe7126894f,tg:lhhs:13253,WritingMaterials,1,kenmerken.lhschrijfhs,bi,ball-point pens
395120a2-4a0b-50fe-8f96-8b51a5c46f13,tg:lhhs:2852,WritingMaterials,1,kenmerken.lhschrijfhs,pc,pencils (drawing and writing equipment)
5f14ee77-86d0-5481-885b-29dccb19dd2d,tg:lhhs:4085,WritingMaterials,1,kenmerken.lhschrijfhs,in,ink
391f15a0-6fe5-5201-9ce6-7d7483ca7d91,tg:lhhs:3740,WritingMaterials,1,kenmerken.lhschrijfhs,in,ink
568db9b0-197b-569e-a5d3-7b9c430e89c2,tg:lhhs:10886,WritingMaterials,1,kenmerken.lhschrijfhs,in,ink
dfc732d7-5e5c-5b14-8b29-fed3060bbdad,tg:lhhs:13603,WritingMaterials,1,kenmerken.lhschrijfhs,in,ink
568cb5e2-16fc-5827-90bf-864f511b3b07,tg:lhhs:4986,WritingMaterials,1,kenmerken.lhschrijfhs,in,ink
4e6fc505-489a-5039-9e0a-0beab83e8a83,tg:lhhs:7353,WritingMaterials,1,kenmerken.lhschrijfhs,in,ink
f5cd7fe0-84e9-59af-acc7-e1b1a3f3ad2f,tg:lhhs:17640,WritingMaterials,1,kenmerken.lhschrijfhs,in,ink
61549e36-0439-5101-8015-f25e47496562,tg:lhhs:10185,WritingMaterials,1,kenmerken.lhschrijfhs,in,ink
115bf6d7-0a88-552f-8f36-d0be9ed6c374,tg:lhhs:6811,WritingMaterials,1,kenmerken.lhschrijfhs,in,ink
ffce56c0-c045-55e7-ae10-7fecf65290ab,tg:lhhs:7703,WritingMaterials,1,kenmerken.lhschrijfhs,in,ink
425c2f5e-33f2-54ef-adcd-2c70f76309f7,tg:lhhs:17210,WritingMaterials,1,kenmerken.lhschrijfhs,in,ink
19a7dd22-1c96-5236-aa5c-37cf660d8175,tg:lhhs:20163,WritingMaterials,1,kenmerken.lhschrijfhs,in,ink
4465f0c5-6642-506f-b656-6146054b5f83,tg:lhhs:5010,WritingMaterials,1,kenmerken.lhschrijfhs,in,ink
40c1f46d-cd68-586a-8547-27635babd214,tg:lhhs:18331,WritingMaterials,1,kenmerken.lhschrijfhs,bi,ball-point pens
5d0d6def-ce27-5a82-8e7d-48b3a4a94ef9,tg:lhhs:8622,WritingMaterials,1,kenmerken.lhschrijfhs,in,ink
6bf7bffa-4fa3-535e-a731-81807758b574,tg:lhhs:11813,WritingMaterials,1,kenmerken.lhschrijfhs,in,ink
99f4d56c-0ce9-57d8-b639-502c2ccdc016,tg:lhhs:13984,WritingMaterials,1,kenmerken.lhschrijfhs,in,ink
54287653-77e9-53e8-adb5-9f2ec538a8d8,tg:lhhs:5440,WritingMaterials,1,kenmerken.lhschrijfhs,in,ink
cb33c684-8941-5746-b286-c16748ba16c9,tg:lhhs:18761,WritingMaterials,1,kenmerken.lhschrijfhs,in,ink
857e4e5d-2f21-51ed-a228-44bba10ddbdb,tg:lhhs:19873,WritingMaterials,1,kenmerken.lhschrijfhs,in,ink
2adead7a-3a41-5162-a1b5-fb5d0e172abc,tg:lhhs:8272,WritingMaterials,1,kenmerken.lhschrijfhs,pc,pencils (drawing and writing equipment)
00049069-6086-53f4-9cc1-bfbea8a7c749,tg:lhhs:14312,WritingMaterials,1,kenmerken.lhschrijfhs,in,ink
71293a32-51b2-5dc1-a298-5288d8365ee2,tg:lhhs:4601,WritingMaterials,1,kenmerken.lhschrijfhs,in,ink
580776fb-7ebe-5b8b-abbe-e40389732ec9,tg:lhhs:19520,WritingMaterials,1,kenmerken.lhschrijfhs,in,ink
2d9a9d01-df59-5151-b7e2-d6e926d6a039,tg:lhhs:9033,WritingMaterials,1,kenmerken.lhschrijfhs,bi,ball-point pens
f7fc0fa4-ef3c-55b0-a3c6-dcd962ef9fb0,tg:lhhs:11110,WritingMaterials,1,kenmerken.lhschrijfhs,in,ink
e519b0ec-5030-52e5-a013-f438f76ba851,tg:lhhs:9199,WritingMaterials,1,kenmerken.lhschrijfhs,in,ink
