ResourceID,brocade.id,card,order,number,type,Legacy Information Value,Legacy Information Type,Legacy Information Published
a910bf47-9338-565a-a0fa-739407be5464,tg:lhbr:282525,LegacyInformationMerged,1,0,brin,0 brin,groepsbeschrijving,False
2f10f2a8-0190-5141-b496-53068bdd29aa,tg:lhbr:115619,LegacyInformationMerged,1,22,brgr,22 brgr,groepsbeschrijving,False
470014e1-3698-52f8-8131-3757ff5b3fe9,tg:lhbr:132993,LegacyInformationMerged,1,5,brgr,5 brgr,groepsbeschrijving,False
115ab245-ecc9-5020-bb56-57f689083d97,tg:lhbr:163836,LegacyInformationMerged,1,14,brgr,14 brgr,groepsbeschrijving,False
7fad8400-a87c-5930-9c3a-ad5e323646ec,tg:lhbr:152668,LegacyInformationMerged,1,14,brgr,14 brgr,groepsbeschrijving,False
b96857bc-83a6-5b05-80ec-c012cc88ce96,tg:lhbr:131346,LegacyInformationMerged,1,21,brgr,21 brgr,groepsbeschrijving,False
672c8cdd-943b-5f6d-99a3-fb8dfc740397,tg:lhbr:267573,LegacyInformationMerged,1,5,brgr,5 brgr,groepsbeschrijving,False
aaf099a7-d84f-5823-a4cb-e59241e7fc36,tg:lhbr:144246,LegacyInformationMerged,1,21,brgr,21 brgr,groepsbeschrijving,False
32925442-1917-5eb1-abdc-366b583df1b7,tg:lhbr:63130,LegacyInformationMerged,1,1,brgr,1 brgr,groepsbeschrijving,False
730d437c-a958-5c0f-a1f1-dfb7c0aaf7f2,tg:lhbr:280148,LegacyInformationMerged,1,5,brgr,5 brgr,groepsbeschrijving,False
aada6cfb-e901-5e5e-afef-d6c2f54b735b,tg:lhbr:128537,LegacyInformationMerged,1,20,brgr,20 brgr,groepsbeschrijving,False
6e3f44f0-1171-5518-83d4-7c8434c6f2c3,tg:lhbr:291759,LegacyInformationMerged,1,4,brgr,4 brgr,groepsbeschrijving,False
f6780216-4524-5aee-a355-621f393f392a,tg:lhbr:228098,LegacyInformationMerged,1,5,brgr,5 brgr,groepsbeschrijving,False
17674c57-9ecf-5dc9-9d15-e1b24f5814a8,tg:lhbr:144616,LegacyInformationMerged,1,2,brgr,2 brgr,groepsbeschrijving,False
0c504cd4-f61d-593c-bb62-97b0001ca7b6,tg:lhbr:263160,LegacyInformationMerged,1,3,brgr,3 brgr,groepsbeschrijving,False
f9b4e32c-3a4d-5318-a6b1-53188d695404,tg:lhbr:277573,LegacyInformationMerged,1,6,brgr,6 brgr,groepsbeschrijving,False
6c13cd06-2f81-5294-9544-8eaabb8d27e0,tg:lhbr:157893,LegacyInformationMerged,1,2,brgr,2 brgr,groepsbeschrijving,False
27fe323e-9d88-5e70-ade9-2e98d76642b8,tg:lhbr:63833,LegacyInformationMerged,1,1,brgr,1 brgr,groepsbeschrijving,False
57fbb712-6b30-5303-8989-e6d0f946f375,tg:lhbr:159474,LegacyInformationMerged,1,2,brgr,2 brgr,groepsbeschrijving,False
cd863f14-ca8e-540d-b2bd-61fdc603bafa,tg:lhbr:80548,LegacyInformationMerged,1,11,brgr,11 brgr,groepsbeschrijving,False
f8f11d86-cf4c-5a5a-854e-ab4b71b190a7,tg:lhbr:251011,LegacyInformationMerged,1,16,brgr,16 brgr,groepsbeschrijving,False
12116036-61f4-520c-9bed-313871d83770,tg:lhbr:62721,LegacyInformationMerged,1,7,brgr,7 brgr,groepsbeschrijving,False
afd2c2be-5b8a-537e-ba51-64c23a0e8899,tg:lhbr:63999,LegacyInformationMerged,1,5,brgr,5 brgr,groepsbeschrijving,False
bc40ec89-9289-587f-8e8d-c80d6039a4d3,tg:lhbr:68286,LegacyInformationMerged,1,60,brgr,60 brgr,groepsbeschrijving,False
baae3d1c-fa50-5b5f-b861-07672994b986,tg:lhbr:130107,LegacyInformationMerged,1,11,brgr,11 brgr,groepsbeschrijving,False
20b77041-78d3-5f1c-b607-eb7237864813,tg:lhbr:242797,LegacyInformationMerged,1,4,brgr,4 brgr,groepsbeschrijving,False
860613e6-ec51-5d32-8359-1c45efb912da,tg:lhbr:62371,LegacyInformationMerged,1,2,brgr,2 brgr,groepsbeschrijving,False
cae358b3-9a75-5852-90d7-b5e16befe49e,tg:lhbr:242282,LegacyInformationMerged,1,23,brgr,23 brgr,groepsbeschrijving,False
507e3377-940d-57e2-a0d3-ec344481d688,tg:lhbr:213327,LegacyInformationMerged,1,9,brgr,9 brgr,groepsbeschrijving,False
c58e591f-86a7-54d7-ad13-8c94a635d7d7,tg:lhbr:63976,LegacyInformationMerged,1,1,brgr,1 brgr,groepsbeschrijving,False
e21eb0d5-c296-51e7-a688-0dad95005538,tg:lhbr:113372,LegacyInformationMerged,1,11,brgr,11 brgr,groepsbeschrijving,False
9362c05b-45a4-502d-98f2-9c7ddafcf019,tg:lhbr:62664,LegacyInformationMerged,1,1,brgr,1 brgr,groepsbeschrijving,False
c3b725cf-1137-5a00-b62f-f6d4f08aba58,tg:lhbr:229666,LegacyInformationMerged,1,18,brgr,18 brgr,groepsbeschrijving,False
8e5cc05f-a28f-504f-9729-c864eb7ad0d1,tg:lhbr:247080,LegacyInformationMerged,1,2,brgr,2 brgr,groepsbeschrijving,False
f422c6ef-962b-5588-bde0-1c899ced2bb6,tg:lhbr:242778,LegacyInformationMerged,1,2,brgr,2 brgr,groepsbeschrijving,False
38ce8c18-9298-59e0-881d-d56de48e2faa,tg:lhbr:240745,LegacyInformationMerged,1,2,brin,2 brin,groepsbeschrijving,False
8f6b6d01-9eec-5d97-b80d-a07d3506702a,tg:lhbr:53990,LegacyInformationMerged,1,15,brgr,15 brgr,groepsbeschrijving,False
54a8ed07-ca1b-511d-9a21-6c293283a33f,tg:lhbr:62234,LegacyInformationMerged,1,2,brgr,2 brgr,groepsbeschrijving,False
ed46ea26-883b-58b9-9991-3c5b76da24bf,tg:lhbr:267965,LegacyInformationMerged,1,5,brgr,5 brgr,groepsbeschrijving,False
03650a19-eee4-5a61-9593-1c41888955de,tg:lhbr:142687,LegacyInformationMerged,1,1,brgr,1 brgr,groepsbeschrijving,False
8c3bf5e3-be88-5543-8591-c8620185f243,tg:lhbr:257829,LegacyInformationMerged,1,7,brgr,7 brgr,groepsbeschrijving,False
07583167-add6-5dbf-81f4-843a7d994acf,tg:lhbr:229236,LegacyInformationMerged,1,4,brgr,4 brgr,groepsbeschrijving,False
2e714683-d77a-5d80-be6f-884e03508695,tg:lhbr:149862,LegacyInformationMerged,1,38,brgr,38 brgr,groepsbeschrijving,False
3eeb3e7d-16a4-57b1-8612-21e9fdeca9f4,tg:lhbr:14148,LegacyInformationMerged,1,24,brgr,24 brgr,groepsbeschrijving,False
716eb354-3c07-5bd3-a8ce-702ed2929410,tg:lhbr:78793,LegacyInformationMerged,1,1,brgr,1 brgr,groepsbeschrijving,False
183d8155-75d9-5633-8774-b6c20a3a0a82,tg:lhbr:286970,LegacyInformationMerged,1,1,brgr,1 brgr,groepsbeschrijving,False
f7ec7546-07ef-508b-8da9-b83005b30ca3,tg:lhbr:61048,LegacyInformationMerged,1,2,brgr,2 brgr,groepsbeschrijving,False
ab96e2a6-3217-5d5e-b99c-3fd942cb211f,tg:lhbr:109285,LegacyInformationMerged,1,27,brgr,27 brgr,groepsbeschrijving,False
bbe353e0-83ef-5ba4-a748-87608af838af,tg:lhbr:63075,LegacyInformationMerged,1,5,brgr,5 brgr,groepsbeschrijving,False
683b435b-3e96-58b8-a883-8244232db92e,tg:lhbr:282460,LegacyInformationMerged,1,3,brin,3 brin,groepsbeschrijving,False
20b65ecc-b73c-5286-9d43-e0cb7d836dc9,tg:lhbr:287398,LegacyInformationMerged,1,1,brgr,1 brgr,groepsbeschrijving,False
68647431-7e16-5371-9b54-ba67a26a4ff6,tg:lhbr:241154,LegacyInformationMerged,1,15,brgr,15 brgr,groepsbeschrijving,False
16ce3bf5-5bf8-5ea5-b2fd-0e364f224967,tg:lhbr:208838,LegacyInformationMerged,1,17,brgr,17 brgr,groepsbeschrijving,False
d5927f8e-b75f-5f2c-ac6a-528452d50da0,tg:lhbr:179187,LegacyInformationMerged,1,46,brgr,46 brgr,groepsbeschrijving,False
e4d97299-276d-5add-9df1-35313a32e7fb,tg:lhbr:157485,LegacyInformationMerged,1,10,brgr,10 brgr,groepsbeschrijving,False
485d293a-1080-5020-8762-0381f89c30d3,tg:lhbr:14518,LegacyInformationMerged,1,17,brgr,17 brgr,groepsbeschrijving,False
7fed2e48-828a-5a5c-b191-6d9268b82432,tg:lhbr:61418,LegacyInformationMerged,1,4,brgr,4 brgr,groepsbeschrijving,False
11dd8575-83c1-5777-ae9a-b1acd1d76429,tg:lhbr:63425,LegacyInformationMerged,1,1,brgr,1 brgr,groepsbeschrijving,False
eb94de21-445f-58a4-99b6-e616c3cb87b8,tg:lhbr:35245,LegacyInformationMerged,1,6,brgr,6 brgr,groepsbeschrijving,False
b6c622b4-cdc3-57c5-b97b-2fc53c574d8b,tg:lhbr:82963,LegacyInformationMerged,1,14,brgr,14 brgr,groepsbeschrijving,False
d4af5f2d-8ba6-5fd0-a5da-4dc1a8a79738,tg:lhbr:92060,LegacyInformationMerged,1,29,brgr,29 brgr,groepsbeschrijving,False
c122154a-bc90-55c0-9e82-ec545d99af53,tg:lhbr:243539,LegacyInformationMerged,1,2,brgr,2 brgr,groepsbeschrijving,False
a4e43580-05b0-548e-a64b-16c91254df40,tg:lhbr:145791,LegacyInformationMerged,1,1,brgr,1 brgr,groepsbeschrijving,False
429c4ba9-d267-5f06-932b-8971c2ed800d,tg:lhbr:85176,LegacyInformationMerged,1,17,brgr,17 brgr,groepsbeschrijving,False
b594d1df-c80d-5663-921f-ce6da8b1110e,tg:lhbr:284367,LegacyInformationMerged,1,0,brin,0 brin,groepsbeschrijving,False
cf1c43db-1030-51db-a425-6f401158b236,tg:lhbr:159618,LegacyInformationMerged,1,28,brgr,28 brgr,groepsbeschrijving,False
a1f96e76-3e9e-52bc-98e4-4d1d9fbe8cd1,tg:lhbr:214231,LegacyInformationMerged,1,7,brgr,7 brgr,groepsbeschrijving,False
e5162864-adf0-541e-b977-cb91235562d7,tg:lhbr:103958,LegacyInformationMerged,1,17,brgr,17 brgr,groepsbeschrijving,False
5ad99cdc-1631-577b-9c30-1965a1eb1248,tg:lhbr:33112,LegacyInformationMerged,1,17,brgr,17 brgr,groepsbeschrijving,False
84d92729-06c2-5f54-9a80-ca6e5f1fc204,tg:lhbr:125169,LegacyInformationMerged,1,6,brgr,6 brgr,groepsbeschrijving,False
141d0d35-2537-5d8d-a976-196da22be9e9,tg:lhbr:61731,LegacyInformationMerged,1,2,brgr,2 brgr,groepsbeschrijving,False
490fa89c-f52b-5804-b51f-c68105b98457,tg:lhbr:293508,LegacyInformationMerged,1,11,brgr,11 brgr,groepsbeschrijving,False
e9cef96e-4521-5cae-91fd-9048e5e60db8,tg:lhbr:61361,LegacyInformationMerged,1,8,brgr,8 brgr,groepsbeschrijving,False
37ef568a-2d40-55c7-bbea-8ba078efaf29,tg:lhbr:95526,LegacyInformationMerged,1,4,brgr,4 brgr,groepsbeschrijving,False
41e23669-a2cd-52e4-a7c4-8a7a91ffbab7,tg:lhbr:60989,LegacyInformationMerged,1,2,brgr,2 brgr,groepsbeschrijving,False
1e2c4630-cf54-5265-afa1-60ab576344f1,tg:lhbr:231485,LegacyInformationMerged,1,6,brgr,6 brgr,groepsbeschrijving,False
010c6288-6465-513a-97f1-4b58e392ff6e,tg:lhbr:189916,LegacyInformationMerged,1,1,brgr,1 brgr,groepsbeschrijving,False
eeff81f7-3b10-522c-b11b-d2e40f03c085,tg:lhbr:32216,LegacyInformationMerged,1,29,brgr,29 brgr,groepsbeschrijving,False
4ea1a7b7-4e9b-5be2-846c-603415aee7ee,tg:lhbr:63649,LegacyInformationMerged,1,3,brgr,3 brgr,groepsbeschrijving,False
fa4272f3-a035-5a2e-94b7-d2c8d8112c1f,tg:lhbr:219815,LegacyInformationMerged,1,14,brgr,14 brgr,groepsbeschrijving,False
90954f7c-773e-5851-a03d-45ceddf1b13b,tg:lhbr:61674,LegacyInformationMerged,1,1,brgr,1 brgr,groepsbeschrijving,False
799fdfd8-70ff-545e-b5bf-12f0c453d53b,tg:lhbr:60966,LegacyInformationMerged,1,1,brgr,1 brgr,groepsbeschrijving,False
8edf953f-ff6e-5aa2-a2c5-252326268ff3,tg:lhbr:101089,LegacyInformationMerged,1,13,brgr,13 brgr,groepsbeschrijving,False
1d9b6f3a-eaff-58cd-9004-3f1ee34974ff,tg:lhbr:215565,LegacyInformationMerged,1,4,brgr,4 brgr,groepsbeschrijving,False
25de75bb-6c2f-5f8d-9d9d-9d25ec7d355c,tg:lhbr:35183,LegacyInformationMerged,1,36,brgr,36 brgr,groepsbeschrijving,False
21f643d7-62fb-503d-ad8d-ad39b037a72b,tg:lhbr:109513,LegacyInformationMerged,1,21,brgr,21 brgr,groepsbeschrijving,False
1e4cdaa5-c22a-515f-8f1d-4473316871f7,tg:lhbr:201176,LegacyInformationMerged,1,4,brgr,4 brgr,groepsbeschrijving,False
fa629e87-6899-5c6e-8ccd-e6ec9ac48f95,tg:lhbr:143350,LegacyInformationMerged,1,11,brgr,11 brgr,groepsbeschrijving,False
789ad3ad-5a03-586e-a26f-0a7ab28d4c80,tg:lhbr:7918,LegacyInformationMerged,1,22,brgr,22 brgr,groepsbeschrijving,False
82d456b8-d6d9-5dd9-bd34-44153e11e412,tg:lhbr:61224,LegacyInformationMerged,1,2,brgr,2 brgr,groepsbeschrijving,False
e53465f5-5e31-55d6-87bc-4a3bfd810a17,tg:lhbr:45281,LegacyInformationMerged,1,9,brgr,9 brgr,groepsbeschrijving,False
120efc47-ff9e-594d-b193-92a5fabbdbd6,tg:lhbr:215836,LegacyInformationMerged,1,3,brgr,3 brgr,groepsbeschrijving,False
76f5f7b8-bcce-5dc0-8d49-bbd7ae5e3ee2,tg:lhbr:284388,LegacyInformationMerged,1,0,brin,0 brin,groepsbeschrijving,False
c18aaab6-6804-5cd9-a4cf-ab29bbc437a0,tg:lhbr:235079,LegacyInformationMerged,1,6,brgr,6 brgr,groepsbeschrijving,False
98108156-212e-5c2d-bf14-e180df50ac74,tg:lhbr:62058,LegacyInformationMerged,1,1,brgr,1 brgr,groepsbeschrijving,False
7c07dd9c-daf1-5eab-a349-1720829b1546,tg:lhbr:264426,LegacyInformationMerged,1,2,brin,2 brin,groepsbeschrijving,False
ea9aaba5-cd73-587d-be60-75d9c293cca0,tg:lhbr:127912,LegacyInformationMerged,1,11,brgr,11 brgr,groepsbeschrijving,False
eba72099-4490-596f-bc4b-1bbab69f5e12,tg:lhbr:240483,LegacyInformationMerged,1,2,brin,2 brin,groepsbeschrijving,False
c5953db5-32d2-5a34-a94f-1f45e6f9c3a5,tg:lhbr:152812,LegacyInformationMerged,1,19,brgr,19 brgr,groepsbeschrijving,False
9b712e85-cf77-5f0e-9860-c79403494e5a,tg:lhbr:289410,LegacyInformationMerged,1,2,brin,2 brin,groepsbeschrijving,False
5baa18e7-724d-5193-9bdb-0637171a520d,tg:lhbr:156152,LegacyInformationMerged,1,181,brgr,181 brgr,groepsbeschrijving,False
7f0c6ff4-d8d0-5261-adf4-a58eb1c05deb,tg:lhbr:55281,LegacyInformationMerged,1,2,brgr,2 brgr,groepsbeschrijving,False
3d373413-8b4f-5eae-b814-53bf71db13f1,tg:lhbr:57746,LegacyInformationMerged,1,16,brgr,16 brgr,groepsbeschrijving,False
1ae90d10-12c6-573d-af63-7a6b61d9453c,tg:lhbr:232616,LegacyInformationMerged,1,2,brgr,2 brgr,groepsbeschrijving,False
b2820c67-518f-59db-b387-ea19d374653a,tg:lhbr:205565,LegacyInformationMerged,1,2,brgr,2 brgr,groepsbeschrijving,False
f64e039f-72a3-5eb4-9fb2-7cbacd604249,tg:lhbr:5026,LegacyInformationMerged,1,25,brgr,25 brgr,groepsbeschrijving,False
47db12d3-5c17-5679-be09-e3b12e027b88,tg:lhbr:62408,LegacyInformationMerged,1,1,brgr,1 brgr,groepsbeschrijving,False
7b7d5aa0-6be5-59a1-bf6e-31e840b30ace,tg:lhbr:233904,LegacyInformationMerged,1,15,brgr,15 brgr,groepsbeschrijving,False
577e1e14-d8b6-5185-b101-f48d372222f5,tg:lhbr:68005,LegacyInformationMerged,1,14,brgr,14 brgr,groepsbeschrijving,False
376701b4-2e27-5bd7-b619-8cfb5b521470,tg:lhbr:62326,LegacyInformationMerged,1,1,brgr,1 brgr,groepsbeschrijving,False
4408062b-d8e5-54b0-a45d-0da85a28b57f,tg:lhbr:145050,LegacyInformationMerged,1,36,brgr,36 brgr,groepsbeschrijving,False
9b28cfae-9395-5ca1-9208-f4534b70c2ea,tg:lhbr:57592,LegacyInformationMerged,1,12,brgr,12 brgr,groepsbeschrijving,False
e28f7bc0-140c-5719-a4a5-53e19c16197b,tg:lhbr:202074,LegacyInformationMerged,1,3,brgr,3 brgr,groepsbeschrijving,False
1c037c75-97c3-543a-b2ff-0481bf1ee1e3,tg:lhbr:229324,LegacyInformationMerged,1,12,brgr,12 brgr,groepsbeschrijving,False
5cf469b9-b147-5c50-8605-4eaa9a408da2,tg:lhbr:183766,LegacyInformationMerged,1,3,brgr,3 brgr,groepsbeschrijving,False
502fa53b-d191-5bf4-a2bb-123041ed4d9c,tg:lhbr:93763,LegacyInformationMerged,1,54,brgr,54 brgr,groepsbeschrijving,False
62ab3257-65b2-5615-9682-c70bd4d0a47c,tg:lhbr:240207,LegacyInformationMerged,1,2,brin,2 brin,groepsbeschrijving,False
663c841b-c8f2-5a4b-83a8-24f0d1f411b7,tg:lhbr:222991,LegacyInformationMerged,1,10,brgr,10 brgr,groepsbeschrijving,False
9f22cd59-df89-5000-8f4d-437ee62b43d7,tg:lhbr:14959,LegacyInformationMerged,1,13,brgr,13 brgr,groepsbeschrijving,False
eb173ed9-f1c8-583e-9bd6-25964c886221,tg:lhbr:248267,LegacyInformationMerged,1,14,brgr,14 brgr,groepsbeschrijving,False
89045cf6-3319-5d21-a90b-35727485c759,tg:lhbr:129721,LegacyInformationMerged,1,8,brgr,8 brgr,groepsbeschrijving,False
39b72819-de9c-5cb1-ad65-6b601ff4804a,tg:lhbr:275519,LegacyInformationMerged,1,4,brgr,4 brgr,groepsbeschrijving,False
11d27e81-2f5e-5a6b-a368-665b405eb3b5,tg:lhbr:63537,LegacyInformationMerged,1,1,brgr,1 brgr,groepsbeschrijving,False
127ed820-1632-57c6-9d2a-acb420262445,tg:lhbr:49975,LegacyInformationMerged,1,23,brgr,23 brgr,groepsbeschrijving,False
2dda2eb2-2442-52e0-b481-29e9bfc97d8f,tg:lhbr:234516,LegacyInformationMerged,1,8,brgr,8 brgr,groepsbeschrijving,False
a96b1cc4-b7f1-5799-8972-3781c085bcbb,tg:lhbr:120150,LegacyInformationMerged,1,11,brgr,11 brgr,groepsbeschrijving,False
46acfed3-7068-5a6d-8e0a-9e34821efd17,tg:lhbr:228535,LegacyInformationMerged,1,26,brgr,26 brgr,groepsbeschrijving,False
6021d0e3-85e1-56e4-a0f6-ba759a1e5228,tg:lhbr:72326,LegacyInformationMerged,1,4,brgr,4 brgr,groepsbeschrijving,False
b59ec2f4-eabe-5b49-b1fe-438fd73c586b,tg:lhbr:182177,LegacyInformationMerged,1,8,brgr,8 brgr,groepsbeschrijving,False
b8b56a0c-3fce-5feb-b6d0-b61cf3cb4ccd,tg:lhbr:134543,LegacyInformationMerged,1,25,brgr,25 brgr,groepsbeschrijving,False
81cd0c15-f40a-5db9-a7b6-feae348c81a0,tg:lhbr:41915,LegacyInformationMerged,1,1,brgr,1 brgr,groepsbeschrijving,False
61613405-1d2c-59e9-a5a3-377a826f659d,tg:lhbr:286862,LegacyInformationMerged,1,1,brgr,1 brgr,groepsbeschrijving,False
95a54c28-5dcd-5731-9507-2258914eb900,tg:lhbr:109397,LegacyInformationMerged,1,85,brgr,85 brgr,groepsbeschrijving,False
a745b1e1-b118-5966-ba59-3bc5b4670086,tg:lhbr:63167,LegacyInformationMerged,1,1,brgr,1 brgr,groepsbeschrijving,False
43ec3d03-b2a1-5a4b-8a2f-084f166f7223,tg:lhbr:282572,LegacyInformationMerged,1,0,brin,0 brin,groepsbeschrijving,False
d31749da-4f9d-5f47-8e74-63a9e8e76ab9,tg:lhbr:276335,LegacyInformationMerged,1,8,brin,8 brin,groepsbeschrijving,False
260ddb40-ef6c-5d83-9f21-d63a24f65bc9,tg:lhbr:274308,LegacyInformationMerged,1,2,brin,2 brin,groepsbeschrijving,False
78f27027-09b1-558d-9c22-950706a382b7,tg:lhbr:63188,LegacyInformationMerged,1,2,brgr,2 brgr,groepsbeschrijving,False
3a73b430-54b6-5162-992d-f540af113e17,tg:lhbr:246296,LegacyInformationMerged,1,24,brgr,24 brgr,groepsbeschrijving,False
3c8bf63d-5f58-5027-851b-4555bae3f381,tg:lhbr:118093,LegacyInformationMerged,1,2,brgr,2 brgr,groepsbeschrijving,False
dbfb862c-8e13-5edb-8e53-aacae5907c27,tg:lhbr:24403,LegacyInformationMerged,1,26,brgr,26 brgr,groepsbeschrijving,False
3ac3e6e2-0070-5424-9ffe-1d96fb301439,tg:lhbr:95208,LegacyInformationMerged,1,43,brgr,43 brgr,groepsbeschrijving,False
47a36525-836d-590f-a26a-b0b780907559,tg:lhbr:290959,LegacyInformationMerged,1,8,brgr,8 brgr,groepsbeschrijving,False
04ff99e3-0ac4-5cfb-88dd-fb7d3b9b74ad,tg:lhbr:63472,LegacyInformationMerged,1,4,brgr,4 brgr,groepsbeschrijving,False
75bed9f6-1178-5e67-bca8-55f9672cba3b,tg:lhbr:66220,LegacyInformationMerged,1,5,brgr,5 brgr,groepsbeschrijving,False
fed870b5-3fbf-5e74-a7ab-125a9e8a6640,tg:lhbr:51153,LegacyInformationMerged,1,9,brgr,9 brgr,groepsbeschrijving,False
31be80e1-1b4c-59a8-aa48-cb5df2922df6,tg:lhbr:212561,LegacyInformationMerged,1,21,brgr,21 brgr,groepsbeschrijving,False
2bc6f635-9624-52d4-b1bf-2370fabef297,tg:lhbr:133269,LegacyInformationMerged,1,15,brgr,15 brgr,groepsbeschrijving,False
f1848df5-3663-51a1-a25c-3037616ac754,tg:lhbr:139664,LegacyInformationMerged,1,23,brgr,23 brgr,groepsbeschrijving,False
0120f56a-cb7b-54a6-a7ab-2e517d14fc4f,tg:lhbr:63022,LegacyInformationMerged,1,1,brgr,1 brgr,groepsbeschrijving,False
e3030b20-c0ff-56d8-81b9-8f92c4141905,tg:lhbr:286927,LegacyInformationMerged,1,2,brgr,2 brgr,groepsbeschrijving,False
58090dae-0e6a-5310-897c-c74ec36e77a5,tg:lhbr:173027,LegacyInformationMerged,1,7,brgr,7 brgr,groepsbeschrijving,False
1ac99088-4d76-50c5-a670-d7003918a880,tg:lhbr:202131,LegacyInformationMerged,1,2,brgr,2 brgr,groepsbeschrijving,False
5e0761ed-d4be-5cf6-ad20-102b45328994,tg:lhbr:62799,LegacyInformationMerged,1,1,brgr,1 brgr,groepsbeschrijving,False
9f1c3038-542e-5d13-9f5c-974556225098,tg:lhbr:213720,LegacyInformationMerged,1,6,brgr,6 brgr,groepsbeschrijving,False
715e7faa-175e-531e-9f7a-24cf956ad68c,tg:lhbr:289781,LegacyInformationMerged,1,24,brgr,24 brgr,groepsbeschrijving,False
d2989107-fd08-5a6e-bfa8-d3bf2938eb89,tg:lhbr:224453,LegacyInformationMerged,1,29,brgr,29 brgr,groepsbeschrijving,False
dde505a8-278b-56aa-86a3-876fe55cc0b3,tg:lhbr:267932,LegacyInformationMerged,1,20,brgr,20 brgr,groepsbeschrijving,False
4a4046fb-3492-5751-9c62-43067efa139d,tg:lhbr:62263,LegacyInformationMerged,1,1,brgr,1 brgr,groepsbeschrijving,False
b1672ef4-03c1-5791-8f6f-bb62b79dd415,tg:lhbr:82037,LegacyInformationMerged,1,13,brgr,13 brgr,groepsbeschrijving,False
754f0686-9802-54e6-956a-2305e0d49295,tg:lhbr:229631,LegacyInformationMerged,1,21,brgr,21 brgr,groepsbeschrijving,False
3c43025b-ba13-57d4-b396-ef7ed39335b3,tg:lhbr:140747,LegacyInformationMerged,1,18,brgr,18 brgr,groepsbeschrijving,False
37f50d84-7070-5124-917a-2ee51b709e82,tg:lhbr:25642,LegacyInformationMerged,1,2,brgr,2 brgr,groepsbeschrijving,False
07881b6e-6750-5530-8420-f087b306d0ff,tg:lhbr:113325,LegacyInformationMerged,1,1,brgr,1 brgr,groepsbeschrijving,False
8355d46a-1b5a-5175-87ed-f989df57cc70,tg:lhbr:63921,LegacyInformationMerged,1,1,brgr,1 brgr,groepsbeschrijving,False
88b4dedc-ea5b-53db-b9b3-d5a1f1d600fc,tg:lhbr:138075,LegacyInformationMerged,1,17,brgr,17 brgr,groepsbeschrijving,False
b023a0da-6e15-5b42-8b9e-0c2f1d6252d3,tg:lhbr:40191,LegacyInformationMerged,1,22,brgr,22 brgr,groepsbeschrijving,False
b0249938-2cdf-5823-b109-efd1b8827043,tg:lhbr:267748,LegacyInformationMerged,1,15,brin,15 brin,groepsbeschrijving,False
3f29c1eb-c011-5b14-97b1-b752261b9678,tg:lhbr:141785,LegacyInformationMerged,1,2,brgr,2 brgr,groepsbeschrijving,False
ca4b3186-267c-5ebe-8a3a-420e1d9beed5,tg:lhbr:61336,LegacyInformationMerged,1,19,brgr,19 brgr,groepsbeschrijving,False
5ca94c88-c785-5a25-bdbe-1a418da7dbf0,tg:lhbr:6718,LegacyInformationMerged,1,10,brgr,10 brgr,groepsbeschrijving,False
5651c8d7-6b61-5505-86c0-61adff8e7107,tg:lhbr:68814,LegacyInformationMerged,1,15,brgr,15 brgr,groepsbeschrijving,False
01b80a5d-304d-5cee-99e8-4f8c59d7eb87,tg:lhbr:209004,LegacyInformationMerged,1,12,brgr,12 brgr,groepsbeschrijving,False
c29fae3e-0cbb-5444-ae12-0ee1ea5547c6,tg:lhbr:98713,LegacyInformationMerged,1,19,brgr,19 brgr,groepsbeschrijving,False
bd40be8f-c9d7-54aa-b6b4-e7df3fee7bec,tg:lhbr:61766,LegacyInformationMerged,1,6,brgr,6 brgr,groepsbeschrijving,False
076de4f7-9f58-5fb7-a5dd-7269a856b6bb,tg:lhbr:62849,LegacyInformationMerged,1,3,brgr,3 brgr,groepsbeschrijving,False
0a461f96-ce16-501e-8d00-edb2eee648c6,tg:lhbr:185124,LegacyInformationMerged,1,9,brgr,9 brgr,groepsbeschrijving,False
e1da0652-62db-57d9-9d50-0083bb444538,tg:lhbr:289502,LegacyInformationMerged,1,2,brin,2 brin,groepsbeschrijving,False
3bb495f2-6d6e-5787-ab9c-edfbaf20306f,tg:lhbr:44078,LegacyInformationMerged,1,12,brgr,12 brgr,groepsbeschrijving,False
6276fbbf-02a5-55b0-8848-93f4e7a4b374,tg:lhbr:229518,LegacyInformationMerged,1,32,brgr,32 brgr,groepsbeschrijving,False
c5e85f5c-9d49-58f7-a8b9-f27ac340abe0,tg:lhbr:284330,LegacyInformationMerged,1,0,brin,0 brin,groepsbeschrijving,False
60aec1e1-9996-50ed-a10e-c8a2e9d54057,tg:lhbr:80773,LegacyInformationMerged,1,33,brgr,33 brgr,groepsbeschrijving,False
5a4ece9f-28ca-588b-ae1b-db42ddadd33a,tg:lhbr:25091,LegacyInformationMerged,1,180,brgr,180 brgr,groepsbeschrijving,False
eb23039d-b51e-56d7-9c89-fa90fe55f9df,tg:lhbr:44428,LegacyInformationMerged,1,30,brgr,30 brgr,groepsbeschrijving,False
c4dbe33f-6455-5953-87b6-547ca3a6ac9d,tg:lhbr:19957,LegacyInformationMerged,1,16,brgr,16 brgr,groepsbeschrijving,False
50ab0022-541d-5006-a3e4-9603ed8cb4fb,tg:lhbr:197119,LegacyInformationMerged,1,16,brgr,16 brgr,groepsbeschrijving,False
03594c21-b61d-5c77-891e-6f014a1fe2f2,tg:lhbr:229148,LegacyInformationMerged,1,6,brgr,6 brgr,groepsbeschrijving,False
cce9491d-acb6-5ee5-a582-83f1b651ba48,tg:lhbr:251380,LegacyInformationMerged,1,2,brgr,2 brgr,groepsbeschrijving,False
267d9172-78f0-5989-b5bf-8d0655b425f5,tg:lhbr:264534,LegacyInformationMerged,1,3,brin,3 brin,groepsbeschrijving,False
c68d767f-7465-516e-9897-a4ab2e04c3b6,tg:lhbr:57204,LegacyInformationMerged,1,9,brgr,9 brgr,groepsbeschrijving,False
a69187dd-ff32-520b-8695-41f0a4150550,tg:lhbr:230369,LegacyInformationMerged,1,6,brgr,6 brgr,groepsbeschrijving,False
eb0d1c1d-e54a-5617-8306-c28d9457a78c,tg:lhbr:138219,LegacyInformationMerged,1,2,brgr,2 brgr,groepsbeschrijving,False
61002e81-2504-5eaf-b323-6d1938425838,tg:lhbr:290666,LegacyInformationMerged,1,2,brgr,2 brgr,groepsbeschrijving,False
b6b301d8-0171-593d-8b5e-1e1c83a5fa3e,tg:lhbr:133906,LegacyInformationMerged,1,25,brgr,25 brgr,groepsbeschrijving,False
8d1e39ff-4b89-5736-be1c-16fdd1023865,tg:lhbr:88206,LegacyInformationMerged,1,1,brgr,1 brgr,groepsbeschrijving,False
6fbc47b2-508f-55a5-8f81-666ce7dbd3f1,tg:lhbr:289447,LegacyInformationMerged,1,2,brin,2 brin,groepsbeschrijving,False
2172ad53-fbc6-5d24-97e3-8f7b6d3d1584,tg:lhbr:129408,LegacyInformationMerged,1,41,brgr,41 brgr,groepsbeschrijving,False
32cdedf8-2695-5834-9d5c-999658a24074,tg:lhbr:230386,LegacyInformationMerged,1,2,brgr,2 brgr,groepsbeschrijving,False
f94b61bc-c087-5b70-8fa7-9f6c809350f6,tg:lhbr:50484,LegacyInformationMerged,1,26,brgr,26 brgr,groepsbeschrijving,False
d2dc0a1e-25c8-5810-aec3-243975fce556,tg:lhbr:264471,LegacyInformationMerged,1,2,brin,2 brin,groepsbeschrijving,False
322e4aed-0c20-5bab-8700-ea88eace1fc4,tg:lhbr:22241,LegacyInformationMerged,1,26,brgr,26 brgr,groepsbeschrijving,False
99395fbe-1c04-55ef-a56a-b310fffc5b35,tg:lhbr:164424,LegacyInformationMerged,1,82,brgr,82 brgr,groepsbeschrijving,False
228dbd7f-5761-5b6a-8314-ffc55fc959ab,tg:lhbr:226602,LegacyInformationMerged,1,4,brgr,4 brgr,groepsbeschrijving,False
6aa9d8d9-e274-5f5b-9748-6b1a276e14d9,tg:lhbr:71623,LegacyInformationMerged,1,67,brgr,67 brgr,groepsbeschrijving,False
6b9a6341-cbc5-5897-9512-af84c80c1cbc,tg:lhbr:287459,LegacyInformationMerged,1,1,brgr,1 brgr,groepsbeschrijving,False
f961cb44-1ee3-5b96-b609-b72bd8561e1a,tg:lhbr:61273,LegacyInformationMerged,1,2,brgr,2 brgr,groepsbeschrijving,False
0907b0c6-8163-5876-87f1-db5992e954bc,tg:lhbr:271223,LegacyInformationMerged,1,2,brgr,2 brgr,groepsbeschrijving,False
eed190b6-3e70-5335-b9a4-0ac829cca412,tg:lhbr:241695,LegacyInformationMerged,1,3,brgr,3 brgr,groepsbeschrijving,False
a910a039-0019-5872-8683-2bdb4253375a,tg:lhbr:46803,LegacyInformationMerged,1,12,brgr,12 brgr,groepsbeschrijving,False
268a5f57-1025-514b-8cbc-ec86100de7c3,tg:lhbr:215532,LegacyInformationMerged,1,5,brgr,5 brgr,groepsbeschrijving,False
8337b2c9-7abf-5d66-9422-488aac2e4a73,tg:lhbr:181921,LegacyInformationMerged,1,25,brgr,25 brgr,groepsbeschrijving,False
4ca0ae56-0bc5-596d-a860-d2e63e17b1ec,tg:lhbr:283949,LegacyInformationMerged,1,82,brgr,82 brgr,groepsbeschrijving,False
bddd14b8-d394-53d5-ad2d-2654776acc98,tg:lhbr:61789,LegacyInformationMerged,1,1,brgr,1 brgr,groepsbeschrijving,False
3334b895-fb18-53d8-9bbc-6ab34566d3c5,tg:lhbr:201121,LegacyInformationMerged,1,2,brgr,2 brgr,groepsbeschrijving,False
df700bd4-1060-5225-b657-06c91b31f2a7,tg:lhbr:109544,LegacyInformationMerged,1,21,brgr,21 brgr,groepsbeschrijving,False
cfdab6fa-ff8d-5823-b225-a424fcd4e592,tg:lhbr:122614,LegacyInformationMerged,1,16,brgr,16 brgr,groepsbeschrijving,False
cd5508a1-29a5-5ab2-8f4a-4b5a5ec427ff,tg:lhbr:98206,LegacyInformationMerged,1,2,brgr,2 brgr,groepsbeschrijving,False
83c06d6e-99e0-5670-88ca-a88f2bdddab9,tg:lhbr:61623,LegacyInformationMerged,1,1,brgr,1 brgr,groepsbeschrijving,False
9f65d41a-7dce-5d3c-82e8-17bf48bd90cd,tg:lhbr:287009,LegacyInformationMerged,1,1,brgr,1 brgr,groepsbeschrijving,False
4a9df394-8157-520a-b56b-00eb3abb1024,tg:lhbr:60931,LegacyInformationMerged,1,1,brgr,1 brgr,groepsbeschrijving,False
4d3aa32d-56e4-5fb8-90f1-172185b64267,tg:lhbr:146555,LegacyInformationMerged,1,11,brgr,11 brgr,groepsbeschrijving,False
3350ed1e-e5cc-5e1b-bcf3-19fc3666e893,tg:lhbr:89047,LegacyInformationMerged,1,1,brgr,1 brgr,groepsbeschrijving,False
669e6370-1cd8-5e6d-9160-cef6c7aa8598,tg:lhbr:243702,LegacyInformationMerged,1,16,brgr,16 brgr,groepsbeschrijving,False
68077963-11c0-5114-9ad8-1356567f2f64,tg:lhbr:85967,LegacyInformationMerged,1,54,brgr,54 brgr,groepsbeschrijving,False
a067cc8d-31cb-5737-add7-26b9f6975ac5,tg:lhbr:201571,LegacyInformationMerged,1,2,brgr,2 brgr,groepsbeschrijving,False
428852a4-fd97-5fb0-8b41-4ee7a89f5b97,tg:lhbr:52840,LegacyInformationMerged,1,14,brgr,14 brgr,groepsbeschrijving,False
b05f07e2-afe2-5f6f-a6c7-86499948b9e6,tg:lhbr:109114,LegacyInformationMerged,1,15,brgr,15 brgr,groepsbeschrijving,False
cc42f8ba-0cb5-5526-8b5d-c5a48f349005,tg:lhbr:38123,LegacyInformationMerged,1,16,brgr,16 brgr,groepsbeschrijving,False
89acc8da-094d-5d18-bd4a-83a5b37263c8,tg:lhbr:69086,LegacyInformationMerged,1,34,brgr,34 brgr,groepsbeschrijving,False
39fd5884-3b29-5115-a0f9-fee3d1d87ddf,tg:lhbr:118590,LegacyInformationMerged,1,66,brgr,66 brgr,groepsbeschrijving,False
11708d7f-2b7e-57b0-b766-6891abb41e3c,tg:lhbr:59430,LegacyInformationMerged,1,14,brgr,14 brgr,groepsbeschrijving,False
efac4ba6-9546-5900-aaa8-fc438c3e029b,tg:lhbr:182531,LegacyInformationMerged,1,6,brgr,6 brgr,groepsbeschrijving,False
4803e9c4-3a75-5687-9203-694c8b75dc55,tg:lhbr:282564,LegacyInformationMerged,1,0,brin,0 brin,groepsbeschrijving,False
9946388e-ca27-5d7b-8d80-2202d793e8ef,tg:lhbr:286874,LegacyInformationMerged,1,1,brgr,1 brgr,groepsbeschrijving,False
c2da464c-0b24-5e5f-80fe-a342fd245719,tg:lhbr:250641,LegacyInformationMerged,1,25,brgr,25 brgr,groepsbeschrijving,False
a3ca18f5-5203-5a4b-a958-13c9dbeb2def,tg:lhbr:63171,LegacyInformationMerged,1,1,brgr,1 brgr,groepsbeschrijving,False
52821d89-554d-5254-b623-883d2011d310,tg:lhbr:78697,LegacyInformationMerged,1,19,brgr,19 brgr,groepsbeschrijving,False
b5c9ed16-4586-5a8d-ad33-9bed8bd1c4eb,tg:lhbr:225741,LegacyInformationMerged,1,6,brgr,6 brgr,groepsbeschrijving,False
ad28e8cf-e3ff-5400-9963-f81a86dcdf36,tg:lhbr:222084,LegacyInformationMerged,1,6,brgr,6 brgr,groepsbeschrijving,False
949dee0c-275a-5f44-bb06-d4465d99359a,tg:lhbr:150614,LegacyInformationMerged,1,2,brgr,2 brgr,groepsbeschrijving,False
e7057a09-732f-548e-99de-849b9c409d29,tg:lhbr:144657,LegacyInformationMerged,1,11,brgr,11 brgr,groepsbeschrijving,False
0b4b2355-425e-556a-93d7-4ea320a3e3e8,tg:lhbr:287336,LegacyInformationMerged,1,1,brgr,1 brgr,groepsbeschrijving,False
aaa01f2c-6465-559b-8ecd-4fec102eb51c,tg:lhbr:263988,LegacyInformationMerged,1,7,brgr,7 brgr,groepsbeschrijving,False
2d5e1560-ffe5-5a06-b6fc-cc43207c42c3,tg:lhbr:63521,LegacyInformationMerged,1,2,brgr,2 brgr,groepsbeschrijving,False
12cc2097-2990-576b-9372-6b8122f9c52b,tg:lhbr:226497,LegacyInformationMerged,1,4,brgr,4 brgr,groepsbeschrijving,False
146f53ec-85e1-566f-a644-7c6147b995b7,tg:lhbr:240641,LegacyInformationMerged,1,2,brin,2 brin,groepsbeschrijving,False
60e7ec61-2699-50d3-9bf7-70919df96794,tg:lhbr:50611,LegacyInformationMerged,1,4,brgr,4 brgr,groepsbeschrijving,False
b21558f0-7dc7-50ca-92a3-8410edf8bfd0,tg:lhbr:121307,LegacyInformationMerged,1,16,brgr,16 brgr,groepsbeschrijving,False
9fb598be-dba6-5b60-b140-648bc1143c9f,tg:lhbr:62760,LegacyInformationMerged,1,1,brgr,1 brgr,groepsbeschrijving,False
5b60b953-08f9-5f9a-9655-c8027cc9c256,tg:lhbr:251050,LegacyInformationMerged,1,2,brgr,2 brgr,groepsbeschrijving,False
f5b2e71e-7437-5f6a-b986-de545208e47c,tg:lhbr:229298,LegacyInformationMerged,1,8,brgr,8 brgr,groepsbeschrijving,False
06aeafc1-75ef-50ae-a156-401a0e80427f,tg:lhbr:159435,LegacyInformationMerged,1,17,brgr,17 brgr,groepsbeschrijving,False
20453ed0-d47a-5c98-b773-40ebf89fc355,tg:lhbr:124105,LegacyInformationMerged,1,14,brgr,14 brgr,groepsbeschrijving,False
aa8a0bfe-ed34-5dc2-a7f1-5ac58895b360,tg:lhbr:145416,LegacyInformationMerged,1,6,brgr,6 brgr,groepsbeschrijving,False
203f5628-c63f-557a-9b78-2b9355ff1cb8,tg:lhbr:63872,LegacyInformationMerged,1,1,brgr,1 brgr,groepsbeschrijving,False
9ba1dba3-fff7-5ae2-9059-54e9351b1e6f,tg:lhbr:12198,LegacyInformationMerged,1,59,brgr,59 brgr,groepsbeschrijving,False
2584249d-c5ba-5615-982e-6ccaca1edf7b,tg:lhbr:43197,LegacyInformationMerged,1,59,brgr,59 brgr,groepsbeschrijving,False
3d62db12-a23e-576f-8217-73214d74e7a2,tg:lhbr:254602,LegacyInformationMerged,1,4,brgr,4 brgr,groepsbeschrijving,False
ccc9dc75-b066-5606-a289-898643d90fef,tg:lhbr:278297,LegacyInformationMerged,1,50,brin,50 brin,groepsbeschrijving,False
73b8db61-8a7e-58a4-b969-1fa7282a8ea0,tg:lhbr:30840,LegacyInformationMerged,1,2,brgr,2 brgr,groepsbeschrijving,False
5855a560-cf22-59b1-9b94-770e5b16d9d2,tg:lhbr:116424,LegacyInformationMerged,1,11,brgr,11 brgr,groepsbeschrijving,False
bac0d388-259e-531e-a931-fcc04f10759f,tg:lhbr:99378,LegacyInformationMerged,1,32,brgr,32 brgr,groepsbeschrijving,False
a6827128-d022-5592-86a7-7dcf898ede86,tg:lhbr:62330,LegacyInformationMerged,1,30,brgr,30 brgr,groepsbeschrijving,False
22969148-0143-5f38-a062-5184d56529d0,tg:lhbr:53894,LegacyInformationMerged,1,34,brgr,34 brgr,groepsbeschrijving,False
d0de6aae-c4a6-5cb6-b2b2-b6c9d9c2372d,tg:lhbr:137683,LegacyInformationMerged,1,38,brgr,38 brgr,groepsbeschrijving,False
f50b9d6b-607b-546c-afe2-4d9e658b95fe,tg:lhbr:213673,LegacyInformationMerged,1,6,brgr,6 brgr,groepsbeschrijving,False
1ad9bd91-f45b-5504-85af-cb7bc3fabde7,tg:lhbr:60618,LegacyInformationMerged,1,16,brgr,16 brgr,groepsbeschrijving,False
49c3234c-7efd-5e0a-8f0d-e2126b35f79f,tg:lhbr:205748,LegacyInformationMerged,1,2,brgr,2 brgr,groepsbeschrijving,False
9e2737ef-1822-536c-a02f-d704242f39d3,tg:lhbr:62625,LegacyInformationMerged,1,2,brgr,2 brgr,groepsbeschrijving,False
346d4065-0e39-5e80-9b01-cf4478204823,tg:lhbr:218879,LegacyInformationMerged,1,2,brgr,2 brgr,groepsbeschrijving,False
99169829-a5f3-5ea6-b258-37aa9d7c9b47,tg:lhbr:63937,LegacyInformationMerged,1,3,brgr,3 brgr,groepsbeschrijving,False
58d7c2e6-cda5-5346-9512-ae21cc5d8dd3,tg:lhbr:96062,LegacyInformationMerged,1,12,brgr,12 brgr,groepsbeschrijving,False
2c0a360c-5919-55ce-b0ff-6bee63500e21,tg:lhbr:273967,LegacyInformationMerged,1,7,brin,7 brin,groepsbeschrijving,False
