ResourceID,brocade.id,card,order,source_code,ire.isaar.uuid,ISAAR Brocade ID,Original Entity Type,Original Entity Widget,Original Entity Identifier
7b9bb1a9-2b96-5fc8-8551-77f34c7b2474,tg:rubgr:31,e73_OriginalBrocade,1,kw,adc10a3d-d3e4-5f12-b76b-ddce078b7105,au::18500,keywords,,
3b48c57a-a39b-5f73-aab5-4eb6fa8008b7,tg:rubgr:21,e73_OriginalBrocade,1,kw,adc10a3d-d3e4-5f12-b76b-ddce078b7105,au::18500,keywords,,
23496b16-007d-56ce-9304-1446bf1047d4,tg:rubgr:2567,e73_OriginalBrocade,1,kw,73e8f6cc-3f86-5ad2-9b4d-0f7a2029707d,au::3028,keywords,,
23496b16-007d-56ce-9304-1446bf1047d4,tg:rubgr:2567,e73_OriginalBrocade,2,kw,51235f44-a7e4-5ca0-a78d-4890ed985df7,au::28177,keywords,,
23496b16-007d-56ce-9304-1446bf1047d4,tg:rubgr:2567,e73_OriginalBrocade,3,kw,6f5aef52-f1ad-5f58-a70d-2bd0c425eb74,au::12271,keywords,,
23496b16-007d-56ce-9304-1446bf1047d4,tg:rubgr:2567,e73_OriginalBrocade,4,kw,4fd76377-5c60-5949-a1f5-8d7453c6c945,au::28097,keywords,,
de517faf-df9f-5aa9-aba6-627c9d41f6f6,tg:rubgr:4225,e73_OriginalBrocade,1,kw,73d739f9-bb6f-5cd0-b787-ab9a7724b446,au::26569,keywords,,
b7ccf48e-e231-5424-96a4-74ec7c83ea41,tg:rubgr:2611,e73_OriginalBrocade,1,kw,adc10a3d-d3e4-5f12-b76b-ddce078b7105,au::18500,keywords,,
2b1ec1c7-fa70-51b3-a3c4-d9613c25f4ad,tg:rubgr:4235,e73_OriginalBrocade,1,kw,73d739f9-bb6f-5cd0-b787-ab9a7724b446,au::26569,keywords,,
47ab30ee-f536-5f9a-b307-06147fb3dc82,tg:rubgr:2044,e73_OriginalBrocade,1,kw,9c5baa02-0c78-5afe-9c2b-969ef35e27eb,au::13200,keywords,,
59d3f872-98db-55ea-bf44-c5da5c3bc709,tg:rubgr:2974,e73_OriginalBrocade,1,kw,51235f44-a7e4-5ca0-a78d-4890ed985df7,au::28177,keywords,,
b56df989-4db2-5d88-b521-2ef343406929,tg:rubgr:3691,e73_OriginalBrocade,1,kw,68745e68-be77-5308-846a-b1ac1c29f49d,au::16398,keywords,,
b56df989-4db2-5d88-b521-2ef343406929,tg:rubgr:3691,e73_OriginalBrocade,2,kw,7ca6beec-144b-5524-bf1d-309f064c1574,au::32545,keywords,,
85d72987-20fa-5961-9a3f-0a645ef016b7,tg:rubgr:521,e73_OriginalBrocade,1,kw,d01a462a-1d54-5ba8-8442-1e49b3ca723e,au::3232,keywords,,
85d72987-20fa-5961-9a3f-0a645ef016b7,tg:rubgr:521,e73_OriginalBrocade,2,kw,adc10a3d-d3e4-5f12-b76b-ddce078b7105,au::18500,keywords,,
9d88467a-8caf-56fe-8cac-3de0f75a27e1,tg:rubgr:1800,e73_OriginalBrocade,1,kw,6f5aef52-f1ad-5f58-a70d-2bd0c425eb74,au::12271,keywords,,
dc24ef14-4ba3-5775-b587-a23e651750b4,tg:rubgr:3835,e73_OriginalBrocade,1,kw,15ca51e1-53aa-543b-8fd8-9ddf60f2fe7c,au::4114,keywords,,
7fc97921-b74d-5676-8388-23bccb847ebf,tg:rubgr:1224,e73_OriginalBrocade,1,kw,631077ff-8783-5f60-8ec6-5f5bcafe8f5f,au::15317,keywords,,
e813cc8b-a3f8-5e88-a04e-f7183d7d2088,tg:rubgr:1707,e73_OriginalBrocade,1,kw,73d739f9-bb6f-5cd0-b787-ab9a7724b446,au::26569,keywords,,
fbd86a01-0d09-5224-9f33-b399f4a586e6,tg:rubgr:3732,e73_OriginalBrocade,1,kw,b36b8a93-b172-5df0-a3e3-fc82642a11de,au::4087,keywords,,
8097cb4b-d0e1-53c6-b0f3-5cc5fcbb9f35,tg:rubgr:2238,e73_OriginalBrocade,1,kw,df8d0808-2f42-514f-ab20-996682149ef7,au::110014,keywords,,
654dfac6-3a96-5058-92c8-b5e3ca9470ee,tg:rubgr:1142,e73_OriginalBrocade,1,kw,51235f44-a7e4-5ca0-a78d-4890ed985df7,au::28177,keywords,,
654dfac6-3a96-5058-92c8-b5e3ca9470ee,tg:rubgr:1142,e73_OriginalBrocade,2,kw,256eaded-a15e-57cd-83e0-8cf4eba910ee,au::16151,keywords,,
4edef5b2-c26d-5396-a8d2-6063f1f05ce3,tg:rubgr:1957,e73_OriginalBrocade,1,kw,7fe9255d-3206-5595-8c90-e427e58abd56,au::41802,keywords,,
335e7316-acca-5221-b387-bcca53ee11c2,tg:rubgr:4924,e73_OriginalBrocade,1,kw,96897c66-14f1-56e2-b6c5-594e386ef493,au::22658,keywords,,
335e7316-acca-5221-b387-bcca53ee11c2,tg:rubgr:4924,e73_OriginalBrocade,2,kw,3dce806e-0337-5f22-9c0e-01bffc770398,au::32507,keywords,,
a35e6a50-8b0a-5dff-afe7-f92f9227b80c,tg:rubgr:223,e73_OriginalBrocade,1,kw,80754f9b-1017-5203-bdbe-21d44d44cfb4,au::28369,keywords,,
a35e6a50-8b0a-5dff-afe7-f92f9227b80c,tg:rubgr:223,e73_OriginalBrocade,2,kw,4fd76377-5c60-5949-a1f5-8d7453c6c945,au::28097,keywords,,
224c1d54-ae3a-5cd3-b492-a2ff8fbddddc,tg:rubgr:1485,e73_OriginalBrocade,1,kw,678d06af-3067-5686-aa6e-e46acd4acc0a,au::7000,keywords,,
7a5976a7-13bb-59cf-a24d-629569733795,tg:rubgr:145,e73_OriginalBrocade,1,kw,ec6d3693-5e6d-5a6c-b558-266f9b81456b,au::9228,keywords,,
7a5976a7-13bb-59cf-a24d-629569733795,tg:rubgr:145,e73_OriginalBrocade,2,kw,3ea8b7f2-0375-50c8-9392-43d6bc530cb5,au::28114,keywords,,
e29bbe75-99ad-5111-9bee-6d46cfea9d60,tg:rubgr:5084,e73_OriginalBrocade,1,kw,df8d0808-2f42-514f-ab20-996682149ef7,au::110014,keywords,,
e29bbe75-99ad-5111-9bee-6d46cfea9d60,tg:rubgr:5084,e73_OriginalBrocade,2,kw,adc10a3d-d3e4-5f12-b76b-ddce078b7105,au::18500,keywords,,
b66dee50-91d9-590f-904d-92c28c3d4dee,tg:rubgr:1311,e73_OriginalBrocade,1,kw,330db244-c742-5752-a85a-e00f1ba63114,au::9212,keywords,,
b66dee50-91d9-590f-904d-92c28c3d4dee,tg:rubgr:1311,e73_OriginalBrocade,2,kw,678d06af-3067-5686-aa6e-e46acd4acc0a,au::7000,keywords,,
44db2899-8251-5f6b-9b34-728310f64bb3,tg:rubgr:2265,e73_OriginalBrocade,1,kw,59eb3f16-3ccd-5155-9cba-c85b515f01ef,au::3025,keywords,,
66214610-7b0e-55ba-8f81-c21a9a456856,tg:rubgr:1622,e73_OriginalBrocade,1,kw,c093ee98-4253-5a88-b2ff-f3d28f583be7,au::1194,keywords,,
838790e0-1ee5-5a4a-b380-1725dd4c7f4f,tg:rubgr:2452,e73_OriginalBrocade,1,kw,ca79196f-9430-56d2-86ca-543e10adef0a,au::3027,keywords,,
838790e0-1ee5-5a4a-b380-1725dd4c7f4f,tg:rubgr:2452,e73_OriginalBrocade,2,kw,6f5aef52-f1ad-5f58-a70d-2bd0c425eb74,au::12271,keywords,,
838790e0-1ee5-5a4a-b380-1725dd4c7f4f,tg:rubgr:2452,e73_OriginalBrocade,3,kw,4986ed85-47b6-5c95-a664-eaaff57f4e6c,au::13305,keywords,,
838790e0-1ee5-5a4a-b380-1725dd4c7f4f,tg:rubgr:2452,e73_OriginalBrocade,4,kw,4fd76377-5c60-5949-a1f5-8d7453c6c945,au::28097,keywords,,
f5f1eb4d-9a5b-5b9b-ae7c-115aebad134f,tg:rubgr:1738,e73_OriginalBrocade,1,kw,59eb3f16-3ccd-5155-9cba-c85b515f01ef,au::3025,keywords,,
f5f1eb4d-9a5b-5b9b-ae7c-115aebad134f,tg:rubgr:1738,e73_OriginalBrocade,2,kw,51235f44-a7e4-5ca0-a78d-4890ed985df7,au::28177,keywords,,
2e1fa378-60b0-5b7e-a525-cf8149cde094,tg:rubgr:1526,e73_OriginalBrocade,1,kw,693b53c5-7b0d-5d4e-a0b1-0594be55a3f3,au::108973,keywords,,
4408f47c-0982-5920-8895-398bac985ada,tg:rubgr:127,e73_OriginalBrocade,1,kw,ec6d3693-5e6d-5a6c-b558-266f9b81456b,au::9228,keywords,,
4408f47c-0982-5920-8895-398bac985ada,tg:rubgr:127,e73_OriginalBrocade,2,kw,52eca42b-9f44-5cb3-a2e2-61627f08810c,au::10517,keywords,,
c6d931b8-eba5-5f4c-9fe7-544200467f55,tg:rubgr:3099,e73_OriginalBrocade,1,kw,d01a462a-1d54-5ba8-8442-1e49b3ca723e,au::3232,keywords,,
5cb6d837-cc09-51f1-9b73-6655ec85667b,tg:rubgr:1791,e73_OriginalBrocade,1,kw,59eb3f16-3ccd-5155-9cba-c85b515f01ef,au::3025,keywords,,
98250cc5-30b9-5ad8-92ee-61163e55f876,tg:rubgr:2583,e73_OriginalBrocade,1,kw,73e8f6cc-3f86-5ad2-9b4d-0f7a2029707d,au::3028,keywords,,
1408fdb1-acd4-56f1-95ca-16359673350b,tg:rubgr:4191,e73_OriginalBrocade,1,kw,df8d0808-2f42-514f-ab20-996682149ef7,au::110014,keywords,,
9938cc06-4e12-5cf8-bf64-85a1d4c4392e,tg:rubgr:5101,e73_OriginalBrocade,1,kw,90791ae1-6b3f-5e62-bf73-d52b3d303d0b,au::58309,keywords,,
9938cc06-4e12-5cf8-bf64-85a1d4c4392e,tg:rubgr:5101,e73_OriginalBrocade,2,kw,80abb133-7c38-5ef5-aa40-d82d46a3245d,au::14164,keywords,,
9938cc06-4e12-5cf8-bf64-85a1d4c4392e,tg:rubgr:5101,e73_OriginalBrocade,3,kw,8a8cdd97-0fe0-527a-afd5-e0d6da51084f,au::7887,keywords,,
9938cc06-4e12-5cf8-bf64-85a1d4c4392e,tg:rubgr:5101,e73_OriginalBrocade,4,kw,06c3708c-6ae1-5ace-8def-fc73c1dbc54d,au::108637,keywords,,
c49d6a7d-fc72-521f-bf10-2ff72eb9a540,tg:rubgr:1345,e73_OriginalBrocade,1,kw,0342b051-d515-56a8-aabb-40dcf1fade92,au::180,keywords,,
c49d6a7d-fc72-521f-bf10-2ff72eb9a540,tg:rubgr:1345,e73_OriginalBrocade,2,kw,256eaded-a15e-57cd-83e0-8cf4eba910ee,au::16151,keywords,,
c49d6a7d-fc72-521f-bf10-2ff72eb9a540,tg:rubgr:1345,e73_OriginalBrocade,3,kw,678d06af-3067-5686-aa6e-e46acd4acc0a,au::7000,keywords,,
c49d6a7d-fc72-521f-bf10-2ff72eb9a540,tg:rubgr:1345,e73_OriginalBrocade,4,kw,662a79e3-e96d-5e11-ad7a-5eb0864138d8,au::11139,keywords,,
a0ac4725-f3a6-5d5f-b129-6aaa774c068b,tg:rubgr:4336,e73_OriginalBrocade,1,kw,adc10a3d-d3e4-5f12-b76b-ddce078b7105,au::18500,keywords,,
ec339060-fc63-53b3-8297-41f940f940d2,tg:rubgr:28,e73_OriginalBrocade,1,kw,adc10a3d-d3e4-5f12-b76b-ddce078b7105,au::18500,keywords,,
f1afd288-21a0-5323-8e2a-196b6c22359b,tg:rubgr:38,e73_OriginalBrocade,1,kw,678d06af-3067-5686-aa6e-e46acd4acc0a,au::7000,keywords,,
f1afd288-21a0-5323-8e2a-196b6c22359b,tg:rubgr:38,e73_OriginalBrocade,2,kw,adc10a3d-d3e4-5f12-b76b-ddce078b7105,au::18500,keywords,,
442c0854-7951-560f-bdb5-25fe1d41267c,tg:rubgr:2416,e73_OriginalBrocade,1,kw,59eb3f16-3ccd-5155-9cba-c85b515f01ef,au::3025,keywords,,
442c0854-7951-560f-bdb5-25fe1d41267c,tg:rubgr:2416,e73_OriginalBrocade,2,kw,e08fb7fb-58d5-5ef1-b36e-d31dd82d8184,au::3026,keywords,,
508e9136-3b01-5cef-b8fd-f240fb655aed,tg:rubgr:992,e73_OriginalBrocade,1,kw,51235f44-a7e4-5ca0-a78d-4890ed985df7,au::28177,keywords,,
70760d5b-c07d-5afc-bdad-27a61fe57ed4,tg:rubgr:1809,e73_OriginalBrocade,1,kw,73d739f9-bb6f-5cd0-b787-ab9a7724b446,au::26569,keywords,,
c13cef2a-b55a-58d1-8750-a0f7f41c2cae,tg:rubgr:2392,e73_OriginalBrocade,1,kw,73e8f6cc-3f86-5ad2-9b4d-0f7a2029707d,au::3028,keywords,,
c13cef2a-b55a-58d1-8750-a0f7f41c2cae,tg:rubgr:2392,e73_OriginalBrocade,2,kw,ca79196f-9430-56d2-86ca-543e10adef0a,au::3027,keywords,,
c13cef2a-b55a-58d1-8750-a0f7f41c2cae,tg:rubgr:2392,e73_OriginalBrocade,3,kw,59eb3f16-3ccd-5155-9cba-c85b515f01ef,au::3025,keywords,,
c13cef2a-b55a-58d1-8750-a0f7f41c2cae,tg:rubgr:2392,e73_OriginalBrocade,4,kw,8f971df1-092b-5a37-8e0f-d345790debe5,au::12149,keywords,,
c13cef2a-b55a-58d1-8750-a0f7f41c2cae,tg:rubgr:2392,e73_OriginalBrocade,5,kw,6f5aef52-f1ad-5f58-a70d-2bd0c425eb74,au::12271,keywords,,
c13cef2a-b55a-58d1-8750-a0f7f41c2cae,tg:rubgr:2392,e73_OriginalBrocade,6,kw,4fd76377-5c60-5949-a1f5-8d7453c6c945,au::28097,keywords,,
3a9eeda2-3f32-50bf-a328-1b75133c4bdc,tg:rubgr:4912,e73_OriginalBrocade,1,kw,490ae92d-9afb-5625-83d0-bb0b2adca4b6,au::36623,keywords,,
fa834672-1f3b-5f3d-a3a1-6fbd12e30bb1,tg:rubgr:4752,e73_OriginalBrocade,1,kw,490ae92d-9afb-5625-83d0-bb0b2adca4b6,au::36623,keywords,,
fa834672-1f3b-5f3d-a3a1-6fbd12e30bb1,tg:rubgr:4752,e73_OriginalBrocade,2,kw,678d06af-3067-5686-aa6e-e46acd4acc0a,au::7000,keywords,,
0cdc016a-6350-548f-8739-7d3804b83ee6,tg:rubgr:4742,e73_OriginalBrocade,1,kw,678d06af-3067-5686-aa6e-e46acd4acc0a,au::7000,keywords,,
0cdc016a-6350-548f-8739-7d3804b83ee6,tg:rubgr:4742,e73_OriginalBrocade,2,kw,adc10a3d-d3e4-5f12-b76b-ddce078b7105,au::18500,keywords,,
7aa0d414-1c0b-5c5b-acb9-999ee7125749,tg:rubgr:1798,e73_OriginalBrocade,1,kw,6f5aef52-f1ad-5f58-a70d-2bd0c425eb74,au::12271,keywords,,
ce0977fe-2441-52c1-8a68-9b0df5b1220e,tg:rubgr:4683,e73_OriginalBrocade,1,kw,ff6a51ba-e98d-5a1d-8a59-563e60dad251,au::37698,keywords,,
82c865fb-e5e7-5e95-9793-1f060f8cd3f9,tg:rubgr:5283,e73_OriginalBrocade,1,kw,df8d0808-2f42-514f-ab20-996682149ef7,au::110014,keywords,,
b0103e34-f98b-51d2-821c-b8c5639f1665,tg:rubgr:4799,e73_OriginalBrocade,1,kw,0c4d1392-1949-53c5-b9fa-dbd486d50089,au::5988,keywords,,
b0103e34-f98b-51d2-821c-b8c5639f1665,tg:rubgr:4799,e73_OriginalBrocade,2,kw,52ed4fd9-a9ec-5733-b671-88aa5a3069b6,au::6387,keywords,,
b0103e34-f98b-51d2-821c-b8c5639f1665,tg:rubgr:4799,e73_OriginalBrocade,3,kw,80abb133-7c38-5ef5-aa40-d82d46a3245d,au::14164,keywords,,
b0103e34-f98b-51d2-821c-b8c5639f1665,tg:rubgr:4799,e73_OriginalBrocade,4,kw,adc10a3d-d3e4-5f12-b76b-ddce078b7105,au::18500,keywords,,
69828783-a488-51d2-b526-e50e4540fcee,tg:rubgr:342,e73_OriginalBrocade,1,kw,ca79196f-9430-56d2-86ca-543e10adef0a,au::3027,keywords,,
69828783-a488-51d2-b526-e50e4540fcee,tg:rubgr:342,e73_OriginalBrocade,2,kw,6304894d-67e4-5fcd-9072-31676a16c00c,au::19993,keywords,,
69828783-a488-51d2-b526-e50e4540fcee,tg:rubgr:342,e73_OriginalBrocade,3,kw,8a8cdd97-0fe0-527a-afd5-e0d6da51084f,au::7887,keywords,,
291b64fa-e066-533a-80b3-f35509e95957,tg:rubgr:904,e73_OriginalBrocade,1,kw,ba4e3c46-b79e-5247-82a7-29fa10cd5e8d,au::37693,keywords,,
2df63c38-999f-5d59-a22a-0a7891e6d80f,tg:rubgr:5024,e73_OriginalBrocade,1,kw,51235f44-a7e4-5ca0-a78d-4890ed985df7,au::28177,keywords,,
23e8ca5a-28bf-5414-be22-99e1b256105e,tg:rubgr:1743,e73_OriginalBrocade,1,kw,6f5aef52-f1ad-5f58-a70d-2bd0c425eb74,au::12271,keywords,,
23e8ca5a-28bf-5414-be22-99e1b256105e,tg:rubgr:1743,e73_OriginalBrocade,2,kw,73d739f9-bb6f-5cd0-b787-ab9a7724b446,au::26569,keywords,,
7c95e83d-c636-5a3e-b5c3-2d50791da5d5,tg:rubgr:4175,e73_OriginalBrocade,1,kw,ca79196f-9430-56d2-86ca-543e10adef0a,au::3027,keywords,,
e469c177-53da-543f-8e50-8fa1096bd544,tg:rubgr:948,e73_OriginalBrocade,1,kw,51235f44-a7e4-5ca0-a78d-4890ed985df7,au::28177,keywords,,
e81a829a-c36e-544b-80cd-be0a80afcfeb,tg:rubgr:4327,e73_OriginalBrocade,1,kw,678d06af-3067-5686-aa6e-e46acd4acc0a,au::7000,keywords,,
e81a829a-c36e-544b-80cd-be0a80afcfeb,tg:rubgr:4327,e73_OriginalBrocade,2,kw,ff6a51ba-e98d-5a1d-8a59-563e60dad251,au::37698,keywords,,
df420323-b5f7-57bd-9bed-04c35416fad6,tg:rubgr:5110,e73_OriginalBrocade,1,kw,200fab84-9b5a-5d6e-aaa0-32e5262ea902,au::32610,keywords,,
d2324152-37d3-5039-8ffa-9fbf2ef197bc,tg:rubgr:2230,e73_OriginalBrocade,1,kw,59eb3f16-3ccd-5155-9cba-c85b515f01ef,au::3025,keywords,,
9ad78b68-65c5-5329-a72c-b5735283b74b,tg:rubgr:2465,e73_OriginalBrocade,1,kw,ca79196f-9430-56d2-86ca-543e10adef0a,au::3027,keywords,,
ca004ecb-341c-5368-a55c-3d0db84ce842,tg:rubgr:1912,e73_OriginalBrocade,1,kw,678d06af-3067-5686-aa6e-e46acd4acc0a,au::7000,keywords,,
01140274-3da1-53ab-8229-423c35353030,tg:rubgr:4913,e73_OriginalBrocade,1,kw,490ae92d-9afb-5625-83d0-bb0b2adca4b6,au::36623,keywords,,
0364ee62-46d6-5fe7-9623-5380e1407909,tg:rubgr:529,e73_OriginalBrocade,1,kw,8f971df1-092b-5a37-8e0f-d345790debe5,au::12149,keywords,,
0364ee62-46d6-5fe7-9623-5380e1407909,tg:rubgr:529,e73_OriginalBrocade,2,kw,d01a462a-1d54-5ba8-8442-1e49b3ca723e,au::3232,keywords,,
0364ee62-46d6-5fe7-9623-5380e1407909,tg:rubgr:529,e73_OriginalBrocade,3,kw,d3b00787-b5a3-5c7e-97c6-9a1a5410ec86,au::24409,keywords,,
1b7de0a3-3928-55f7-a8bc-e2858179528d,tg:rubgr:1808,e73_OriginalBrocade,1,kw,73d739f9-bb6f-5cd0-b787-ab9a7724b446,au::26569,keywords,,
d67054a9-c69b-52bf-9fa9-c4c27a1c5951,tg:rubgr:2417,e73_OriginalBrocade,1,kw,e08fb7fb-58d5-5ef1-b36e-d31dd82d8184,au::3026,keywords,,
2018e19a-3d72-5970-896b-d3489ffe220c,tg:rubgr:39,e73_OriginalBrocade,1,kw,678d06af-3067-5686-aa6e-e46acd4acc0a,au::7000,keywords,,
b25dc4b6-6798-5d31-9512-00bac4b17592,tg:rubgr:2252,e73_OriginalBrocade,1,kw,52eca42b-9f44-5cb3-a2e2-61627f08810c,au::10517,keywords,,
4c77c342-da99-5d6c-a485-6dc139b5cbfc,tg:rubgr:4345,e73_OriginalBrocade,1,kw,7fe9ad1d-e913-5bd8-8e57-fcafecaf3f24,au::45623,keywords,,
bd99339a-982e-5c38-b808-2b364dfa4702,tg:rubgr:574,e73_OriginalBrocade,1,kw,096e6dc7-e80e-58dc-9139-8af7084f3b0a,au::6518,keywords,,
099d8bb9-f7fe-5dad-853f-c378eaddca90,tg:rubgr:1799,e73_OriginalBrocade,1,kw,6f5aef52-f1ad-5f58-a70d-2bd0c425eb74,au::12271,keywords,,
099d8bb9-f7fe-5dad-853f-c378eaddca90,tg:rubgr:1799,e73_OriginalBrocade,2,kw,1ebab9ba-4419-5727-9309-47bcd9586ab8,au::32528,keywords,,
be51e358-ce7f-5ba9-83da-6cc6c3bce41b,tg:rubgr:186,e73_OriginalBrocade,1,kw,52eca42b-9f44-5cb3-a2e2-61627f08810c,au::10517,keywords,,
7747b933-b32d-50fb-809a-60e87d09bdf5,tg:rubgr:5025,e73_OriginalBrocade,1,kw,51235f44-a7e4-5ca0-a78d-4890ed985df7,au::28177,keywords,,
fc50242d-2abe-54e9-8d85-651903a95dea,tg:rubgr:4202,e73_OriginalBrocade,1,kw,a1bde733-4566-50ec-9486-22ba97653faf,au::39802,keywords,,
e2194f36-da74-5034-9cea-80f1e2c5248a,tg:rubgr:4174,e73_OriginalBrocade,1,kw,ca79196f-9430-56d2-86ca-543e10adef0a,au::3027,keywords,,
08fa269e-b47e-5a08-9fcd-09ca8b9d424d,tg:rubgr:2550,e73_OriginalBrocade,1,kw,59eb3f16-3ccd-5155-9cba-c85b515f01ef,au::3025,keywords,,
08fa269e-b47e-5a08-9fcd-09ca8b9d424d,tg:rubgr:2550,e73_OriginalBrocade,2,kw,6f5aef52-f1ad-5f58-a70d-2bd0c425eb74,au::12271,keywords,,
7b1bd15d-d0e8-5f0e-856e-8b2ace0d88e1,tg:rubgr:2428,e73_OriginalBrocade,1,kw,59eb3f16-3ccd-5155-9cba-c85b515f01ef,au::3025,keywords,,
7b1bd15d-d0e8-5f0e-856e-8b2ace0d88e1,tg:rubgr:2428,e73_OriginalBrocade,2,kw,e08fb7fb-58d5-5ef1-b36e-d31dd82d8184,au::3026,keywords,,
8f7eb84b-65fe-5672-baef-0ae77afc3067,tg:rubgr:1742,e73_OriginalBrocade,1,kw,73d739f9-bb6f-5cd0-b787-ab9a7724b446,au::26569,keywords,,
dce82a3e-f3b0-503d-9b67-ce8f89552c2d,tg:rubgr:1107,e73_OriginalBrocade,1,kw,255184a8-df8e-5816-9baa-a373b28a9f77,au::18139,keywords,,
e51571ea-7877-5f44-a5db-13a3ea7aedce,tg:rubgr:343,e73_OriginalBrocade,1,kw,8a8cdd97-0fe0-527a-afd5-e0d6da51084f,au::7887,keywords,,
b34b7b36-d744-593b-9990-40daedad41c8,tg:rubgr:2481,e73_OriginalBrocade,1,kw,73e8f6cc-3f86-5ad2-9b4d-0f7a2029707d,au::3028,keywords,,
b34b7b36-d744-593b-9990-40daedad41c8,tg:rubgr:2481,e73_OriginalBrocade,2,kw,ca79196f-9430-56d2-86ca-543e10adef0a,au::3027,keywords,,
b34b7b36-d744-593b-9990-40daedad41c8,tg:rubgr:2481,e73_OriginalBrocade,3,kw,6f5aef52-f1ad-5f58-a70d-2bd0c425eb74,au::12271,keywords,,
a23e5e7b-8f90-54dc-9d94-f6b7a97bfe65,tg:rubgr:4798,e73_OriginalBrocade,1,kw,8f971df1-092b-5a37-8e0f-d345790debe5,au::12149,keywords,,
a23e5e7b-8f90-54dc-9d94-f6b7a97bfe65,tg:rubgr:4798,e73_OriginalBrocade,2,kw,80abb133-7c38-5ef5-aa40-d82d46a3245d,au::14164,keywords,,
a23e5e7b-8f90-54dc-9d94-f6b7a97bfe65,tg:rubgr:4798,e73_OriginalBrocade,3,kw,ff6a51ba-e98d-5a1d-8a59-563e60dad251,au::37698,keywords,,
3ba83f01-8a14-5d3a-aca8-08b61ec3b6d9,tg:rubgr:5282,e73_OriginalBrocade,1,kw,df8d0808-2f42-514f-ab20-996682149ef7,au::110014,keywords,,
f6e24a38-1f3c-51b1-a831-0fe1f13594e5,tg:rubgr:4586,e73_OriginalBrocade,1,kw,0c4d1392-1949-53c5-b9fa-dbd486d50089,au::5988,keywords,,
6b183a22-1822-58c6-a188-a31e580f7255,tg:rubgr:530,e73_OriginalBrocade,1,kw,d3b00787-b5a3-5c7e-97c6-9a1a5410ec86,au::24409,keywords,,
e816f8e5-9d5d-56dc-b182-743123b355b4,tg:rubgr:1801,e73_OriginalBrocade,1,kw,6f5aef52-f1ad-5f58-a70d-2bd0c425eb74,au::12271,keywords,,
e2ee0601-5f93-5a07-9faf-4d4bcdb347c2,tg:rubgr:520,e73_OriginalBrocade,1,kw,4986ed85-47b6-5c95-a664-eaaff57f4e6c,au::13305,keywords,,
0b4d84f5-d937-53d4-b263-6f55c728a292,tg:rubgr:2566,e73_OriginalBrocade,1,kw,3ea8b7f2-0375-50c8-9392-43d6bc530cb5,au::28114,keywords,,
0faebee2-98b4-5dd3-97bf-77e6461137b6,tg:rubgr:20,e73_OriginalBrocade,1,kw,678d06af-3067-5686-aa6e-e46acd4acc0a,au::7000,keywords,,
0faebee2-98b4-5dd3-97bf-77e6461137b6,tg:rubgr:20,e73_OriginalBrocade,2,kw,adc10a3d-d3e4-5f12-b76b-ddce078b7105,au::18500,keywords,,
0faebee2-98b4-5dd3-97bf-77e6461137b6,tg:rubgr:20,e73_OriginalBrocade,3,kw,3ea8b7f2-0375-50c8-9392-43d6bc530cb5,au::28114,keywords,,
409c7ee5-84ff-5b88-9e95-d7a3752ee03c,tg:rubgr:30,e73_OriginalBrocade,1,kw,adc10a3d-d3e4-5f12-b76b-ddce078b7105,au::18500,keywords,,
afad817a-23d8-5508-8830-89f4bb304a72,tg:rubgr:4519,e73_OriginalBrocade,1,kw,7fe9ad1d-e913-5bd8-8e57-fcafecaf3f24,au::45623,keywords,,
afad817a-23d8-5508-8830-89f4bb304a72,tg:rubgr:4519,e73_OriginalBrocade,2,kw,1ebab9ba-4419-5727-9309-47bcd9586ab8,au::32528,keywords,,
f89c43be-0627-58cc-9cfa-c2a75ad2a3f1,tg:rubgr:4234,e73_OriginalBrocade,1,kw,73d739f9-bb6f-5cd0-b787-ab9a7724b446,au::26569,keywords,,
1f3374d2-c22c-54e6-a717-74324af78567,tg:rubgr:2610,e73_OriginalBrocade,1,kw,adc10a3d-d3e4-5f12-b76b-ddce078b7105,au::18500,keywords,,
f2bc5925-0111-54e9-83c4-679b1819816e,tg:rubgr:1235,e73_OriginalBrocade,1,kw,51235f44-a7e4-5ca0-a78d-4890ed985df7,au::28177,keywords,,
f2bc5925-0111-54e9-83c4-679b1819816e,tg:rubgr:1235,e73_OriginalBrocade,2,kw,6f5aef52-f1ad-5f58-a70d-2bd0c425eb74,au::12271,keywords,,
f2bc5925-0111-54e9-83c4-679b1819816e,tg:rubgr:1235,e73_OriginalBrocade,3,kw,631077ff-8783-5f60-8ec6-5f5bcafe8f5f,au::15317,keywords,,
f2bc5925-0111-54e9-83c4-679b1819816e,tg:rubgr:1235,e73_OriginalBrocade,4,kw,e42f8f05-6292-5acc-8610-77239eecbae8,au::18210,keywords,,
f2bc5925-0111-54e9-83c4-679b1819816e,tg:rubgr:1235,e73_OriginalBrocade,5,kw,b87c785b-509e-571f-b9b8-a9631276b6bd,au::5413,keywords,,
f2bc5925-0111-54e9-83c4-679b1819816e,tg:rubgr:1235,e73_OriginalBrocade,6,kw,4fd76377-5c60-5949-a1f5-8d7453c6c945,au::28097,keywords,,
fe54e921-fad2-5e80-a656-644a6448268c,tg:rubgr:2351,e73_OriginalBrocade,1,kw,59eb3f16-3ccd-5155-9cba-c85b515f01ef,au::3025,keywords,,
cfa1a910-6da9-529d-9fef-7330e249dba9,tg:rubgr:42,e73_OriginalBrocade,1,kw,59eb3f16-3ccd-5155-9cba-c85b515f01ef,au::3025,keywords,,
cfa1a910-6da9-529d-9fef-7330e249dba9,tg:rubgr:42,e73_OriginalBrocade,2,kw,3e4698ed-6200-5ca0-a212-ee6236fdd173,au::28096,keywords,,
cfa1a910-6da9-529d-9fef-7330e249dba9,tg:rubgr:42,e73_OriginalBrocade,3,kw,330db244-c742-5752-a85a-e00f1ba63114,au::9212,keywords,,
cfa1a910-6da9-529d-9fef-7330e249dba9,tg:rubgr:42,e73_OriginalBrocade,4,kw,adc10a3d-d3e4-5f12-b76b-ddce078b7105,au::18500,keywords,,
6172b5fa-a429-5dea-844c-e4bb05219d64,tg:rubgr:2239,e73_OriginalBrocade,1,kw,b36b8a93-b172-5df0-a3e3-fc82642a11de,au::4087,keywords,,
6172b5fa-a429-5dea-844c-e4bb05219d64,tg:rubgr:2239,e73_OriginalBrocade,2,kw,df8d0808-2f42-514f-ab20-996682149ef7,au::110014,keywords,,
e5762567-e154-5b20-b44a-e9c2af0728bb,tg:rubgr:3733,e73_OriginalBrocade,1,kw,b36b8a93-b172-5df0-a3e3-fc82642a11de,au::4087,keywords,,
36afea85-705b-5959-9e22-c7423ceaf12f,tg:rubgr:1706,e73_OriginalBrocade,1,kw,73d739f9-bb6f-5cd0-b787-ab9a7724b446,au::26569,keywords,,
36afea85-705b-5959-9e22-c7423ceaf12f,tg:rubgr:1706,e73_OriginalBrocade,2,kw,8e6df2a1-cc0f-5a41-b61d-ec8b6ea9e1e1,au::111146,keywords,,
c4872ef6-5f37-58ec-9f43-1ae46ca0eb09,tg:rubgr:4800,e73_OriginalBrocade,1,kw,8f971df1-092b-5a37-8e0f-d345790debe5,au::12149,keywords,,
c4872ef6-5f37-58ec-9f43-1ae46ca0eb09,tg:rubgr:4800,e73_OriginalBrocade,2,kw,adc10a3d-d3e4-5f12-b76b-ddce078b7105,au::18500,keywords,,
a06520cf-3cb8-58c5-b005-2202d9da3a4c,tg:rubgr:109,e73_OriginalBrocade,1,kw,df393854-c276-5a23-9e82-42808aab2993,au::48144,keywords,,
ee6cba3f-2782-5625-9c29-594809fc2976,tg:rubgr:3418,e73_OriginalBrocade,1,kw,59eb3f16-3ccd-5155-9cba-c85b515f01ef,au::3025,keywords,,
ee6cba3f-2782-5625-9c29-594809fc2976,tg:rubgr:3418,e73_OriginalBrocade,2,kw,256eaded-a15e-57cd-83e0-8cf4eba910ee,au::16151,keywords,,
07e76e88-b57c-5060-95f7-7eaab3f8e40e,tg:rubgr:2549,e73_OriginalBrocade,1,kw,59eb3f16-3ccd-5155-9cba-c85b515f01ef,au::3025,keywords,,
d0f6eebb-4597-58ee-a548-d2f9abe50c18,tg:rubgr:4728,e73_OriginalBrocade,1,kw,678d06af-3067-5686-aa6e-e46acd4acc0a,au::7000,keywords,,
5344c23b-609b-53de-a736-07bbfb37427d,tg:rubgr:1897,e73_OriginalBrocade,1,kw,200fab84-9b5a-5d6e-aaa0-32e5262ea902,au::32610,keywords,,
b99f2d6c-7a88-56e8-924f-e89ad0417e0e,tg:rubgr:4791,e73_OriginalBrocade,1,kw,a1bde733-4566-50ec-9486-22ba97653faf,au::39802,keywords,,
600c1638-aacd-58af-942d-28c9a561b9ad,tg:rubgr:5095,e73_OriginalBrocade,1,kw,51235f44-a7e4-5ca0-a78d-4890ed985df7,au::28177,keywords,,
c5755dcf-7c16-5c52-99ae-b6b79d8d8612,tg:rubgr:144,e73_OriginalBrocade,1,kw,2a63f3f2-ca2a-5958-b3b0-ee480a61ae1e,au::9845,keywords,,
c5755dcf-7c16-5c52-99ae-b6b79d8d8612,tg:rubgr:144,e73_OriginalBrocade,2,kw,ec6d3693-5e6d-5a6c-b558-266f9b81456b,au::9228,keywords,,
a7741184-efc8-5ded-a4ed-4c610ddf27e1,tg:rubgr:1484,e73_OriginalBrocade,1,kw,6f5aef52-f1ad-5f58-a70d-2bd0c425eb74,au::12271,keywords,,
a41f7508-758b-5154-8eb3-b2599265457e,tg:rubgr:136,e73_OriginalBrocade,1,kw,2a63f3f2-ca2a-5958-b3b0-ee480a61ae1e,au::9845,keywords,,
629939e5-746b-5e79-8af4-419b7ee07c7a,tg:rubgr:1780,e73_OriginalBrocade,1,kw,59eb3f16-3ccd-5155-9cba-c85b515f01ef,au::3025,keywords,,
629939e5-746b-5e79-8af4-419b7ee07c7a,tg:rubgr:1780,e73_OriginalBrocade,2,kw,6f5aef52-f1ad-5f58-a70d-2bd0c425eb74,au::12271,keywords,,
9432d9e1-4256-5e2c-85e4-31a026d93dae,tg:rubgr:2453,e73_OriginalBrocade,1,kw,6f5aef52-f1ad-5f58-a70d-2bd0c425eb74,au::12271,keywords,,
5e2dc3b5-e2c6-5420-b76e-7a127c575956,tg:rubgr:2170,e73_OriginalBrocade,1,kw,678d06af-3067-5686-aa6e-e46acd4acc0a,au::7000,keywords,,
5e2dc3b5-e2c6-5420-b76e-7a127c575956,tg:rubgr:2170,e73_OriginalBrocade,2,kw,8e6df2a1-cc0f-5a41-b61d-ec8b6ea9e1e1,au::111146,keywords,,
fe6a2131-62d0-5b0e-b0df-0da7b44ce2db,tg:rubgr:5126,e73_OriginalBrocade,1,kw,51235f44-a7e4-5ca0-a78d-4890ed985df7,au::28177,keywords,,
918c9246-f0a8-5fff-977c-0e4563345f19,tg:rubgr:3947,e73_OriginalBrocade,1,kw,ca79196f-9430-56d2-86ca-543e10adef0a,au::3027,keywords,,
e7a64055-0af5-55f9-8791-a32a1334e920,tg:rubgr:3554,e73_OriginalBrocade,1,kw,9c5baa02-0c78-5afe-9c2b-969ef35e27eb,au::13200,keywords,,
6f3474cd-1178-59a6-aac8-fa1198b243d0,tg:rubgr:5008,e73_OriginalBrocade,1,kw,fab9c8af-c93f-53b3-aa3f-4cea006fe809,au::31138,keywords,,
7358d50f-d801-558d-a103-5eaef7f0d636,tg:rubgr:1607,e73_OriginalBrocade,1,kw,7682857e-71d3-5afc-9cb8-a70f3b5ce270,au::18866,keywords,,
9e502844-7467-5dc9-9e72-c8cb2ebe308e,tg:rubgr:5102,e73_OriginalBrocade,1,kw,80abb133-7c38-5ef5-aa40-d82d46a3245d,au::14164,keywords,,
888c16c0-069e-56f6-bda3-976a7ce70fcb,tg:rubgr:2144,e73_OriginalBrocade,1,kw,df8d0808-2f42-514f-ab20-996682149ef7,au::110014,keywords,,
d98658b8-6509-5381-a4fe-0e3fd4e18f82,tg:rubgr:1346,e73_OriginalBrocade,1,kw,ff6a51ba-e98d-5a1d-8a59-563e60dad251,au::37698,keywords,,
d98658b8-6509-5381-a4fe-0e3fd4e18f82,tg:rubgr:1346,e73_OriginalBrocade,2,kw,e1a8e628-0fd2-5408-9a76-34436db1803d,au::107120,keywords,,
8ffbce07-fdf5-5992-9781-6958651309a7,tg:rubgr:5112,e73_OriginalBrocade,1,kw,73e8f6cc-3f86-5ad2-9b4d-0f7a2029707d,au::3028,keywords,,
8ffbce07-fdf5-5992-9781-6958651309a7,tg:rubgr:5112,e73_OriginalBrocade,2,kw,256eaded-a15e-57cd-83e0-8cf4eba910ee,au::16151,keywords,,
ac24aebd-7f9f-5cca-be4b-d773f6a9f8b2,tg:rubgr:2711,e73_OriginalBrocade,1,kw,9519afda-6f6f-582d-9ac5-79afdb4ce71f,au::7799,keywords,,
9c87a5ee-cc0c-5a34-9056-991329e2526a,tg:rubgr:4335,e73_OriginalBrocade,1,kw,678d06af-3067-5686-aa6e-e46acd4acc0a,au::7000,keywords,,
57da21bb-5a94-5ead-9934-9082142b9fee,tg:rubgr:747,e73_OriginalBrocade,1,kw,96897c66-14f1-56e2-b6c5-594e386ef493,au::22658,keywords,,
c7aec78c-8532-545d-88de-9dbfcf0fd803,tg:rubgr:3775,e73_OriginalBrocade,1,kw,68745e68-be77-5308-846a-b1ac1c29f49d,au::16398,keywords,,
c7aec78c-8532-545d-88de-9dbfcf0fd803,tg:rubgr:3775,e73_OriginalBrocade,2,kw,df8d0808-2f42-514f-ab20-996682149ef7,au::110014,keywords,,
c7aec78c-8532-545d-88de-9dbfcf0fd803,tg:rubgr:3775,e73_OriginalBrocade,3,kw,9c3408c8-64d2-5b4d-87ae-4517d546a9fe,au::38515,keywords,,
3d93db89-2a11-5319-be9c-4d8f5e5f71b6,tg:rubgr:2542,e73_OriginalBrocade,1,kw,5de586ee-e0d0-565c-af2a-ab1cef461bb5,au::24804,keywords,,
c74580b0-38c2-5ebb-9d69-fff64f957d2f,tg:rubgr:4176,e73_OriginalBrocade,1,kw,245507d0-711f-5d47-86c1-f8992140cb1b,au::14159,keywords,,
ef585d2d-1fe6-5c4d-a95d-3a942d6e334c,tg:rubgr:4200,e73_OriginalBrocade,1,kw,a1bde733-4566-50ec-9486-22ba97653faf,au::39802,keywords,,
0a29270b-6c2e-5b0b-a9c6-5f039e0f246a,tg:rubgr:2624,e73_OriginalBrocade,1,kw,51235f44-a7e4-5ca0-a78d-4890ed985df7,au::28177,keywords,,
0a29270b-6c2e-5b0b-a9c6-5f039e0f246a,tg:rubgr:2624,e73_OriginalBrocade,2,kw,adc10a3d-d3e4-5f12-b76b-ddce078b7105,au::18500,keywords,,
306f0d14-8de1-5cdb-bfd3-489b9cd4ff02,tg:rubgr:1273,e73_OriginalBrocade,1,kw,52eca42b-9f44-5cb3-a2e2-61627f08810c,au::10517,keywords,,
fa0cdd10-82a9-5442-86c2-7d846684e5aa,tg:rubgr:2071,e73_OriginalBrocade,1,kw,9c9d51cf-2e5c-51bd-a1c3-f73306103df0,au::37551,keywords,,
61bedaab-5e68-5314-8891-bbb818167e98,tg:rubgr:4629,e73_OriginalBrocade,1,kw,678d06af-3067-5686-aa6e-e46acd4acc0a,au::7000,keywords,,
61bedaab-5e68-5314-8891-bbb818167e98,tg:rubgr:4629,e73_OriginalBrocade,2,kw,ec6d3693-5e6d-5a6c-b558-266f9b81456b,au::9228,keywords,,
51b93138-3c04-56df-b1bf-ef691d60eaef,tg:rubgr:4741,e73_OriginalBrocade,1,kw,fab9c8af-c93f-53b3-aa3f-4cea006fe809,au::31138,keywords,,
431b4bc8-4283-5b9b-9d4b-84fb9553e4f5,tg:rubgr:1704,e73_OriginalBrocade,1,kw,73d739f9-bb6f-5cd0-b787-ab9a7724b446,au::26569,keywords,,
431b4bc8-4283-5b9b-9d4b-84fb9553e4f5,tg:rubgr:1704,e73_OriginalBrocade,2,kw,1ebab9ba-4419-5727-9309-47bcd9586ab8,au::32528,keywords,,
60796253-cec4-5743-aa3b-afaf54b28af7,tg:rubgr:2353,e73_OriginalBrocade,1,kw,59eb3f16-3ccd-5155-9cba-c85b515f01ef,au::3025,keywords,,
9826d58e-9c29-5b56-9f29-d2bfd6524c24,tg:rubgr:1141,e73_OriginalBrocade,1,kw,256eaded-a15e-57cd-83e0-8cf4eba910ee,au::16151,keywords,,
22efbe49-48c9-590f-aa8c-9111434722e6,tg:rubgr:4579,e73_OriginalBrocade,1,kw,adc10a3d-d3e4-5f12-b76b-ddce078b7105,au::18500,keywords,,
49fa177a-727c-56fa-b70d-4f2113c9c98a,tg:rubgr:1909,e73_OriginalBrocade,1,kw,d01a462a-1d54-5ba8-8442-1e49b3ca723e,au::3232,keywords,,
92324dbb-9400-5858-a1b9-01493d86b09e,tg:rubgr:1803,e73_OriginalBrocade,1,kw,73d739f9-bb6f-5cd0-b787-ab9a7724b446,au::26569,keywords,,
c8c87caf-b0de-5d54-ab18-0ea269429875,tg:rubgr:3308,e73_OriginalBrocade,1,kw,3949d0c3-4d97-51e3-9508-2f8562701189,au::12358,keywords,,
c8c87caf-b0de-5d54-ab18-0ea269429875,tg:rubgr:3308,e73_OriginalBrocade,2,kw,adc10a3d-d3e4-5f12-b76b-ddce078b7105,au::18500,keywords,,
c0839853-770c-5031-834c-13b78b1bb90a,tg:rubgr:4236,e73_OriginalBrocade,1,kw,73d739f9-bb6f-5cd0-b787-ab9a7724b446,au::26569,keywords,,
b0775a9d-c7c0-561a-9899-ae8d18d70d56,tg:rubgr:32,e73_OriginalBrocade,1,kw,adc10a3d-d3e4-5f12-b76b-ddce078b7105,au::18500,keywords,,
f1762455-5024-573e-8b42-2be0f5982427,tg:rubgr:22,e73_OriginalBrocade,1,kw,adc10a3d-d3e4-5f12-b76b-ddce078b7105,au::18500,keywords,,
b0ef7482-bf07-5329-ba5b-d5825210cdae,tg:rubgr:2331,e73_OriginalBrocade,1,kw,59eb3f16-3ccd-5155-9cba-c85b515f01ef,au::3025,keywords,,
33f65fa5-1d36-5f9b-9b1a-e6afd3c65108,tg:rubgr:4705,e73_OriginalBrocade,1,kw,a1bde733-4566-50ec-9486-22ba97653faf,au::39802,keywords,,
33f65fa5-1d36-5f9b-9b1a-e6afd3c65108,tg:rubgr:4705,e73_OriginalBrocade,2,kw,b87c785b-509e-571f-b9b8-a9631276b6bd,au::5413,keywords,,
4b30ba12-3718-5f16-85cc-a148c3099306,tg:rubgr:3106,e73_OriginalBrocade,1,kw,126aa01e-9148-54f2-bfce-99090c97d227,au::12357,keywords,,
92818cf0-7fb6-5fb0-8ad9-2b46189ba9f3,tg:rubgr:2564,e73_OriginalBrocade,1,kw,df8d0808-2f42-514f-ab20-996682149ef7,au::110014,keywords,,
92818cf0-7fb6-5fb0-8ad9-2b46189ba9f3,tg:rubgr:2564,e73_OriginalBrocade,2,kw,3ea8b7f2-0375-50c8-9392-43d6bc530cb5,au::28114,keywords,,
92818cf0-7fb6-5fb0-8ad9-2b46189ba9f3,tg:rubgr:2564,e73_OriginalBrocade,3,kw,3ffa1759-7d8f-5418-86a2-32fdede71568,au::43758,keywords,,
92818cf0-7fb6-5fb0-8ad9-2b46189ba9f3,tg:rubgr:2564,e73_OriginalBrocade,4,kw,1b523739-7e87-5195-8ff1-a0d4fd9279b6,au::24498,keywords,,
8f8bace3-1428-5022-b067-8a2ecc18bf70,tg:rubgr:1792,e73_OriginalBrocade,1,kw,59eb3f16-3ccd-5155-9cba-c85b515f01ef,au::3025,keywords,,
8f8bace3-1428-5022-b067-8a2ecc18bf70,tg:rubgr:1792,e73_OriginalBrocade,2,kw,0c4d1392-1949-53c5-b9fa-dbd486d50089,au::5988,keywords,,
5c876b3f-7d67-5321-a918-24c7a1e05dfc,tg:rubgr:134,e73_OriginalBrocade,1,kw,ec6d3693-5e6d-5a6c-b558-266f9b81456b,au::9228,keywords,,
5c876b3f-7d67-5321-a918-24c7a1e05dfc,tg:rubgr:134,e73_OriginalBrocade,2,kw,7682857e-71d3-5afc-9cb8-a70f3b5ce270,au::18866,keywords,,
5c876b3f-7d67-5321-a918-24c7a1e05dfc,tg:rubgr:134,e73_OriginalBrocade,3,kw,52eca42b-9f44-5cb3-a2e2-61627f08810c,au::10517,keywords,,
5c876b3f-7d67-5321-a918-24c7a1e05dfc,tg:rubgr:134,e73_OriginalBrocade,4,kw,df393854-c276-5a23-9e82-42808aab2993,au::48144,keywords,,
cadb1ba9-8363-5c87-a814-91e8e544076e,tg:rubgr:3284,e73_OriginalBrocade,1,kw,ca79196f-9430-56d2-86ca-543e10adef0a,au::3027,keywords,,
0e93b108-4048-568c-9ddf-1e033432cb64,tg:rubgr:2162,e73_OriginalBrocade,1,kw,df8d0808-2f42-514f-ab20-996682149ef7,au::110014,keywords,,
79b9b1a4-d096-5ecc-9407-a63a4f8cdfd8,tg:rubgr:5124,e73_OriginalBrocade,1,kw,51235f44-a7e4-5ca0-a78d-4890ed985df7,au::28177,keywords,,
69d232b3-13c8-5fc9-851a-11c177c05a56,tg:rubgr:1208,e73_OriginalBrocade,1,kw,4fd76377-5c60-5949-a1f5-8d7453c6c945,au::28097,keywords,,
d6b93a71-5062-53d8-a45f-2068f718a811,tg:rubgr:5134,e73_OriginalBrocade,1,kw,dac1ccf2-cc05-5f38-93fb-c0da287b92a8,au::28158,keywords,,
24d3dfe2-a39f-5132-85bb-c0b2006ddc03,tg:rubgr:4313,e73_OriginalBrocade,1,kw,68745e68-be77-5308-846a-b1ac1c29f49d,au::16398,keywords,,
24d3dfe2-a39f-5132-85bb-c0b2006ddc03,tg:rubgr:4313,e73_OriginalBrocade,2,kw,df8d0808-2f42-514f-ab20-996682149ef7,au::110014,keywords,,
c021825f-4e7e-551c-8684-5973e3606857,tg:rubgr:4884,e73_OriginalBrocade,1,kw,d01a462a-1d54-5ba8-8442-1e49b3ca723e,au::3232,keywords,,
c021825f-4e7e-551c-8684-5973e3606857,tg:rubgr:4884,e73_OriginalBrocade,2,kw,ec6d3693-5e6d-5a6c-b558-266f9b81456b,au::9228,keywords,,
b3f9443a-116b-56d6-bcd6-cc94b815cbaa,tg:rubgr:4894,e73_OriginalBrocade,1,kw,df8d0808-2f42-514f-ab20-996682149ef7,au::110014,keywords,,
51b66bb9-3e0d-5a13-807c-3edad416c7be,tg:rubgr:4748,e73_OriginalBrocade,1,kw,59eb3f16-3ccd-5155-9cba-c85b515f01ef,au::3025,keywords,,
99fd4ea6-ceab-5d53-a439-f76ca41d2aee,tg:rubgr:4758,e73_OriginalBrocade,1,kw,51235f44-a7e4-5ca0-a78d-4890ed985df7,au::28177,keywords,,
a86204bc-4cb7-5a79-a844-8b233a99dba3,tg:rubgr:4642,e73_OriginalBrocade,1,kw,adc10a3d-d3e4-5f12-b76b-ddce078b7105,au::18500,keywords,,
ee263337-46f0-5dab-ab65-ba0b68535cdb,tg:rubgr:1885,e73_OriginalBrocade,1,kw,c7c2d91e-bcf9-57c2-a0b3-16e65966862e,au::6121,keywords,,
ee263337-46f0-5dab-ab65-ba0b68535cdb,tg:rubgr:1885,e73_OriginalBrocade,2,kw,fab9c8af-c93f-53b3-aa3f-4cea006fe809,au::31138,keywords,,
ad86531c-f059-5bfe-bf2f-e1fd07bb2659,tg:rubgr:2276,e73_OriginalBrocade,1,kw,59eb3f16-3ccd-5155-9cba-c85b515f01ef,au::3025,keywords,,
ad86531c-f059-5bfe-bf2f-e1fd07bb2659,tg:rubgr:2276,e73_OriginalBrocade,2,kw,d01a462a-1d54-5ba8-8442-1e49b3ca723e,au::3232,keywords,,
8e217604-7677-515a-ac2a-50b911238a5f,tg:rubgr:3337,e73_OriginalBrocade,1,kw,73e8f6cc-3f86-5ad2-9b4d-0f7a2029707d,au::3028,keywords,,
8e217604-7677-515a-ac2a-50b911238a5f,tg:rubgr:3337,e73_OriginalBrocade,2,kw,678d06af-3067-5686-aa6e-e46acd4acc0a,au::7000,keywords,,
f4ec75da-33fb-5cf0-96ed-3553e0d4fb63,tg:rubgr:2078,e73_OriginalBrocade,1,kw,80754f9b-1017-5203-bdbe-21d44d44cfb4,au::28369,keywords,,
2855e31c-ce21-5411-a42d-062dd3afa408,tg:rubgr:2068,e73_OriginalBrocade,1,kw,9c9d51cf-2e5c-51bd-a1c3-f73306103df0,au::37551,keywords,,
0f83f22e-d2ed-5830-b4a5-86afc315aebc,tg:rubgr:146,e73_OriginalBrocade,1,kw,ec6d3693-5e6d-5a6c-b558-266f9b81456b,au::9228,keywords,,
040029f8-7a84-50b1-8f46-e542948b2f67,tg:rubgr:1954,e73_OriginalBrocade,1,kw,dc3244f2-86f5-5247-a04c-d95095e33f02,au::32563,keywords,,
30f2f5c7-5e03-54ee-bc9e-777e309a83df,tg:rubgr:5299,e73_OriginalBrocade,1,kw,75ab4197-b138-51cd-862c-a952d9c09d73,au::1163,keywords,,
47caceaa-5a3e-5995-849f-179917071a66,tg:rubgr:551,e73_OriginalBrocade,1,kw,df8d0808-2f42-514f-ab20-996682149ef7,au::110014,keywords,,
47caceaa-5a3e-5995-849f-179917071a66,tg:rubgr:551,e73_OriginalBrocade,2,kw,8e6df2a1-cc0f-5a41-b61d-ec8b6ea9e1e1,au::111146,keywords,,
a4e51b95-0eb8-5bb9-9d34-3144747349a7,tg:rubgr:1140,e73_OriginalBrocade,1,kw,256eaded-a15e-57cd-83e0-8cf4eba910ee,au::16151,keywords,,
f4a0af18-9321-5a0a-a001-cab9f9dbd3de,tg:rubgr:2352,e73_OriginalBrocade,1,kw,59eb3f16-3ccd-5155-9cba-c85b515f01ef,au::3025,keywords,,
597b8047-6b8f-5fa7-b12b-7b2b2b160f45,tg:rubgr:41,e73_OriginalBrocade,1,kw,51235f44-a7e4-5ca0-a78d-4890ed985df7,au::28177,keywords,,
63b02781-3090-5757-8c06-addf91f6c5f7,tg:rubgr:2342,e73_OriginalBrocade,1,kw,59eb3f16-3ccd-5155-9cba-c85b515f01ef,au::3025,keywords,,
63b02781-3090-5757-8c06-addf91f6c5f7,tg:rubgr:2342,e73_OriginalBrocade,2,kw,2a63f3f2-ca2a-5958-b3b0-ee480a61ae1e,au::9845,keywords,,
28f18d26-cc19-5083-8d53-dc05afacc005,tg:rubgr:1705,e73_OriginalBrocade,1,kw,73d739f9-bb6f-5cd0-b787-ab9a7724b446,au::26569,keywords,,
4c297e0e-3a9a-51b2-a0aa-9a499db91122,tg:rubgr:1226,e73_OriginalBrocade,1,kw,ca79196f-9430-56d2-86ca-543e10adef0a,au::3027,keywords,,
4c297e0e-3a9a-51b2-a0aa-9a499db91122,tg:rubgr:1226,e73_OriginalBrocade,2,kw,59eb3f16-3ccd-5155-9cba-c85b515f01ef,au::3025,keywords,,
4c297e0e-3a9a-51b2-a0aa-9a499db91122,tg:rubgr:1226,e73_OriginalBrocade,3,kw,631077ff-8783-5f60-8ec6-5f5bcafe8f5f,au::15317,keywords,,
a654ec29-007a-5b35-bd5f-64703e4be4a7,tg:rubgr:1236,e73_OriginalBrocade,1,kw,b87c785b-509e-571f-b9b8-a9631276b6bd,au::5413,keywords,,
d6a29515-b36b-5fd2-a639-b134f95bd2b5,tg:rubgr:1254,e73_OriginalBrocade,1,kw,631077ff-8783-5f60-8ec6-5f5bcafe8f5f,au::15317,keywords,,
feff8e43-33c6-586d-a63f-3aabe0f40d02,tg:rubgr:3271,e73_OriginalBrocade,1,kw,3e4698ed-6200-5ca0-a212-ee6236fdd173,au::28096,keywords,,
feff8e43-33c6-586d-a63f-3aabe0f40d02,tg:rubgr:3271,e73_OriginalBrocade,2,kw,d4f69e55-99df-5c54-b739-472d12fa4387,au::1127,keywords,,
feff8e43-33c6-586d-a63f-3aabe0f40d02,tg:rubgr:3271,e73_OriginalBrocade,3,kw,330db244-c742-5752-a85a-e00f1ba63114,au::9212,keywords,,
feff8e43-33c6-586d-a63f-3aabe0f40d02,tg:rubgr:3271,e73_OriginalBrocade,4,kw,dc2aa363-6c03-5f56-8bf6-b5204fbe9983,au::55660,keywords,,
5f509661-a9ca-5428-9cea-3150684758e9,tg:rubgr:2613,e73_OriginalBrocade,1,kw,0c4d1392-1949-53c5-b9fa-dbd486d50089,au::5988,keywords,,
5f509661-a9ca-5428-9cea-3150684758e9,tg:rubgr:2613,e73_OriginalBrocade,2,kw,7fe9ad1d-e913-5bd8-8e57-fcafecaf3f24,au::45623,keywords,,
facb367c-ddb7-5741-b6df-cfc80a08be6d,tg:rubgr:2258,e73_OriginalBrocade,1,kw,73e8f6cc-3f86-5ad2-9b4d-0f7a2029707d,au::3028,keywords,,
facb367c-ddb7-5741-b6df-cfc80a08be6d,tg:rubgr:2258,e73_OriginalBrocade,2,kw,3dce806e-0337-5f22-9c0e-01bffc770398,au::32507,keywords,,
cbb70cf0-272b-5c28-97e2-3f23c0d3fb11,tg:rubgr:33,e73_OriginalBrocade,1,kw,adc10a3d-d3e4-5f12-b76b-ddce078b7105,au::18500,keywords,,
e2b87fed-e2ed-59cd-a9e4-bf398a4079c3,tg:rubgr:3837,e73_OriginalBrocade,1,kw,3464bd9b-160b-5593-af60-a0df0670c149,au::32534,keywords,,
f94406b6-2668-51a7-bd9a-84de9eab270c,tg:rubgr:1802,e73_OriginalBrocade,1,kw,ca79196f-9430-56d2-86ca-543e10adef0a,au::3027,keywords,,
f94406b6-2668-51a7-bd9a-84de9eab270c,tg:rubgr:1802,e73_OriginalBrocade,2,kw,6f5aef52-f1ad-5f58-a70d-2bd0c425eb74,au::12271,keywords,,
7e0b0814-9e67-5c3a-a6a6-2199694a7043,tg:rubgr:2197,e73_OriginalBrocade,1,kw,d01a462a-1d54-5ba8-8442-1e49b3ca723e,au::3232,keywords,,
7e0b0814-9e67-5c3a-a6a6-2199694a7043,tg:rubgr:2197,e73_OriginalBrocade,2,kw,6f5aef52-f1ad-5f58-a70d-2bd0c425eb74,au::12271,keywords,,
a3414e38-94c6-5cbb-af3f-510200cf48e3,tg:rubgr:2187,e73_OriginalBrocade,1,kw,ca79196f-9430-56d2-86ca-543e10adef0a,au::3027,keywords,,
f2d74817-76d6-519a-b73b-b5a3ef08693f,tg:rubgr:1219,e73_OriginalBrocade,1,kw,678d06af-3067-5686-aa6e-e46acd4acc0a,au::7000,keywords,,
f2d74817-76d6-519a-b73b-b5a3ef08693f,tg:rubgr:1219,e73_OriginalBrocade,2,kw,ca79196f-9430-56d2-86ca-543e10adef0a,au::3027,keywords,,
0f831782-799d-5b7b-be48-4cbe7b30c294,tg:rubgr:1361,e73_OriginalBrocade,1,kw,4fd76377-5c60-5949-a1f5-8d7453c6c945,au::28097,keywords,,
3b50952c-457d-5704-ae9e-0810fa0cc132,tg:rubgr:5125,e73_OriginalBrocade,1,kw,51235f44-a7e4-5ca0-a78d-4890ed985df7,au::28177,keywords,,
a2e59cf9-9a0b-5ccf-a096-958afb5be59e,tg:rubgr:4749,e73_OriginalBrocade,1,kw,678d06af-3067-5686-aa6e-e46acd4acc0a,au::7000,keywords,,
0a2c60e8-d937-5f6f-b25d-d83e35a5e8ed,tg:rubgr:4885,e73_OriginalBrocade,1,kw,51235f44-a7e4-5ca0-a78d-4890ed985df7,au::28177,keywords,,
756aef89-93f2-578f-b3f7-e6d8631f1f2f,tg:rubgr:2581,e73_OriginalBrocade,1,kw,3ea8b7f2-0375-50c8-9392-43d6bc530cb5,au::28114,keywords,,
8d0c5943-caa9-59dc-b3b6-61b3baa2cd3b,tg:rubgr:135,e73_OriginalBrocade,1,kw,ec6d3693-5e6d-5a6c-b558-266f9b81456b,au::9228,keywords,,
8d0c5943-caa9-59dc-b3b6-61b3baa2cd3b,tg:rubgr:135,e73_OriginalBrocade,2,kw,df393854-c276-5a23-9e82-42808aab2993,au::48144,keywords,,
59543e29-d5ae-5c71-9f1a-aa337d87649a,tg:rubgr:712,e73_OriginalBrocade,1,kw,7682857e-71d3-5afc-9cb8-a70f3b5ce270,au::18866,keywords,,
2cf12894-70e3-5aff-a0b7-b92614f88dbb,tg:rubgr:5096,e73_OriginalBrocade,1,kw,90791ae1-6b3f-5e62-bf73-d52b3d303d0b,au::58309,keywords,,
4cd2f04a-7b90-5b3a-a69d-ce874577e248,tg:rubgr:147,e73_OriginalBrocade,1,kw,ec6d3693-5e6d-5a6c-b558-266f9b81456b,au::9228,keywords,,
22824596-e42f-5614-b1f9-a00ea5f40fc5,tg:rubgr:157,e73_OriginalBrocade,1,kw,ec6d3693-5e6d-5a6c-b558-266f9b81456b,au::9228,keywords,,
eff228a7-ced6-56d7-bc04-f134b20a3648,tg:rubgr:1487,e73_OriginalBrocade,1,kw,51235f44-a7e4-5ca0-a78d-4890ed985df7,au::28177,keywords,,
eff228a7-ced6-56d7-bc04-f134b20a3648,tg:rubgr:1487,e73_OriginalBrocade,2,kw,678d06af-3067-5686-aa6e-e46acd4acc0a,au::7000,keywords,,
6af82a1e-0544-5694-9369-8873ec60b602,tg:rubgr:2422,e73_OriginalBrocade,1,kw,59eb3f16-3ccd-5155-9cba-c85b515f01ef,au::3025,keywords,,
6af82a1e-0544-5694-9369-8873ec60b602,tg:rubgr:2422,e73_OriginalBrocade,2,kw,11a69275-f38a-53eb-97b3-706095f79a95,au::6813,keywords,,
6af82a1e-0544-5694-9369-8873ec60b602,tg:rubgr:2422,e73_OriginalBrocade,3,kw,6fd10a64-f9ee-5883-9001-82d989ccd63c,au::7664,keywords,,
6af82a1e-0544-5694-9369-8873ec60b602,tg:rubgr:2422,e73_OriginalBrocade,4,kw,df8d0808-2f42-514f-ab20-996682149ef7,au::110014,keywords,,
3b913c6e-5f67-5ca1-9425-c7bc9959339e,tg:rubgr:2277,e73_OriginalBrocade,1,kw,59eb3f16-3ccd-5155-9cba-c85b515f01ef,au::3025,keywords,,
3b913c6e-5f67-5ca1-9425-c7bc9959339e,tg:rubgr:2277,e73_OriginalBrocade,2,kw,d01a462a-1d54-5ba8-8442-1e49b3ca723e,au::3232,keywords,,
0ed31af7-4bd1-5328-a0c6-98931f5c424b,tg:rubgr:1894,e73_OriginalBrocade,1,kw,200fab84-9b5a-5d6e-aaa0-32e5262ea902,au::32610,keywords,,
b09a33a8-8b67-5037-bae7-77cb54f61ef3,tg:rubgr:2069,e73_OriginalBrocade,1,kw,9c9d51cf-2e5c-51bd-a1c3-f73306103df0,au::37551,keywords,,
0fb9fe04-0185-55b6-8256-a1cb49d6d872,tg:rubgr:5009,e73_OriginalBrocade,1,kw,adc10a3d-d3e4-5f12-b76b-ddce078b7105,au::18500,keywords,,
2c0d1c5c-3b3c-5ed3-a03e-1ac2b6e5e96a,tg:rubgr:1325,e73_OriginalBrocade,1,kw,e96d5ca5-f85d-5034-9bb0-7c11af8169c6,au::32595,keywords,,
d05ba72a-feae-52a9-982d-b46a7d69deae,tg:rubgr:929,e73_OriginalBrocade,1,kw,ca79196f-9430-56d2-86ca-543e10adef0a,au::3027,keywords,,
d05ba72a-feae-52a9-982d-b46a7d69deae,tg:rubgr:929,e73_OriginalBrocade,2,kw,df8d0808-2f42-514f-ab20-996682149ef7,au::110014,keywords,,
25ed9fc9-fb8e-534b-9136-7ae1188d77f1,tg:rubgr:2404,e73_OriginalBrocade,1,kw,73e8f6cc-3f86-5ad2-9b4d-0f7a2029707d,au::3028,keywords,,
634ee13a-2057-5a74-8f2d-6b61c9dd50d4,tg:rubgr:4910,e73_OriginalBrocade,1,kw,490ae92d-9afb-5625-83d0-bb0b2adca4b6,au::36623,keywords,,
4e6ac81d-ee37-5b2b-bed8-97eaab5d7aaf,tg:rubgr:217,e73_OriginalBrocade,1,kw,80754f9b-1017-5203-bdbe-21d44d44cfb4,au::28369,keywords,,
06f41c81-ecde-5cdc-9f6d-53f23bcaf371,tg:rubgr:2380,e73_OriginalBrocade,1,kw,4fd76377-5c60-5949-a1f5-8d7453c6c945,au::28097,keywords,,
9479dedb-3ae2-5fe2-aee7-c74fa0a57562,tg:rubgr:171,e73_OriginalBrocade,1,kw,73e8f6cc-3f86-5ad2-9b4d-0f7a2029707d,au::3028,keywords,,
4ec1935b-b00a-5130-909c-18ba79d416fc,tg:rubgr:1879,e73_OriginalBrocade,1,kw,ca79196f-9430-56d2-86ca-543e10adef0a,au::3027,keywords,,
5e4f8615-f29e-5012-bb9b-e28dfe78b357,tg:rubgr:5103,e73_OriginalBrocade,1,kw,90791ae1-6b3f-5e62-bf73-d52b3d303d0b,au::58309,keywords,,
5e4f8615-f29e-5012-bb9b-e28dfe78b357,tg:rubgr:5103,e73_OriginalBrocade,2,kw,8a8cdd97-0fe0-527a-afd5-e0d6da51084f,au::7887,keywords,,
c065ed68-e140-5267-933d-a89ce7a0cd90,tg:rubgr:2145,e73_OriginalBrocade,1,kw,ca79196f-9430-56d2-86ca-543e10adef0a,au::3027,keywords,,
c065ed68-e140-5267-933d-a89ce7a0cd90,tg:rubgr:2145,e73_OriginalBrocade,2,kw,adc10a3d-d3e4-5f12-b76b-ddce078b7105,au::18500,keywords,,
c065ed68-e140-5267-933d-a89ce7a0cd90,tg:rubgr:2145,e73_OriginalBrocade,3,kw,9c3408c8-64d2-5b4d-87ae-4517d546a9fe,au::38515,keywords,,
1a01aa84-22e9-565e-9fa9-8752c34f0931,tg:rubgr:3801,e73_OriginalBrocade,1,kw,3dce806e-0337-5f22-9c0e-01bffc770398,au::32507,keywords,,
10f0caef-5908-592f-a750-3a0939d92a89,tg:rubgr:5281,e73_OriginalBrocade,1,kw,c7c2d91e-bcf9-57c2-a0b3-16e65966862e,au::6121,keywords,,
146ab5e1-161e-5a23-b9c9-6c0c8b5b8f73,tg:rubgr:1741,e73_OriginalBrocade,1,kw,73d739f9-bb6f-5cd0-b787-ab9a7724b446,au::26569,keywords,,
e4b00dc0-fc68-59f7-a523-8343d20673d9,tg:rubgr:4732,e73_OriginalBrocade,1,kw,3e4698ed-6200-5ca0-a212-ee6236fdd173,au::28096,keywords,,
3c2bcf4c-2a4e-528a-8dcb-b2d9aaaf1fed,tg:rubgr:5026,e73_OriginalBrocade,1,kw,51235f44-a7e4-5ca0-a78d-4890ed985df7,au::28177,keywords,,
02de1f5f-b55b-5400-88cc-c80ab45e47f0,tg:rubgr:4201,e73_OriginalBrocade,1,kw,a1bde733-4566-50ec-9486-22ba97653faf,au::39802,keywords,,
4b9a7cae-7f39-53e6-a886-12253e83b410,tg:rubgr:2635,e73_OriginalBrocade,1,kw,ca79196f-9430-56d2-86ca-543e10adef0a,au::3027,keywords,,
4b9a7cae-7f39-53e6-a886-12253e83b410,tg:rubgr:2635,e73_OriginalBrocade,2,kw,6b25665f-b10b-5534-af0a-aa43378ed64a,au::107323,keywords,,
e77961c2-e574-580d-b2c1-bf7a6f04966a,tg:rubgr:4628,e73_OriginalBrocade,1,kw,19180a17-86f1-50ca-842f-7bcc4add0f26,au::5346,keywords,,
e77961c2-e574-580d-b2c1-bf7a6f04966a,tg:rubgr:4628,e73_OriginalBrocade,2,kw,ec6d3693-5e6d-5a6c-b558-266f9b81456b,au::9228,keywords,,
270908e5-af8c-525c-af85-35f5e7e199fe,tg:rubgr:1959,e73_OriginalBrocade,1,kw,7fe9255d-3206-5595-8c90-e427e58abd56,au::41802,keywords,,
67478663-62dc-502d-800b-4fe9de2ed62d,tg:rubgr:4590,e73_OriginalBrocade,1,kw,68745e68-be77-5308-846a-b1ac1c29f49d,au::16398,keywords,,
3139990c-9212-537a-b2d5-94c24676ad01,tg:rubgr:4580,e73_OriginalBrocade,1,kw,adc10a3d-d3e4-5f12-b76b-ddce078b7105,au::18500,keywords,,
3d1331f1-7883-562f-af94-d47d01dd2284,tg:rubgr:1277,e73_OriginalBrocade,1,kw,59eb3f16-3ccd-5155-9cba-c85b515f01ef,au::3025,keywords,,
a1627d11-c9b7-5498-973c-c589b2b544e4,tg:rubgr:1744,e73_OriginalBrocade,1,kw,73d739f9-bb6f-5cd0-b787-ab9a7724b446,au::26569,keywords,,
f6abb5ff-25da-58e0-959a-3be5d2403734,tg:rubgr:4172,e73_OriginalBrocade,1,kw,ca79196f-9430-56d2-86ca-543e10adef0a,au::3027,keywords,,
5212f402-3b1d-5546-b2de-d4684288b5a1,tg:rubgr:2546,e73_OriginalBrocade,1,kw,ca79196f-9430-56d2-86ca-543e10adef0a,au::3027,keywords,,
4f22890a-a2dd-5812-ae4d-259d062631a9,tg:rubgr:4745,e73_OriginalBrocade,1,kw,06c3708c-6ae1-5ace-8def-fc73c1dbc54d,au::108637,keywords,,
d0d4e274-65d6-5e6b-b2fd-5ede0e4584e2,tg:rubgr:2371,e73_OriginalBrocade,1,kw,59eb3f16-3ccd-5155-9cba-c85b515f01ef,au::3025,keywords,,
d0d4e274-65d6-5e6b-b2fd-5ede0e4584e2,tg:rubgr:2371,e73_OriginalBrocade,2,kw,dac1ccf2-cc05-5f38-93fb-c0da287b92a8,au::28158,keywords,,
404b7b03-5ba4-568a-bc4a-bc76cfa85e8a,tg:rubgr:961,e73_OriginalBrocade,1,kw,59eb3f16-3ccd-5155-9cba-c85b515f01ef,au::3025,keywords,,
83748b50-66d9-5468-92fa-c44b62901dec,tg:rubgr:5129,e73_OriginalBrocade,1,kw,d87501bf-c824-59f6-ac96-1781141b98be,au::107189,keywords,,
eff2d217-fae2-5924-9778-56d995b281de,tg:rubgr:129,e73_OriginalBrocade,1,kw,ec6d3693-5e6d-5a6c-b558-266f9b81456b,au::9228,keywords,,
fcd73a9b-f988-50d4-a977-935cc945712c,tg:rubgr:139,e73_OriginalBrocade,1,kw,ec6d3693-5e6d-5a6c-b558-266f9b81456b,au::9228,keywords,,
fcd73a9b-f988-50d4-a977-935cc945712c,tg:rubgr:139,e73_OriginalBrocade,2,kw,df393854-c276-5a23-9e82-42808aab2993,au::48144,keywords,,
44da81d7-4553-58ec-a97c-c74492508f52,tg:rubgr:572,e73_OriginalBrocade,1,kw,415d3970-81f1-5551-a6e8-42f5af0b534e,au::2463,keywords,,
44da81d7-4553-58ec-a97c-c74492508f52,tg:rubgr:572,e73_OriginalBrocade,2,kw,dc2aa363-6c03-5f56-8bf6-b5204fbe9983,au::55660,keywords,,
09208c93-bc80-535c-98d4-82e96604fcaa,tg:rubgr:1046,e73_OriginalBrocade,1,kw,fa44fe96-321b-5575-8f8d-e4e1c0827f36,au::21301,keywords,,
2898159f-054a-5611-baa1-dad5a5cb6079,tg:rubgr:3438,e73_OriginalBrocade,1,kw,df8d0808-2f42-514f-ab20-996682149ef7,au::110014,keywords,,
21dc747b-a329-5b51-a55d-5ec10e1ec42f,tg:rubgr:1914,e73_OriginalBrocade,1,kw,678d06af-3067-5686-aa6e-e46acd4acc0a,au::7000,keywords,,
bf5ac1c5-bae9-5aa9-ad4b-caf4f7ebc7ed,tg:rubgr:106,e73_OriginalBrocade,1,kw,7682857e-71d3-5afc-9cb8-a70f3b5ce270,au::18866,keywords,,
00063283-a40e-5d5b-9b91-007a96b240a7,tg:rubgr:4331,e73_OriginalBrocade,1,kw,662a79e3-e96d-5e11-ad7a-5eb0864138d8,au::11139,keywords,,
00063283-a40e-5d5b-9b91-007a96b240a7,tg:rubgr:4331,e73_OriginalBrocade,2,kw,adc10a3d-d3e4-5f12-b76b-ddce078b7105,au::18500,keywords,,
00063283-a40e-5d5b-9b91-007a96b240a7,tg:rubgr:4331,e73_OriginalBrocade,3,kw,7ca6beec-144b-5524-bf1d-309f064c1574,au::32545,keywords,,
31eb45f1-e2e9-544a-8875-04a6f0b676db,tg:rubgr:3377,e73_OriginalBrocade,1,kw,df8d0808-2f42-514f-ab20-996682149ef7,au::110014,keywords,,
31eb45f1-e2e9-544a-8875-04a6f0b676db,tg:rubgr:3377,e73_OriginalBrocade,2,kw,fab9c8af-c93f-53b3-aa3f-4cea006fe809,au::31138,keywords,,
b0b534ff-f56d-5e6b-8a5b-26f9559d874a,tg:rubgr:5106,e73_OriginalBrocade,1,kw,80abb133-7c38-5ef5-aa40-d82d46a3245d,au::14164,keywords,,
97740c9b-e58d-5f18-a824-a23917114135,tg:rubgr:1034,e73_OriginalBrocade,1,kw,256eaded-a15e-57cd-83e0-8cf4eba910ee,au::16151,keywords,,
97740c9b-e58d-5f18-a824-a23917114135,tg:rubgr:1034,e73_OriginalBrocade,2,kw,d01a462a-1d54-5ba8-8442-1e49b3ca723e,au::3232,keywords,,
97740c9b-e58d-5f18-a824-a23917114135,tg:rubgr:1034,e73_OriginalBrocade,3,kw,ff6a51ba-e98d-5a1d-8a59-563e60dad251,au::37698,keywords,,
841bc406-c0cd-547b-a012-ce8769cf5ef9,tg:rubgr:2236,e73_OriginalBrocade,1,kw,4fd76377-5c60-5949-a1f5-8d7453c6c945,au::28097,keywords,,
c2f7fb2c-c2e1-5e1c-b516-8d99d8589329,tg:rubgr:5308,e73_OriginalBrocade,1,kw,73e8f6cc-3f86-5ad2-9b4d-0f7a2029707d,au::3028,keywords,,
c2f7fb2c-c2e1-5e1c-b516-8d99d8589329,tg:rubgr:5308,e73_OriginalBrocade,2,kw,245507d0-711f-5d47-86c1-f8992140cb1b,au::14159,keywords,,
58f9dad5-aefb-51a1-84df-029f4c261146,tg:rubgr:2473,e73_OriginalBrocade,1,kw,ca79196f-9430-56d2-86ca-543e10adef0a,au::3027,keywords,,
58f9dad5-aefb-51a1-84df-029f4c261146,tg:rubgr:2473,e73_OriginalBrocade,2,kw,59eb3f16-3ccd-5155-9cba-c85b515f01ef,au::3025,keywords,,
11df8c4a-fa33-5238-b65b-26ef0645f672,tg:rubgr:2200,e73_OriginalBrocade,1,kw,6f5aef52-f1ad-5f58-a70d-2bd0c425eb74,au::12271,keywords,,
0c6fb736-af7d-5411-935e-a710ffb1d2b5,tg:rubgr:4624,e73_OriginalBrocade,1,kw,d01a462a-1d54-5ba8-8442-1e49b3ca723e,au::3232,keywords,,
0c6fb736-af7d-5411-935e-a710ffb1d2b5,tg:rubgr:4624,e73_OriginalBrocade,2,kw,adc10a3d-d3e4-5f12-b76b-ddce078b7105,au::18500,keywords,,
b4be448c-7d96-542b-b8b3-b6965f47853a,tg:rubgr:2445,e73_OriginalBrocade,1,kw,59eb3f16-3ccd-5155-9cba-c85b515f01ef,au::3025,keywords,,
b4be448c-7d96-542b-b8b3-b6965f47853a,tg:rubgr:2445,e73_OriginalBrocade,2,kw,d3b00787-b5a3-5c7e-97c6-9a1a5410ec86,au::24409,keywords,,
1dfca717-4b9c-5590-ac3e-09a106e8effe,tg:rubgr:4890,e73_OriginalBrocade,1,kw,d01a462a-1d54-5ba8-8442-1e49b3ca723e,au::3232,keywords,,
1dfca717-4b9c-5590-ac3e-09a106e8effe,tg:rubgr:4890,e73_OriginalBrocade,2,kw,ec6d3693-5e6d-5a6c-b558-266f9b81456b,au::9228,keywords,,
70487371-f6c4-58f9-85ac-d433534e24ca,tg:rubgr:3341,e73_OriginalBrocade,1,kw,fa4e2a3e-55e0-5ab1-9d4f-1e4227ffe711,au::20701,keywords,,
65d8bf65-2479-5b96-875d-6e3166919a59,tg:rubgr:130,e73_OriginalBrocade,1,kw,126aa01e-9148-54f2-bfce-99090c97d227,au::12357,keywords,,
65d8bf65-2479-5b96-875d-6e3166919a59,tg:rubgr:130,e73_OriginalBrocade,2,kw,ec6d3693-5e6d-5a6c-b558-266f9b81456b,au::9228,keywords,,
65d8bf65-2479-5b96-875d-6e3166919a59,tg:rubgr:130,e73_OriginalBrocade,3,kw,df393854-c276-5a23-9e82-42808aab2993,au::48144,keywords,,
65d8bf65-2479-5b96-875d-6e3166919a59,tg:rubgr:130,e73_OriginalBrocade,4,kw,52eca42b-9f44-5cb3-a2e2-61627f08810c,au::10517,keywords,,
7d5dda87-b84c-58f9-a613-882068c4ac68,tg:rubgr:1796,e73_OriginalBrocade,1,kw,ca79196f-9430-56d2-86ca-543e10adef0a,au::3027,keywords,,
7d5dda87-b84c-58f9-a613-882068c4ac68,tg:rubgr:1796,e73_OriginalBrocade,2,kw,6f5aef52-f1ad-5f58-a70d-2bd0c425eb74,au::12271,keywords,,
dbe89c66-0159-59de-b6fa-2773876f800f,tg:rubgr:4797,e73_OriginalBrocade,1,kw,8f971df1-092b-5a37-8e0f-d345790debe5,au::12149,keywords,,
dbe89c66-0159-59de-b6fa-2773876f800f,tg:rubgr:4797,e73_OriginalBrocade,2,kw,80abb133-7c38-5ef5-aa40-d82d46a3245d,au::14164,keywords,,
c6395b4f-50b5-5178-974f-cf961382eef5,tg:rubgr:1950,e73_OriginalBrocade,1,kw,126aa01e-9148-54f2-bfce-99090c97d227,au::12357,keywords,,
c6395b4f-50b5-5178-974f-cf961382eef5,tg:rubgr:1950,e73_OriginalBrocade,2,kw,7fe9255d-3206-5595-8c90-e427e58abd56,au::41802,keywords,,
454e9eb5-8993-5652-a15e-56b42e3e49ea,tg:rubgr:4589,e73_OriginalBrocade,1,kw,4fd76377-5c60-5949-a1f5-8d7453c6c945,au::28097,keywords,,
ba95dbb3-1927-5be2-b1e6-12b06464a209,tg:rubgr:152,e73_OriginalBrocade,1,kw,51235f44-a7e4-5ca0-a78d-4890ed985df7,au::28177,keywords,,
ba95dbb3-1927-5be2-b1e6-12b06464a209,tg:rubgr:152,e73_OriginalBrocade,2,kw,df393854-c276-5a23-9e82-42808aab2993,au::48144,keywords,,
e5ecf9b6-1d4c-50c9-95e6-1013d54013e5,tg:rubgr:142,e73_OriginalBrocade,1,kw,2a63f3f2-ca2a-5958-b3b0-ee480a61ae1e,au::9845,keywords,,
e5ecf9b6-1d4c-50c9-95e6-1013d54013e5,tg:rubgr:142,e73_OriginalBrocade,2,kw,ec6d3693-5e6d-5a6c-b558-266f9b81456b,au::9228,keywords,,
27f36619-a863-5225-9ee2-ac17630bc8a3,tg:rubgr:4520,e73_OriginalBrocade,1,kw,7fe9ad1d-e913-5bd8-8e57-fcafecaf3f24,au::45623,keywords,,
1546075f-2ff9-5a37-8bdc-99c500f12c5d,tg:rubgr:1108,e73_OriginalBrocade,1,kw,255184a8-df8e-5816-9baa-a373b28a9f77,au::18139,keywords,,
f635780a-a7eb-5777-ab47-4b7edfce1103,tg:rubgr:19,e73_OriginalBrocade,1,kw,3ea8b7f2-0375-50c8-9392-43d6bc530cb5,au::28114,keywords,,
e91e3912-0d81-517d-a8f7-fe8fb59276bc,tg:rubgr:1875,e73_OriginalBrocade,1,kw,adc10a3d-d3e4-5f12-b76b-ddce078b7105,au::18500,keywords,,
e91e3912-0d81-517d-a8f7-fe8fb59276bc,tg:rubgr:1875,e73_OriginalBrocade,2,kw,df8d0808-2f42-514f-ab20-996682149ef7,au::110014,keywords,,
26fbcb38-fdb4-55cf-b46d-cfdfbc95aba8,tg:rubgr:2296,e73_OriginalBrocade,1,kw,ca79196f-9430-56d2-86ca-543e10adef0a,au::3027,keywords,,
26fbcb38-fdb4-55cf-b46d-cfdfbc95aba8,tg:rubgr:2296,e73_OriginalBrocade,2,kw,c3b54a35-fbb7-576a-9140-d4c4fc072959,au::35967,keywords,,
5696b8f6-1992-5d30-901f-f9d9346a1f16,tg:rubgr:554,e73_OriginalBrocade,1,kw,ca79196f-9430-56d2-86ca-543e10adef0a,au::3027,keywords,,
9759ccb4-cefd-5160-b364-e618cab59fa6,tg:rubgr:886,e73_OriginalBrocade,1,kw,9c5baa02-0c78-5afe-9c2b-969ef35e27eb,au::13200,keywords,,
30dd2f0f-1054-5d25-9e90-3a1f5977498b,tg:rubgr:2098,e73_OriginalBrocade,1,kw,d3b00787-b5a3-5c7e-97c6-9a1a5410ec86,au::24409,keywords,,
7d5f4a04-0c29-56ee-a264-a93db8a3f1ab,tg:rubgr:4328,e73_OriginalBrocade,1,kw,662a79e3-e96d-5e11-ad7a-5eb0864138d8,au::11139,keywords,,
7d5f4a04-0c29-56ee-a264-a93db8a3f1ab,tg:rubgr:4328,e73_OriginalBrocade,2,kw,e42f8f05-6292-5acc-8610-77239eecbae8,au::18210,keywords,,
8f68051b-1f71-5ce9-b7b9-4e2093038d0b,tg:rubgr:5279,e73_OriginalBrocade,1,kw,59eb3f16-3ccd-5155-9cba-c85b515f01ef,au::3025,keywords,,
938d58ef-a974-514e-b170-180cdbfa9854,tg:rubgr:44,e73_OriginalBrocade,1,kw,59eb3f16-3ccd-5155-9cba-c85b515f01ef,au::3025,keywords,,
938d58ef-a974-514e-b170-180cdbfa9854,tg:rubgr:44,e73_OriginalBrocade,2,kw,c7c2d91e-bcf9-57c2-a0b3-16e65966862e,au::6121,keywords,,
4f4c96fe-aa6f-5f35-95d6-0ae5fb25dfe7,tg:rubgr:2512,e73_OriginalBrocade,1,kw,ca79196f-9430-56d2-86ca-543e10adef0a,au::3027,keywords,,
5434ed15-e9ff-5a13-b3ef-4ab873a3b64f,tg:rubgr:2570,e73_OriginalBrocade,1,kw,4fd76377-5c60-5949-a1f5-8d7453c6c945,au::28097,keywords,,
14abb71e-ac5b-5073-bcaf-0834f1b9c94b,tg:rubgr:26,e73_OriginalBrocade,1,kw,678d06af-3067-5686-aa6e-e46acd4acc0a,au::7000,keywords,,
14abb71e-ac5b-5073-bcaf-0834f1b9c94b,tg:rubgr:26,e73_OriginalBrocade,2,kw,51235f44-a7e4-5ca0-a78d-4890ed985df7,au::28177,keywords,,
14abb71e-ac5b-5073-bcaf-0834f1b9c94b,tg:rubgr:26,e73_OriginalBrocade,3,kw,adc10a3d-d3e4-5f12-b76b-ddce078b7105,au::18500,keywords,,
d13b7032-7d8d-5c57-99ec-71af8e3be9f1,tg:rubgr:2616,e73_OriginalBrocade,1,kw,0c4d1392-1949-53c5-b9fa-dbd486d50089,au::5988,keywords,,
d13b7032-7d8d-5c57-99ec-71af8e3be9f1,tg:rubgr:2616,e73_OriginalBrocade,2,kw,7fe9ad1d-e913-5bd8-8e57-fcafecaf3f24,au::45623,keywords,,
dc93fed0-4046-5f31-8db4-65410ee740b1,tg:rubgr:4232,e73_OriginalBrocade,1,kw,73d739f9-bb6f-5cd0-b787-ab9a7724b446,au::26569,keywords,,
58e4f47e-8664-50fb-9582-849888db3e4f,tg:rubgr:1807,e73_OriginalBrocade,1,kw,73d739f9-bb6f-5cd0-b787-ab9a7724b446,au::26569,keywords,,
b96e5d67-34c8-5fd8-9a85-af76f48da7df,tg:rubgr:131,e73_OriginalBrocade,1,kw,126aa01e-9148-54f2-bfce-99090c97d227,au::12357,keywords,,
b96e5d67-34c8-5fd8-9a85-af76f48da7df,tg:rubgr:131,e73_OriginalBrocade,2,kw,2a63f3f2-ca2a-5958-b3b0-ee480a61ae1e,au::9845,keywords,,
b96e5d67-34c8-5fd8-9a85-af76f48da7df,tg:rubgr:131,e73_OriginalBrocade,3,kw,ec6d3693-5e6d-5a6c-b558-266f9b81456b,au::9228,keywords,,
920f7788-0366-53db-a93c-d5dbb1b7be48,tg:rubgr:1797,e73_OriginalBrocade,1,kw,6f5aef52-f1ad-5f58-a70d-2bd0c425eb74,au::12271,keywords,,
6aa459bf-c5ea-548f-a364-5ff435aaaeab,tg:rubgr:1787,e73_OriginalBrocade,1,kw,73e8f6cc-3f86-5ad2-9b4d-0f7a2029707d,au::3028,keywords,,
6aa459bf-c5ea-548f-a364-5ff435aaaeab,tg:rubgr:1787,e73_OriginalBrocade,2,kw,59eb3f16-3ccd-5155-9cba-c85b515f01ef,au::3025,keywords,,
6aa459bf-c5ea-548f-a364-5ff435aaaeab,tg:rubgr:1787,e73_OriginalBrocade,3,kw,ca79196f-9430-56d2-86ca-543e10adef0a,au::3027,keywords,,
6aa459bf-c5ea-548f-a364-5ff435aaaeab,tg:rubgr:1787,e73_OriginalBrocade,4,kw,0c4d1392-1949-53c5-b9fa-dbd486d50089,au::5988,keywords,,
6aa459bf-c5ea-548f-a364-5ff435aaaeab,tg:rubgr:1787,e73_OriginalBrocade,5,kw,6f5aef52-f1ad-5f58-a70d-2bd0c425eb74,au::12271,keywords,,
5d119acc-e74b-588e-ac21-15e5ecb13485,tg:rubgr:4891,e73_OriginalBrocade,1,kw,678d06af-3067-5686-aa6e-e46acd4acc0a,au::7000,keywords,,
5d119acc-e74b-588e-ac21-15e5ecb13485,tg:rubgr:4891,e73_OriginalBrocade,2,kw,51235f44-a7e4-5ca0-a78d-4890ed985df7,au::28177,keywords,,
ff38eaaa-da38-54e8-ae3a-5747931d01d6,tg:rubgr:2454,e73_OriginalBrocade,1,kw,ca79196f-9430-56d2-86ca-543e10adef0a,au::3027,keywords,,
ff38eaaa-da38-54e8-ae3a-5747931d01d6,tg:rubgr:2454,e73_OriginalBrocade,2,kw,e08fb7fb-58d5-5ef1-b36e-d31dd82d8184,au::3026,keywords,,
ff38eaaa-da38-54e8-ae3a-5747931d01d6,tg:rubgr:2454,e73_OriginalBrocade,3,kw,6f5aef52-f1ad-5f58-a70d-2bd0c425eb74,au::12271,keywords,,
5083c7de-a5cf-5f7c-817b-4a2e1ae7bc42,tg:rubgr:4625,e73_OriginalBrocade,1,kw,678d06af-3067-5686-aa6e-e46acd4acc0a,au::7000,keywords,,
5083c7de-a5cf-5f7c-817b-4a2e1ae7bc42,tg:rubgr:4625,e73_OriginalBrocade,2,kw,490ae92d-9afb-5625-83d0-bb0b2adca4b6,au::36623,keywords,,
b9362dbf-7b13-5659-a58d-3d78458935be,tg:rubgr:2379,e73_OriginalBrocade,1,kw,4fd76377-5c60-5949-a1f5-8d7453c6c945,au::28097,keywords,,
59d8c8f8-f806-58d7-8a9e-e2bda1c67575,tg:rubgr:863,e73_OriginalBrocade,1,kw,0342b051-d515-56a8-aabb-40dcf1fade92,au::180,keywords,,
4688bcf7-1afb-54f1-8d39-53315d7d1420,tg:rubgr:873,e73_OriginalBrocade,1,kw,e47332ce-b469-52a9-805d-e269fd7476d8,au::107091,keywords,,
4688bcf7-1afb-54f1-8d39-53315d7d1420,tg:rubgr:873,e73_OriginalBrocade,2,kw,ca79196f-9430-56d2-86ca-543e10adef0a,au::3027,keywords,,
4688bcf7-1afb-54f1-8d39-53315d7d1420,tg:rubgr:873,e73_OriginalBrocade,3,kw,59eb3f16-3ccd-5155-9cba-c85b515f01ef,au::3025,keywords,,
4688bcf7-1afb-54f1-8d39-53315d7d1420,tg:rubgr:873,e73_OriginalBrocade,4,kw,e8092b9d-5063-55e9-8eb3-1529a5350ef9,au::7952,keywords,,
4688bcf7-1afb-54f1-8d39-53315d7d1420,tg:rubgr:873,e73_OriginalBrocade,5,kw,9c5baa02-0c78-5afe-9c2b-969ef35e27eb,au::13200,keywords,,
4688bcf7-1afb-54f1-8d39-53315d7d1420,tg:rubgr:873,e73_OriginalBrocade,6,kw,6f5aef52-f1ad-5f58-a70d-2bd0c425eb74,au::12271,keywords,,
60cd8f3d-7c71-5087-9662-b314efbd9c39,tg:rubgr:18,e73_OriginalBrocade,1,kw,11a69275-f38a-53eb-97b3-706095f79a95,au::6813,keywords,,
916ddc69-4a91-5e26-9776-52cbdd707b77,tg:rubgr:2426,e73_OriginalBrocade,1,kw,59eb3f16-3ccd-5155-9cba-c85b515f01ef,au::3025,keywords,,
763dd238-cb55-57bf-a6ec-c3cdc05db1d7,tg:rubgr:4796,e73_OriginalBrocade,1,kw,80abb133-7c38-5ef5-aa40-d82d46a3245d,au::14164,keywords,,
babc702c-bbf3-5af2-93cd-99b1230e99cd,tg:rubgr:143,e73_OriginalBrocade,1,kw,2a63f3f2-ca2a-5958-b3b0-ee480a61ae1e,au::9845,keywords,,
babc702c-bbf3-5af2-93cd-99b1230e99cd,tg:rubgr:143,e73_OriginalBrocade,2,kw,ec6d3693-5e6d-5a6c-b558-266f9b81456b,au::9228,keywords,,
f5834ca1-ee93-558e-86f5-c90d7ee906e5,tg:rubgr:1483,e73_OriginalBrocade,1,kw,ca79196f-9430-56d2-86ca-543e10adef0a,au::3027,keywords,,
f5834ca1-ee93-558e-86f5-c90d7ee906e5,tg:rubgr:1483,e73_OriginalBrocade,2,kw,4fd76377-5c60-5949-a1f5-8d7453c6c945,au::28097,keywords,,
3b13ad59-6ae5-5137-a626-9be470de4026,tg:rubgr:2675,e73_OriginalBrocade,1,kw,415d3970-81f1-5551-a6e8-42f5af0b534e,au::2463,keywords,,
3b13ad59-6ae5-5137-a626-9be470de4026,tg:rubgr:2675,e73_OriginalBrocade,2,kw,73e8f6cc-3f86-5ad2-9b4d-0f7a2029707d,au::3028,keywords,,
3b13ad59-6ae5-5137-a626-9be470de4026,tg:rubgr:2675,e73_OriginalBrocade,3,kw,ca79196f-9430-56d2-86ca-543e10adef0a,au::3027,keywords,,
3b13ad59-6ae5-5137-a626-9be470de4026,tg:rubgr:2675,e73_OriginalBrocade,4,kw,59eb3f16-3ccd-5155-9cba-c85b515f01ef,au::3025,keywords,,
a1e750ec-e6c2-5b44-a66a-7faa32954c6c,tg:rubgr:2503,e73_OriginalBrocade,1,kw,ca79196f-9430-56d2-86ca-543e10adef0a,au::3027,keywords,,
a1e750ec-e6c2-5b44-a66a-7faa32954c6c,tg:rubgr:2503,e73_OriginalBrocade,2,kw,51235f44-a7e4-5ca0-a78d-4890ed985df7,au::28177,keywords,,
f31d4849-6785-5466-a7ea-6ec760ae9548,tg:rubgr:1701,e73_OriginalBrocade,1,kw,6f5aef52-f1ad-5f58-a70d-2bd0c425eb74,au::12271,keywords,,
f31d4849-6785-5466-a7ea-6ec760ae9548,tg:rubgr:1701,e73_OriginalBrocade,2,kw,73d739f9-bb6f-5cd0-b787-ab9a7724b446,au::26569,keywords,,
f31d4849-6785-5466-a7ea-6ec760ae9548,tg:rubgr:1701,e73_OriginalBrocade,3,kw,1ebab9ba-4419-5727-9309-47bcd9586ab8,au::32528,keywords,,
10d44f11-4435-524c-ac52-b4f4796ec0ff,tg:rubgr:45,e73_OriginalBrocade,1,kw,d01a462a-1d54-5ba8-8442-1e49b3ca723e,au::3232,keywords,,
42ba0d4e-8084-5d9a-a080-4a578b25f43e,tg:rubgr:4762,e73_OriginalBrocade,1,kw,0c4d1392-1949-53c5-b9fa-dbd486d50089,au::5988,keywords,,
7593d1e4-469c-5347-9be9-bded5f8aea35,tg:rubgr:2297,e73_OriginalBrocade,1,kw,59eb3f16-3ccd-5155-9cba-c85b515f01ef,au::3025,keywords,,
ea56551b-1143-5c33-aa7d-fda9ed25be41,tg:rubgr:1874,e73_OriginalBrocade,1,kw,adc10a3d-d3e4-5f12-b76b-ddce078b7105,au::18500,keywords,,
af2981b0-ba52-5b1d-ae32-5ca554e6227e,tg:rubgr:887,e73_OriginalBrocade,1,kw,9c5baa02-0c78-5afe-9c2b-969ef35e27eb,au::13200,keywords,,
07692dec-6a7c-55e7-a830-a97ecd6a17fd,tg:rubgr:1816,e73_OriginalBrocade,1,kw,d01a462a-1d54-5ba8-8442-1e49b3ca723e,au::3232,keywords,,
75c40663-497d-544f-aa52-c046ac29b8ff,tg:rubgr:4875,e73_OriginalBrocade,1,kw,df8d0808-2f42-514f-ab20-996682149ef7,au::110014,keywords,,
75c40663-497d-544f-aa52-c046ac29b8ff,tg:rubgr:4875,e73_OriginalBrocade,2,kw,adc10a3d-d3e4-5f12-b76b-ddce078b7105,au::18500,keywords,,
dd92bb81-a885-51d4-848a-951902c474a2,tg:rubgr:4865,e73_OriginalBrocade,1,kw,9c3408c8-64d2-5b4d-87ae-4517d546a9fe,au::38515,keywords,,
77046cc4-9eff-543f-8d3b-d854f4fe5e99,tg:rubgr:27,e73_OriginalBrocade,1,kw,adc10a3d-d3e4-5f12-b76b-ddce078b7105,au::18500,keywords,,
10f14f75-c9c2-5784-85ff-57b7ddfb3732,tg:rubgr:37,e73_OriginalBrocade,1,kw,adc10a3d-d3e4-5f12-b76b-ddce078b7105,au::18500,keywords,,
a673b7ee-608b-5fdf-9ab0-f30d4d718d5f,tg:rubgr:2419,e73_OriginalBrocade,1,kw,59eb3f16-3ccd-5155-9cba-c85b515f01ef,au::3025,keywords,,
d5e1ce29-042b-501b-85d8-60702347432d,tg:rubgr:1773,e73_OriginalBrocade,1,kw,e47332ce-b469-52a9-805d-e269fd7476d8,au::107091,keywords,,
d5e1ce29-042b-501b-85d8-60702347432d,tg:rubgr:1773,e73_OriginalBrocade,2,kw,59eb3f16-3ccd-5155-9cba-c85b515f01ef,au::3025,keywords,,
d5e1ce29-042b-501b-85d8-60702347432d,tg:rubgr:1773,e73_OriginalBrocade,3,kw,ca79196f-9430-56d2-86ca-543e10adef0a,au::3027,keywords,,
d5e1ce29-042b-501b-85d8-60702347432d,tg:rubgr:1773,e73_OriginalBrocade,4,kw,73d739f9-bb6f-5cd0-b787-ab9a7724b446,au::26569,keywords,,
a3b168d6-d15d-53df-8d45-1858bd925c9c,tg:rubgr:2571,e73_OriginalBrocade,1,kw,59eb3f16-3ccd-5155-9cba-c85b515f01ef,au::3025,keywords,,
b891401c-bbb6-5839-852a-cb23e31d10d6,tg:rubgr:2409,e73_OriginalBrocade,1,kw,73e8f6cc-3f86-5ad2-9b4d-0f7a2029707d,au::3028,keywords,,
4c13cd44-582e-5bbe-a409-8620fe447210,tg:rubgr:4233,e73_OriginalBrocade,1,kw,73d739f9-bb6f-5cd0-b787-ab9a7724b446,au::26569,keywords,,
4c13cd44-582e-5bbe-a409-8620fe447210,tg:rubgr:4233,e73_OriginalBrocade,2,kw,330db244-c742-5752-a85a-e00f1ba63114,au::9212,keywords,,
ea369e97-f1a3-5ec6-b8c7-fb9b99a9cba1,tg:rubgr:3275,e73_OriginalBrocade,1,kw,4fd76377-5c60-5949-a1f5-8d7453c6c945,au::28097,keywords,,
099dfce8-cbd5-52e7-ba61-c87bcfee5e34,tg:rubgr:4223,e73_OriginalBrocade,1,kw,df8d0808-2f42-514f-ab20-996682149ef7,au::110014,keywords,,
79d2d32d-1412-58ac-81e1-5f55382315b5,tg:rubgr:2052,e73_OriginalBrocade,1,kw,9c5baa02-0c78-5afe-9c2b-969ef35e27eb,au::13200,keywords,,
79d2d32d-1412-58ac-81e1-5f55382315b5,tg:rubgr:2052,e73_OriginalBrocade,2,kw,51235f44-a7e4-5ca0-a78d-4890ed985df7,au::28177,keywords,,
903df527-a905-5d60-bbbf-1a7736dabd94,tg:rubgr:2042,e73_OriginalBrocade,1,kw,9c5baa02-0c78-5afe-9c2b-969ef35e27eb,au::13200,keywords,,
ba0c457d-5ab1-5bc7-be01-2edc3b02fba5,tg:rubgr:5032,e73_OriginalBrocade,1,kw,51235f44-a7e4-5ca0-a78d-4890ed985df7,au::28177,keywords,,
a7e1f750-55e8-5e81-b796-cf6f8e6bdab2,tg:rubgr:5022,e73_OriginalBrocade,1,kw,51235f44-a7e4-5ca0-a78d-4890ed985df7,au::28177,keywords,,
289d0e1f-851a-58ab-b9d4-2eb9abbfdf80,tg:rubgr:1958,e73_OriginalBrocade,1,kw,7fe9255d-3206-5595-8c90-e427e58abd56,au::41802,keywords,,
0c2e081d-7f8b-5cef-b8e2-eed1abcbfc0a,tg:rubgr:3382,e73_OriginalBrocade,1,kw,231efaa9-ef42-5e4c-8511-187e49efd684,au::12579,keywords,,
0c2e081d-7f8b-5cef-b8e2-eed1abcbfc0a,tg:rubgr:3382,e73_OriginalBrocade,2,kw,73e8f6cc-3f86-5ad2-9b4d-0f7a2029707d,au::3028,keywords,,
74970415-6e3d-59df-bad3-880e96816732,tg:rubgr:4591,e73_OriginalBrocade,1,kw,68745e68-be77-5308-846a-b1ac1c29f49d,au::16398,keywords,,
1aa888be-554e-54a7-b7a6-387cf814439c,tg:rubgr:138,e73_OriginalBrocade,1,kw,2a63f3f2-ca2a-5958-b3b0-ee480a61ae1e,au::9845,keywords,,
1aa888be-554e-54a7-b7a6-387cf814439c,tg:rubgr:138,e73_OriginalBrocade,2,kw,126aa01e-9148-54f2-bfce-99090c97d227,au::12357,keywords,,
1aa888be-554e-54a7-b7a6-387cf814439c,tg:rubgr:138,e73_OriginalBrocade,3,kw,ec6d3693-5e6d-5a6c-b558-266f9b81456b,au::9228,keywords,,
1aa888be-554e-54a7-b7a6-387cf814439c,tg:rubgr:138,e73_OriginalBrocade,4,kw,df393854-c276-5a23-9e82-42808aab2993,au::48144,keywords,,
b3726645-3f40-5857-b0d0-900ed622919e,tg:rubgr:128,e73_OriginalBrocade,1,kw,ec6d3693-5e6d-5a6c-b558-266f9b81456b,au::9228,keywords,,
b3726645-3f40-5857-b0d0-900ed622919e,tg:rubgr:128,e73_OriginalBrocade,2,kw,b87c785b-509e-571f-b9b8-a9631276b6bd,au::5413,keywords,,
b3726645-3f40-5857-b0d0-900ed622919e,tg:rubgr:128,e73_OriginalBrocade,3,kw,52eca42b-9f44-5cb3-a2e2-61627f08810c,au::10517,keywords,,
aa2f07d1-cdc9-5ae6-8c23-e482630eda29,tg:rubgr:573,e73_OriginalBrocade,1,kw,096e6dc7-e80e-58dc-9139-8af7084f3b0a,au::6518,keywords,,
aa2f07d1-cdc9-5ae6-8c23-e482630eda29,tg:rubgr:573,e73_OriginalBrocade,2,kw,fab9c8af-c93f-53b3-aa3f-4cea006fe809,au::31138,keywords,,
1bf51d36-1164-5dd1-a6b4-1abfb4f6ad3b,tg:rubgr:4888,e73_OriginalBrocade,1,kw,d01a462a-1d54-5ba8-8442-1e49b3ca723e,au::3232,keywords,,
1bf51d36-1164-5dd1-a6b4-1abfb4f6ad3b,tg:rubgr:4888,e73_OriginalBrocade,2,kw,ec6d3693-5e6d-5a6c-b558-266f9b81456b,au::9228,keywords,,
9d32c182-ad19-51cd-aba8-e01b6b4c2e58,tg:rubgr:1737,e73_OriginalBrocade,1,kw,678d06af-3067-5686-aa6e-e46acd4acc0a,au::7000,keywords,,
f150942b-724b-5277-a1dd-4aeda630ff69,tg:rubgr:2370,e73_OriginalBrocade,1,kw,59eb3f16-3ccd-5155-9cba-c85b515f01ef,au::3025,keywords,,
fbca7d4c-e599-5f46-90c4-07e105c050d3,tg:rubgr:5128,e73_OriginalBrocade,1,kw,c7c2d91e-bcf9-57c2-a0b3-16e65966862e,au::6121,keywords,,
fbca7d4c-e599-5f46-90c4-07e105c050d3,tg:rubgr:5128,e73_OriginalBrocade,2,kw,d87501bf-c824-59f6-ac96-1781141b98be,au::107189,keywords,,
fbca7d4c-e599-5f46-90c4-07e105c050d3,tg:rubgr:5128,e73_OriginalBrocade,3,kw,06c3708c-6ae1-5ace-8def-fc73c1dbc54d,au::108637,keywords,,
5c702e64-92af-5bc9-9008-0d9022116f24,tg:rubgr:960,e73_OriginalBrocade,1,kw,59eb3f16-3ccd-5155-9cba-c85b515f01ef,au::3025,keywords,,
f7ceb280-3f49-5771-8aa5-75108d699f8d,tg:rubgr:1388,e73_OriginalBrocade,1,kw,4fd76377-5c60-5949-a1f5-8d7453c6c945,au::28097,keywords,,
0d3eb0ea-e75d-51c9-b27c-bfbffb4e0b11,tg:rubgr:2394,e73_OriginalBrocade,1,kw,ca79196f-9430-56d2-86ca-543e10adef0a,au::3027,keywords,,
2f53abac-8c83-5069-ada9-ec4d037b99fb,tg:rubgr:4914,e73_OriginalBrocade,1,kw,678d06af-3067-5686-aa6e-e46acd4acc0a,au::7000,keywords,,
2f53abac-8c83-5069-ada9-ec4d037b99fb,tg:rubgr:4914,e73_OriginalBrocade,2,kw,490ae92d-9afb-5625-83d0-bb0b2adca4b6,au::36623,keywords,,
26e3db03-e450-58c1-b4cb-94452eab5c0b,tg:rubgr:4709,e73_OriginalBrocade,1,kw,d01a462a-1d54-5ba8-8442-1e49b3ca723e,au::3232,keywords,,
3fadd2a7-bef3-575b-8fa8-cc35826e27dd,tg:rubgr:2568,e73_OriginalBrocade,1,kw,59eb3f16-3ccd-5155-9cba-c85b515f01ef,au::3025,keywords,,
3fadd2a7-bef3-575b-8fa8-cc35826e27dd,tg:rubgr:2568,e73_OriginalBrocade,2,kw,51235f44-a7e4-5ca0-a78d-4890ed985df7,au::28177,keywords,,
3fadd2a7-bef3-575b-8fa8-cc35826e27dd,tg:rubgr:2568,e73_OriginalBrocade,3,kw,6f5aef52-f1ad-5f58-a70d-2bd0c425eb74,au::12271,keywords,,
ae2d249a-b75d-5614-97b6-d177d18cd038,tg:rubgr:2410,e73_OriginalBrocade,1,kw,73e8f6cc-3f86-5ad2-9b4d-0f7a2029707d,au::3028,keywords,,
ae2d249a-b75d-5614-97b6-d177d18cd038,tg:rubgr:2410,e73_OriginalBrocade,2,kw,59eb3f16-3ccd-5155-9cba-c85b515f01ef,au::3025,keywords,,
1ef00659-461a-5a7f-990e-e2d49406668e,tg:rubgr:2766,e73_OriginalBrocade,1,kw,51235f44-a7e4-5ca0-a78d-4890ed985df7,au::28177,keywords,,
1ef00659-461a-5a7f-990e-e2d49406668e,tg:rubgr:2766,e73_OriginalBrocade,2,kw,adc10a3d-d3e4-5f12-b76b-ddce078b7105,au::18500,keywords,,
e2495b96-563f-5871-acb3-29984aa64cf3,tg:rubgr:4565,e73_OriginalBrocade,1,kw,df8d0808-2f42-514f-ab20-996682149ef7,au::110014,keywords,,
e2495b96-563f-5871-acb3-29984aa64cf3,tg:rubgr:4565,e73_OriginalBrocade,2,kw,51235f44-a7e4-5ca0-a78d-4890ed985df7,au::28177,keywords,,
e2495b96-563f-5871-acb3-29984aa64cf3,tg:rubgr:4565,e73_OriginalBrocade,3,kw,631077ff-8783-5f60-8ec6-5f5bcafe8f5f,au::15317,keywords,,
24c34f1d-d45a-5abd-a846-0d62ac07bf49,tg:rubgr:4330,e73_OriginalBrocade,1,kw,adc10a3d-d3e4-5f12-b76b-ddce078b7105,au::18500,keywords,,
24c34f1d-d45a-5abd-a846-0d62ac07bf49,tg:rubgr:4330,e73_OriginalBrocade,2,kw,4986ed85-47b6-5c95-a664-eaaff57f4e6c,au::13305,keywords,,
24c34f1d-d45a-5abd-a846-0d62ac07bf49,tg:rubgr:4330,e73_OriginalBrocade,3,kw,7ca6beec-144b-5524-bf1d-309f064c1574,au::32545,keywords,,
24c34f1d-d45a-5abd-a846-0d62ac07bf49,tg:rubgr:4330,e73_OriginalBrocade,4,kw,4fd76377-5c60-5949-a1f5-8d7453c6c945,au::28097,keywords,,
f8bbb778-842a-5c5a-af78-e79492fab6d9,tg:rubgr:5309,e73_OriginalBrocade,1,kw,75ab4197-b138-51cd-862c-a952d9c09d73,au::1163,keywords,,
4229e117-98f4-536e-a828-cb3050a60dda,tg:rubgr:5271,e73_OriginalBrocade,1,kw,59eb3f16-3ccd-5155-9cba-c85b515f01ef,au::3025,keywords,,
4229e117-98f4-536e-a828-cb3050a60dda,tg:rubgr:5271,e73_OriginalBrocade,2,kw,68745e68-be77-5308-846a-b1ac1c29f49d,au::16398,keywords,,
0aca7840-2032-50b0-b392-df1506130784,tg:rubgr:1035,e73_OriginalBrocade,1,kw,ff6a51ba-e98d-5a1d-8a59-563e60dad251,au::37698,keywords,,
0aca7840-2032-50b0-b392-df1506130784,tg:rubgr:1035,e73_OriginalBrocade,2,kw,adc10a3d-d3e4-5f12-b76b-ddce078b7105,au::18500,keywords,,
b9627e75-86f9-5ac3-af74-54e56d4e01f9,tg:rubgr:107,e73_OriginalBrocade,1,kw,678d06af-3067-5686-aa6e-e46acd4acc0a,au::7000,keywords,,
b9627e75-86f9-5ac3-af74-54e56d4e01f9,tg:rubgr:107,e73_OriginalBrocade,2,kw,adc10a3d-d3e4-5f12-b76b-ddce078b7105,au::18500,keywords,,
b9627e75-86f9-5ac3-af74-54e56d4e01f9,tg:rubgr:107,e73_OriginalBrocade,3,kw,df393854-c276-5a23-9e82-42808aab2993,au::48144,keywords,,
855ca36b-b96b-5120-a00f-2d9df06c44e6,tg:rubgr:5029,e73_OriginalBrocade,1,kw,51235f44-a7e4-5ca0-a78d-4890ed985df7,au::28177,keywords,,
260b6abc-cac4-5aa8-af01-57187b3e669e,tg:rubgr:871,e73_OriginalBrocade,1,kw,59eb3f16-3ccd-5155-9cba-c85b515f01ef,au::3025,keywords,,
e3a1b2fe-7d77-5ba6-a205-5d187d24273a,tg:rubgr:1550,e73_OriginalBrocade,1,kw,c093ee98-4253-5a88-b2ff-f3d28f583be7,au::1194,keywords,,
08d8933b-cb05-5cc9-856b-66ecb30657d5,tg:rubgr:861,e73_OriginalBrocade,1,kw,0342b051-d515-56a8-aabb-40dcf1fade92,au::180,keywords,,
e103b0cf-c2ae-5949-af1d-9f92026c6d32,tg:rubgr:704,e73_OriginalBrocade,1,kw,4fd76377-5c60-5949-a1f5-8d7453c6c945,au::28097,keywords,,
666707f3-0c09-5468-b792-1e9645d71d71,tg:rubgr:151,e73_OriginalBrocade,1,kw,ec6d3693-5e6d-5a6c-b558-266f9b81456b,au::9228,keywords,,
666707f3-0c09-5468-b792-1e9645d71d71,tg:rubgr:151,e73_OriginalBrocade,2,kw,51235f44-a7e4-5ca0-a78d-4890ed985df7,au::28177,keywords,,
666707f3-0c09-5468-b792-1e9645d71d71,tg:rubgr:151,e73_OriginalBrocade,3,kw,52eca42b-9f44-5cb3-a2e2-61627f08810c,au::10517,keywords,,
13957699-fd21-5ff0-b384-8e69c98225d8,tg:rubgr:141,e73_OriginalBrocade,1,kw,2a63f3f2-ca2a-5958-b3b0-ee480a61ae1e,au::9845,keywords,,
13957699-fd21-5ff0-b384-8e69c98225d8,tg:rubgr:141,e73_OriginalBrocade,2,kw,6304894d-67e4-5fcd-9072-31676a16c00c,au::19993,keywords,,
13957699-fd21-5ff0-b384-8e69c98225d8,tg:rubgr:141,e73_OriginalBrocade,3,kw,ec6d3693-5e6d-5a6c-b558-266f9b81456b,au::9228,keywords,,
c9bd8cd7-135b-5ad7-89c9-349074465c6c,tg:rubgr:227,e73_OriginalBrocade,1,kw,52eca42b-9f44-5cb3-a2e2-61627f08810c,au::10517,keywords,,
04e8ca38-50cf-581a-accb-902c9552b4c8,tg:rubgr:2597,e73_OriginalBrocade,1,kw,51235f44-a7e4-5ca0-a78d-4890ed985df7,au::28177,keywords,,
f1784a5f-2734-595d-9726-7c27916fe809,tg:rubgr:133,e73_OriginalBrocade,1,kw,2a63f3f2-ca2a-5958-b3b0-ee480a61ae1e,au::9845,keywords,,
f1784a5f-2734-595d-9726-7c27916fe809,tg:rubgr:133,e73_OriginalBrocade,2,kw,ec6d3693-5e6d-5a6c-b558-266f9b81456b,au::9228,keywords,,
4fa0a22d-48fe-57f0-ad7b-29fbfe971e7b,tg:rubgr:5123,e73_OriginalBrocade,1,kw,678d06af-3067-5686-aa6e-e46acd4acc0a,au::7000,keywords,,
4fa0a22d-48fe-57f0-ad7b-29fbfe971e7b,tg:rubgr:5123,e73_OriginalBrocade,2,kw,51235f44-a7e4-5ca0-a78d-4890ed985df7,au::28177,keywords,,
531cf614-2c68-518e-b586-bd494618926d,tg:rubgr:4637,e73_OriginalBrocade,1,kw,ca79196f-9430-56d2-86ca-543e10adef0a,au::3027,keywords,,
d43b4f26-33c8-5992-a09b-c8e493e089bb,tg:rubgr:4627,e73_OriginalBrocade,1,kw,678d06af-3067-5686-aa6e-e46acd4acc0a,au::7000,keywords,,
50d495d7-f2cd-59a2-805c-e96bd623d1fc,tg:rubgr:4883,e73_OriginalBrocade,1,kw,d01a462a-1d54-5ba8-8442-1e49b3ca723e,au::3232,keywords,,
cd6bf564-5c58-5258-ac6f-092dcd275b7c,tg:rubgr:3821,e73_OriginalBrocade,1,kw,8e6df2a1-cc0f-5a41-b61d-ec8b6ea9e1e1,au::111146,keywords,,
202c96b1-0b32-5760-92ca-9725be3ae2ec,tg:rubgr:4877,e73_OriginalBrocade,1,kw,256eaded-a15e-57cd-83e0-8cf4eba910ee,au::16151,keywords,,
202c96b1-0b32-5760-92ca-9725be3ae2ec,tg:rubgr:4877,e73_OriginalBrocade,2,kw,51235f44-a7e4-5ca0-a78d-4890ed985df7,au::28177,keywords,,
a0f10610-1dd7-58d4-b35f-6c91a5d236c6,tg:rubgr:1804,e73_OriginalBrocade,1,kw,6f5aef52-f1ad-5f58-a70d-2bd0c425eb74,au::12271,keywords,,
c34845f8-bf9a-5a8e-bc2f-a27081328a0f,tg:rubgr:1252,e73_OriginalBrocade,1,kw,6f5aef52-f1ad-5f58-a70d-2bd0c425eb74,au::12271,keywords,,
336d00ef-b352-544c-bf70-da0b6023ec89,tg:rubgr:2050,e73_OriginalBrocade,1,kw,ca79196f-9430-56d2-86ca-543e10adef0a,au::3027,keywords,,
336d00ef-b352-544c-bf70-da0b6023ec89,tg:rubgr:2050,e73_OriginalBrocade,2,kw,51235f44-a7e4-5ca0-a78d-4890ed985df7,au::28177,keywords,,
b309270e-da09-57d7-9b25-af5b36dcf278,tg:rubgr:1242,e73_OriginalBrocade,1,kw,52eca42b-9f44-5cb3-a2e2-61627f08810c,au::10517,keywords,,
01fb90d0-777e-55f4-a702-fab62de8f6c0,tg:rubgr:2615,e73_OriginalBrocade,1,kw,0c4d1392-1949-53c5-b9fa-dbd486d50089,au::5988,keywords,,
01fb90d0-777e-55f4-a702-fab62de8f6c0,tg:rubgr:2615,e73_OriginalBrocade,2,kw,7fe9ad1d-e913-5bd8-8e57-fcafecaf3f24,au::45623,keywords,,
01fb90d0-777e-55f4-a702-fab62de8f6c0,tg:rubgr:2615,e73_OriginalBrocade,3,kw,7fe9255d-3206-5595-8c90-e427e58abd56,au::41802,keywords,,
b3747eca-26de-55f1-9df9-860e90cfb19a,tg:rubgr:2563,e73_OriginalBrocade,1,kw,6f5aef52-f1ad-5f58-a70d-2bd0c425eb74,au::12271,keywords,,
543c704f-6079-53b8-b58d-0670b83475cb,tg:rubgr:1134,e73_OriginalBrocade,1,kw,df8d0808-2f42-514f-ab20-996682149ef7,au::110014,keywords,,
b1ff3ce8-a3b3-51ee-bc4d-bfebc47024f3,tg:rubgr:25,e73_OriginalBrocade,1,kw,adc10a3d-d3e4-5f12-b76b-ddce078b7105,au::18500,keywords,,
b05c551e-f43e-5390-a02e-0378e44fa7ab,tg:rubgr:2344,e73_OriginalBrocade,1,kw,2a63f3f2-ca2a-5958-b3b0-ee480a61ae1e,au::9845,keywords,,
b05c551e-f43e-5390-a02e-0378e44fa7ab,tg:rubgr:2344,e73_OriginalBrocade,2,kw,256eaded-a15e-57cd-83e0-8cf4eba910ee,au::16151,keywords,,
b05c551e-f43e-5390-a02e-0378e44fa7ab,tg:rubgr:2344,e73_OriginalBrocade,3,kw,d01a462a-1d54-5ba8-8442-1e49b3ca723e,au::3232,keywords,,
fc8641b6-cb75-59e4-a1b5-51bbbba7bbea,tg:rubgr:47,e73_OriginalBrocade,1,kw,c7c2d91e-bcf9-57c2-a0b3-16e65966862e,au::6121,keywords,,
9100f0cc-8fbf-56d4-85a7-29e2ab8e92d4,tg:rubgr:2354,e73_OriginalBrocade,1,kw,59eb3f16-3ccd-5155-9cba-c85b515f01ef,au::3025,keywords,,
9100f0cc-8fbf-56d4-85a7-29e2ab8e92d4,tg:rubgr:2354,e73_OriginalBrocade,2,kw,46e4d3d8-86f0-58a1-9d79-defbb7fafcaa,au::24374,keywords,,
69cbfb99-26a7-5846-ae2a-6982de5eaae9,tg:rubgr:4760,e73_OriginalBrocade,1,kw,8a8cdd97-0fe0-527a-afd5-e0d6da51084f,au::7887,keywords,,
99f6f046-b8d5-5007-a189-2bc89a6aedf2,tg:rubgr:1703,e73_OriginalBrocade,1,kw,73d739f9-bb6f-5cd0-b787-ab9a7724b446,au::26569,keywords,,
4025b2de-eb3f-5ec1-8575-aadaa085a88b,tg:rubgr:2677,e73_OriginalBrocade,1,kw,2e8c6379-6f9a-5865-b825-f34e3bffd21b,au::2877,keywords,,
4025b2de-eb3f-5ec1-8575-aadaa085a88b,tg:rubgr:2677,e73_OriginalBrocade,2,kw,ca79196f-9430-56d2-86ca-543e10adef0a,au::3027,keywords,,
4025b2de-eb3f-5ec1-8575-aadaa085a88b,tg:rubgr:2677,e73_OriginalBrocade,3,kw,59eb3f16-3ccd-5155-9cba-c85b515f01ef,au::3025,keywords,,
4025b2de-eb3f-5ec1-8575-aadaa085a88b,tg:rubgr:2677,e73_OriginalBrocade,4,kw,e8092b9d-5063-55e9-8eb3-1529a5350ef9,au::7952,keywords,,
4025b2de-eb3f-5ec1-8575-aadaa085a88b,tg:rubgr:2677,e73_OriginalBrocade,5,kw,a87f6432-2c9a-592e-a260-f23025e701c2,au::32512,keywords,,
4025b2de-eb3f-5ec1-8575-aadaa085a88b,tg:rubgr:2677,e73_OriginalBrocade,6,kw,5de586ee-e0d0-565c-af2a-ab1cef461bb5,au::24804,keywords,,
113dff26-397c-5cbb-b134-8c88127047a0,tg:rubgr:1475,e73_OriginalBrocade,1,kw,ca79196f-9430-56d2-86ca-543e10adef0a,au::3027,keywords,,
113dff26-397c-5cbb-b134-8c88127047a0,tg:rubgr:1475,e73_OriginalBrocade,2,kw,6f5aef52-f1ad-5f58-a70d-2bd0c425eb74,au::12271,keywords,,
dca2a9d0-78ed-5249-ae80-b298119b188f,tg:rubgr:885,e73_OriginalBrocade,1,kw,9c5baa02-0c78-5afe-9c2b-969ef35e27eb,au::13200,keywords,,
ed8fe60a-a0e9-5ec9-9ff4-15fc7d7fb094,tg:rubgr:557,e73_OriginalBrocade,1,kw,51235f44-a7e4-5ca0-a78d-4890ed985df7,au::28177,keywords,,
ed8fe60a-a0e9-5ec9-9ff4-15fc7d7fb094,tg:rubgr:557,e73_OriginalBrocade,2,kw,4fd76377-5c60-5949-a1f5-8d7453c6c945,au::28097,keywords,,
eaa17bcb-2953-5dbe-ab5f-889736213d71,tg:rubgr:3843,e73_OriginalBrocade,1,kw,d4f69e55-99df-5c54-b739-472d12fa4387,au::1127,keywords,,
156ffa58-c7a5-58b8-95a4-7fd359b1de4b,tg:rubgr:4815,e73_OriginalBrocade,1,kw,4fd76377-5c60-5949-a1f5-8d7453c6c945,au::28097,keywords,,
4fc95f58-f4c7-5ea9-9996-76d43b7b69ed,tg:rubgr:571,e73_OriginalBrocade,1,kw,52eca42b-9f44-5cb3-a2e2-61627f08810c,au::10517,keywords,,
597bb85e-ef86-5e0b-8c47-6a40613382a4,tg:rubgr:962,e73_OriginalBrocade,1,kw,3464bd9b-160b-5593-af60-a0df0670c149,au::32534,keywords,,
3dfe06e1-e7a7-50f4-8e36-d3046861d8f7,tg:rubgr:5042,e73_OriginalBrocade,1,kw,415d3970-81f1-5551-a6e8-42f5af0b534e,au::2463,keywords,,
3dfe06e1-e7a7-50f4-8e36-d3046861d8f7,tg:rubgr:5042,e73_OriginalBrocade,2,kw,b36b8a93-b172-5df0-a3e3-fc82642a11de,au::4087,keywords,,
3dfe06e1-e7a7-50f4-8e36-d3046861d8f7,tg:rubgr:5042,e73_OriginalBrocade,3,kw,3e4698ed-6200-5ca0-a212-ee6236fdd173,au::28096,keywords,,
ed4f7f64-bf03-5f6e-b0cc-67c5282cf688,tg:rubgr:4420,e73_OriginalBrocade,1,kw,d01a462a-1d54-5ba8-8442-1e49b3ca723e,au::3232,keywords,,
d1c55ff5-5d43-5120-a147-eaf4e225e483,tg:rubgr:1008,e73_OriginalBrocade,1,kw,d01a462a-1d54-5ba8-8442-1e49b3ca723e,au::3232,keywords,,
ebce55e1-0c6a-5209-951c-19909d2481a7,tg:rubgr:4756,e73_OriginalBrocade,1,kw,51235f44-a7e4-5ca0-a78d-4890ed985df7,au::28177,keywords,,
636ae7e5-7c0d-5677-a335-3ee090d05bfe,tg:rubgr:4746,e73_OriginalBrocade,1,kw,cc7d88e4-4b9e-539c-a93e-06addc844e67,au::17878,keywords,,
92a1a916-2dac-5042-b3bb-a6977a5f8677,tg:rubgr:2555,e73_OriginalBrocade,1,kw,e8092b9d-5063-55e9-8eb3-1529a5350ef9,au::7952,keywords,,
92a1a916-2dac-5042-b3bb-a6977a5f8677,tg:rubgr:2555,e73_OriginalBrocade,2,kw,ec6d3693-5e6d-5a6c-b558-266f9b81456b,au::9228,keywords,,
5034b50d-f541-5de2-ac36-f6d02679b6ab,tg:rubgr:2066,e73_OriginalBrocade,1,kw,9c9d51cf-2e5c-51bd-a1c3-f73306103df0,au::37551,keywords,,
87f951f5-1aae-580d-ac42-3c651954e77d,tg:rubgr:5030,e73_OriginalBrocade,1,kw,51235f44-a7e4-5ca0-a78d-4890ed985df7,au::28177,keywords,,
71b97160-d0d1-5705-8695-2def40f0b11d,tg:rubgr:4442,e73_OriginalBrocade,1,kw,73e8f6cc-3f86-5ad2-9b4d-0f7a2029707d,au::3028,keywords,,
71b97160-d0d1-5705-8695-2def40f0b11d,tg:rubgr:4442,e73_OriginalBrocade,2,kw,adc10a3d-d3e4-5f12-b76b-ddce078b7105,au::18500,keywords,,
71b97160-d0d1-5705-8695-2def40f0b11d,tg:rubgr:4442,e73_OriginalBrocade,3,kw,7ca6beec-144b-5524-bf1d-309f064c1574,au::32545,keywords,,
41e91d05-6827-5894-96c1-59404c2930a1,tg:rubgr:5099,e73_OriginalBrocade,1,kw,90791ae1-6b3f-5e62-bf73-d52b3d303d0b,au::58309,keywords,,
a37d3571-0e1d-5b58-9c59-883be36c2f6c,tg:rubgr:3380,e73_OriginalBrocade,1,kw,231efaa9-ef42-5e4c-8511-187e49efd684,au::12579,keywords,,
d81c710e-19da-5985-b2f3-b5f6b4cd707b,tg:rubgr:148,e73_OriginalBrocade,1,kw,7fe9ad1d-e913-5bd8-8e57-fcafecaf3f24,au::45623,keywords,,
d81c710e-19da-5985-b2f3-b5f6b4cd707b,tg:rubgr:148,e73_OriginalBrocade,2,kw,d3b00787-b5a3-5c7e-97c6-9a1a5410ec86,au::24409,keywords,,
bfc53449-ad1e-5034-8892-119a559b591a,tg:rubgr:5273,e73_OriginalBrocade,1,kw,68745e68-be77-5308-846a-b1ac1c29f49d,au::16398,keywords,,
c4e57b2c-8221-58f4-bd5d-935d2783ad56,tg:rubgr:2716,e73_OriginalBrocade,1,kw,9519afda-6f6f-582d-9ac5-79afdb4ce71f,au::7799,keywords,,
5db2e015-9f69-5cd2-ad85-8efdef1832eb,tg:rubgr:825,e73_OriginalBrocade,1,kw,555bcc0b-f143-5bfe-930a-23913e45d8e4,au::32571,keywords,,
be32a227-e834-589d-b805-85de284ceacb,tg:rubgr:628,e73_OriginalBrocade,1,kw,a87f6432-2c9a-592e-a260-f23025e701c2,au::32512,keywords,,
2a7795e5-cf97-5b2a-aa7a-f7eda5aa4dfb,tg:rubgr:4964,e73_OriginalBrocade,1,kw,96897c66-14f1-56e2-b6c5-594e386ef493,au::22658,keywords,,
3fdc5888-65e7-594c-b2c7-629432aa25cb,tg:rubgr:1323,e73_OriginalBrocade,1,kw,ca79196f-9430-56d2-86ca-543e10adef0a,au::3027,keywords,,
f283fea5-946a-5e93-92c3-7561978fb284,tg:rubgr:3306,e73_OriginalBrocade,1,kw,3949d0c3-4d97-51e3-9508-2f8562701189,au::12358,keywords,,
9facf125-106b-5c6e-ac23-1f055b0a32fe,tg:rubgr:2412,e73_OriginalBrocade,1,kw,59eb3f16-3ccd-5155-9cba-c85b515f01ef,au::3025,keywords,,
4d441ea4-d54d-55e9-8099-83e0d39e50e8,tg:rubgr:4747,e73_OriginalBrocade,1,kw,51235f44-a7e4-5ca0-a78d-4890ed985df7,au::28177,keywords,,
4d441ea4-d54d-55e9-8099-83e0d39e50e8,tg:rubgr:4747,e73_OriginalBrocade,2,kw,cc7d88e4-4b9e-539c-a93e-06addc844e67,au::17878,keywords,,
2d15062b-cb74-5046-bc8b-b69241d4dc5e,tg:rubgr:4757,e73_OriginalBrocade,1,kw,6f5aef52-f1ad-5f58-a70d-2bd0c425eb74,au::12271,keywords,,
168a9f7b-926f-5a9e-b0b1-9eddbbb12b98,tg:rubgr:2363,e73_OriginalBrocade,1,kw,ca79196f-9430-56d2-86ca-543e10adef0a,au::3027,keywords,,
99f9a6bc-90ca-5434-ae65-9e2a2ce7f3c9,tg:rubgr:1851,e73_OriginalBrocade,1,kw,73e8f6cc-3f86-5ad2-9b4d-0f7a2029707d,au::3028,keywords,,
99f9a6bc-90ca-5434-ae65-9e2a2ce7f3c9,tg:rubgr:1851,e73_OriginalBrocade,2,kw,256eaded-a15e-57cd-83e0-8cf4eba910ee,au::16151,keywords,,
d71da2b1-ab34-5620-b6f5-322cc72ab2ef,tg:rubgr:149,e73_OriginalBrocade,1,kw,df393854-c276-5a23-9e82-42808aab2993,au::48144,keywords,,
d77b195e-dead-5122-8d15-afd7cbe73ef9,tg:rubgr:664,e73_OriginalBrocade,1,kw,c7c2d91e-bcf9-57c2-a0b3-16e65966862e,au::6121,keywords,,
d77b195e-dead-5122-8d15-afd7cbe73ef9,tg:rubgr:664,e73_OriginalBrocade,2,kw,256eaded-a15e-57cd-83e0-8cf4eba910ee,au::16151,keywords,,
ca1b719c-6890-5eff-9096-197af0df9643,tg:rubgr:869,e73_OriginalBrocade,1,kw,4fd76377-5c60-5949-a1f5-8d7453c6c945,au::28097,keywords,,
a796aacf-b876-5f89-90da-9df4dfd582cf,tg:rubgr:2632,e73_OriginalBrocade,1,kw,d4f69e55-99df-5c54-b739-472d12fa4387,au::1127,keywords,,
a796aacf-b876-5f89-90da-9df4dfd582cf,tg:rubgr:2632,e73_OriginalBrocade,2,kw,200fab84-9b5a-5d6e-aaa0-32e5262ea902,au::32610,keywords,,
1e8fdb8a-a643-5f86-b132-4d766bbe4ba7,tg:rubgr:5031,e73_OriginalBrocade,1,kw,51235f44-a7e4-5ca0-a78d-4890ed985df7,au::28177,keywords,,
bb5fb226-6090-5e1c-9cde-8a817e0616b4,tg:rubgr:2077,e73_OriginalBrocade,1,kw,dc3244f2-86f5-5247-a04c-d95095e33f02,au::32563,keywords,,
bb5fb226-6090-5e1c-9cde-8a817e0616b4,tg:rubgr:2077,e73_OriginalBrocade,2,kw,80754f9b-1017-5203-bdbe-21d44d44cfb4,au::28369,keywords,,
d4aa3bb5-fd97-52d8-9e30-9648f7aa732b,tg:rubgr:2067,e73_OriginalBrocade,1,kw,9c9d51cf-2e5c-51bd-a1c3-f73306103df0,au::37551,keywords,,
f989d62e-9db9-586b-a62c-6facbe8fecf0,tg:rubgr:5021,e73_OriginalBrocade,1,kw,51235f44-a7e4-5ca0-a78d-4890ed985df7,au::28177,keywords,,
f156d1f1-2fea-5b35-89fa-cc43bbd826d0,tg:rubgr:1281,e73_OriginalBrocade,1,kw,52eca42b-9f44-5cb3-a2e2-61627f08810c,au::10517,keywords,,
bfae64d5-04d5-557a-be19-d6b342420b0d,tg:rubgr:5104,e73_OriginalBrocade,1,kw,b14aa34a-cbab-5a02-b3d4-a94e31d20b3d,au::32539,keywords,,
4f26393e-16cc-5aac-9677-77c8ac872cbf,tg:rubgr:4333,e73_OriginalBrocade,1,kw,68745e68-be77-5308-846a-b1ac1c29f49d,au::16398,keywords,,
972690de-a052-507a-97ae-8eb50184bfbd,tg:rubgr:4229,e73_OriginalBrocade,1,kw,73d739f9-bb6f-5cd0-b787-ab9a7724b446,au::26569,keywords,,
064a5089-5679-5f41-81e5-1b6ae0db430f,tg:rubgr:3307,e73_OriginalBrocade,1,kw,3949d0c3-4d97-51e3-9508-2f8562701189,au::12358,keywords,,
064a5089-5679-5f41-81e5-1b6ae0db430f,tg:rubgr:3307,e73_OriginalBrocade,2,kw,4fd76377-5c60-5949-a1f5-8d7453c6c945,au::28097,keywords,,
2c8cb63d-3aef-5a60-9744-c32cc705c330,tg:rubgr:1779,e73_OriginalBrocade,1,kw,73d739f9-bb6f-5cd0-b787-ab9a7724b446,au::26569,keywords,,
27f34192-2949-541d-b471-7028e84e103c,tg:rubgr:2387,e73_OriginalBrocade,1,kw,59eb3f16-3ccd-5155-9cba-c85b515f01ef,au::3025,keywords,,
37dfb7e8-1907-56a3-8523-c1184e5e3a0a,tg:rubgr:378,e73_OriginalBrocade,1,kw,df8d0808-2f42-514f-ab20-996682149ef7,au::110014,keywords,,
7124bf19-b617-5a15-bd4d-5b7e98fed7a3,tg:rubgr:3941,e73_OriginalBrocade,1,kw,8a8cdd97-0fe0-527a-afd5-e0d6da51084f,au::7887,keywords,,
ffab48e1-a089-5469-9687-166f10dce955,tg:rubgr:140,e73_OriginalBrocade,1,kw,256eaded-a15e-57cd-83e0-8cf4eba910ee,au::16151,keywords,,
ffab48e1-a089-5469-9687-166f10dce955,tg:rubgr:140,e73_OriginalBrocade,2,kw,6304894d-67e4-5fcd-9072-31676a16c00c,au::19993,keywords,,
ffab48e1-a089-5469-9687-166f10dce955,tg:rubgr:140,e73_OriginalBrocade,3,kw,ec6d3693-5e6d-5a6c-b558-266f9b81456b,au::9228,keywords,,
ffab48e1-a089-5469-9687-166f10dce955,tg:rubgr:140,e73_OriginalBrocade,4,kw,df393854-c276-5a23-9e82-42808aab2993,au::48144,keywords,,
cc5e7d0e-e855-50e3-bebf-785dd006908f,tg:rubgr:150,e73_OriginalBrocade,1,kw,7fe9ad1d-e913-5bd8-8e57-fcafecaf3f24,au::45623,keywords,,
cc5e7d0e-e855-50e3-bebf-785dd006908f,tg:rubgr:150,e73_OriginalBrocade,2,kw,d3b00787-b5a3-5c7e-97c6-9a1a5410ec86,au::24409,keywords,,
cc5e7d0e-e855-50e3-bebf-785dd006908f,tg:rubgr:150,e73_OriginalBrocade,3,kw,52eca42b-9f44-5cb3-a2e2-61627f08810c,au::10517,keywords,,
daf22265-a605-50e2-ba77-6a99b9ca801e,tg:rubgr:705,e73_OriginalBrocade,1,kw,662a79e3-e96d-5e11-ad7a-5eb0864138d8,au::11139,keywords,,
60d9d009-608b-595c-9271-1247057c233b,tg:rubgr:1942,e73_OriginalBrocade,1,kw,231efaa9-ef42-5e4c-8511-187e49efd684,au::12579,keywords,,
cb9e7ee8-bf21-568b-b1c4-73c429013948,tg:rubgr:4795,e73_OriginalBrocade,1,kw,678d06af-3067-5686-aa6e-e46acd4acc0a,au::7000,keywords,,
0a04126c-969d-5f4e-8e3d-f208daa05584,tg:rubgr:236,e73_OriginalBrocade,1,kw,59eb3f16-3ccd-5155-9cba-c85b515f01ef,au::3025,keywords,,
0a04126c-969d-5f4e-8e3d-f208daa05584,tg:rubgr:236,e73_OriginalBrocade,2,kw,415d3970-81f1-5551-a6e8-42f5af0b534e,au::2463,keywords,,
0a04126c-969d-5f4e-8e3d-f208daa05584,tg:rubgr:236,e73_OriginalBrocade,3,kw,52eca42b-9f44-5cb3-a2e2-61627f08810c,au::10517,keywords,,
0a04126c-969d-5f4e-8e3d-f208daa05584,tg:rubgr:236,e73_OriginalBrocade,4,kw,a0a908ee-8ba2-5922-acef-4dab4e351d82,au::32609,keywords,,
0a04126c-969d-5f4e-8e3d-f208daa05584,tg:rubgr:236,e73_OriginalBrocade,5,kw,4fd76377-5c60-5949-a1f5-8d7453c6c945,au::28097,keywords,,
5303262a-05f7-5c9e-b798-05ae13fdbff4,tg:rubgr:4859,e73_OriginalBrocade,1,kw,adc10a3d-d3e4-5f12-b76b-ddce078b7105,au::18500,keywords,,
a3f42e14-c33b-56d4-bf59-c6bea3cb9d19,tg:rubgr:1893,e73_OriginalBrocade,1,kw,d01a462a-1d54-5ba8-8442-1e49b3ca723e,au::3232,keywords,,
a3f42e14-c33b-56d4-bf59-c6bea3cb9d19,tg:rubgr:1893,e73_OriginalBrocade,2,kw,200fab84-9b5a-5d6e-aaa0-32e5262ea902,au::32610,keywords,,
40d421e1-e27e-5900-8e22-e923812fafb9,tg:rubgr:1551,e73_OriginalBrocade,1,kw,8a8cdd97-0fe0-527a-afd5-e0d6da51084f,au::7887,keywords,,
a873a7b1-30c5-5d26-9185-f5b9499863ab,tg:rubgr:870,e73_OriginalBrocade,1,kw,51235f44-a7e4-5ca0-a78d-4890ed985df7,au::28177,keywords,,
5bf89ae4-a639-5a67-9ca4-8ef4d09a736c,tg:rubgr:5028,e73_OriginalBrocade,1,kw,51235f44-a7e4-5ca0-a78d-4890ed985df7,au::28177,keywords,,
f302ad41-5866-531d-8313-a87e51812e85,tg:rubgr:5132,e73_OriginalBrocade,1,kw,dac1ccf2-cc05-5f38-93fb-c0da287b92a8,au::28158,keywords,,
e732f9b9-12f1-52f5-869e-bb4363bcf38f,tg:rubgr:3353,e73_OriginalBrocade,1,kw,3464bd9b-160b-5593-af60-a0df0670c149,au::32534,keywords,,
e732f9b9-12f1-52f5-869e-bb4363bcf38f,tg:rubgr:3353,e73_OriginalBrocade,2,kw,ec6d3693-5e6d-5a6c-b558-266f9b81456b,au::9228,keywords,,
828081ed-6c6d-56c2-83eb-91dc8fba4537,tg:rubgr:4882,e73_OriginalBrocade,1,kw,256eaded-a15e-57cd-83e0-8cf4eba910ee,au::16151,keywords,,
828081ed-6c6d-56c2-83eb-91dc8fba4537,tg:rubgr:4882,e73_OriginalBrocade,2,kw,d01a462a-1d54-5ba8-8442-1e49b3ca723e,au::3232,keywords,,
828081ed-6c6d-56c2-83eb-91dc8fba4537,tg:rubgr:4882,e73_OriginalBrocade,3,kw,ec6d3693-5e6d-5a6c-b558-266f9b81456b,au::9228,keywords,,
108ae6aa-cbdb-5aba-bf21-32ad9f545abb,tg:rubgr:4626,e73_OriginalBrocade,1,kw,678d06af-3067-5686-aa6e-e46acd4acc0a,au::7000,keywords,,
d33a3bdc-26ed-5f6f-b21e-1b5e2f63814e,tg:rubgr:2202,e73_OriginalBrocade,1,kw,e96d5ca5-f85d-5034-9bb0-7c11af8169c6,au::32595,keywords,,
d368f51d-a5e6-5264-afcb-d4303af77e0f,tg:rubgr:411,e73_OriginalBrocade,1,kw,415d3970-81f1-5551-a6e8-42f5af0b534e,au::2463,keywords,,
d368f51d-a5e6-5264-afcb-d4303af77e0f,tg:rubgr:411,e73_OriginalBrocade,2,kw,120a58b6-f76e-5b85-85ba-9de8d72cc44f,au::32564,keywords,,
35c3256c-95ea-56e2-b765-8b4969d2c1ec,tg:rubgr:132,e73_OriginalBrocade,1,kw,2a63f3f2-ca2a-5958-b3b0-ee480a61ae1e,au::9845,keywords,,
35c3256c-95ea-56e2-b765-8b4969d2c1ec,tg:rubgr:132,e73_OriginalBrocade,2,kw,ec6d3693-5e6d-5a6c-b558-266f9b81456b,au::9228,keywords,,
5f9b9a41-8fd9-544e-97b5-e9583d68618a,tg:rubgr:4230,e73_OriginalBrocade,1,kw,73d739f9-bb6f-5cd0-b787-ab9a7724b446,au::26569,keywords,,
2496749e-e397-508d-9d31-af4792cd1a02,tg:rubgr:1253,e73_OriginalBrocade,1,kw,631077ff-8783-5f60-8ec6-5f5bcafe8f5f,au::15317,keywords,,
7e66b4d7-a20f-5664-bb80-d76d0c85c94f,tg:rubgr:3433,e73_OriginalBrocade,1,kw,7fe9ad1d-e913-5bd8-8e57-fcafecaf3f24,au::45623,keywords,,
7e66b4d7-a20f-5664-bb80-d76d0c85c94f,tg:rubgr:3433,e73_OriginalBrocade,2,kw,96b4e14d-110b-560e-b4a8-baa39d4a43e2,au::10469,keywords,,
aaafa7bd-f167-527b-92d2-ac85679f8521,tg:rubgr:24,e73_OriginalBrocade,1,kw,678d06af-3067-5686-aa6e-e46acd4acc0a,au::7000,keywords,,
aaafa7bd-f167-527b-92d2-ac85679f8521,tg:rubgr:24,e73_OriginalBrocade,2,kw,51235f44-a7e4-5ca0-a78d-4890ed985df7,au::28177,keywords,,
aaafa7bd-f167-527b-92d2-ac85679f8521,tg:rubgr:24,e73_OriginalBrocade,3,kw,fab9c8af-c93f-53b3-aa3f-4cea006fe809,au::31138,keywords,,
dd649dd5-503b-55bc-acf1-362ca33e7f37,tg:rubgr:4713,e73_OriginalBrocade,1,kw,256eaded-a15e-57cd-83e0-8cf4eba910ee,au::16151,keywords,,
9d509213-a4de-5c0c-80ac-3096b4222664,tg:rubgr:34,e73_OriginalBrocade,1,kw,adc10a3d-d3e4-5f12-b76b-ddce078b7105,au::18500,keywords,,
402d8fd2-9b74-53c5-a533-86d99b57f883,tg:rubgr:1805,e73_OriginalBrocade,1,kw,6f5aef52-f1ad-5f58-a70d-2bd0c425eb74,au::12271,keywords,,
ab0c4134-6b1a-5ade-88a6-9219215bbe33,tg:rubgr:884,e73_OriginalBrocade,1,kw,9c5baa02-0c78-5afe-9c2b-969ef35e27eb,au::13200,keywords,,
0ab00c48-27af-525f-9af4-9a7cda6c0811,tg:rubgr:1702,e73_OriginalBrocade,1,kw,73d739f9-bb6f-5cd0-b787-ab9a7724b446,au::26569,keywords,,
1144d4eb-70fc-5802-9326-87555ce46a9f,tg:rubgr:5313,e73_OriginalBrocade,1,kw,9519afda-6f6f-582d-9ac5-79afdb4ce71f,au::7799,keywords,,
1144d4eb-70fc-5802-9326-87555ce46a9f,tg:rubgr:5313,e73_OriginalBrocade,2,kw,231efaa9-ef42-5e4c-8511-187e49efd684,au::12579,keywords,,
a9843e23-7f17-5d80-9edf-b02622a1b790,tg:rubgr:2345,e73_OriginalBrocade,1,kw,59eb3f16-3ccd-5155-9cba-c85b515f01ef,au::3025,keywords,,
a9843e23-7f17-5d80-9edf-b02622a1b790,tg:rubgr:2345,e73_OriginalBrocade,2,kw,c7c2d91e-bcf9-57c2-a0b3-16e65966862e,au::6121,keywords,,
a9843e23-7f17-5d80-9edf-b02622a1b790,tg:rubgr:2345,e73_OriginalBrocade,3,kw,2a63f3f2-ca2a-5958-b3b0-ee480a61ae1e,au::9845,keywords,,
