ResourceID,brocade.id,card,Start Date Type,Start Date,End Date,End Date Type
bd7ce636-cc81-583e-a78c-3b8f0752a379,tg:lhob:683,ProductionTimeSpans,zonder datum,nan,nan,nan
5a61ea94-31bc-52dd-a755-d066d29d47b9,tg:lhob:379,ProductionTimeSpans,datum vóór,1906,nan,nan
bd6a24a7-aded-52a3-b50c-56afca72e232,tg:lhob:396,ProductionTimeSpans,nan,1847,nan,nan
ab42045f-6e40-5c85-9079-435c3680d52a,tg:lhob:115,ProductionTimeSpans,circa,1970,nan,nan
cd2daffa-e245-5210-a2df-5e8d206c2148,tg:lhob:545,ProductionTimeSpans,zonder datum,nan,nan,nan
10ca59b0-91e3-567e-998d-80535d66fd46,tg:lhob:400,ProductionTimeSpans,datum vóór,1986,nan,nan
d0040669-e75c-5a8b-871b-f280d696ae37,tg:lhob:284,ProductionTimeSpans,datum vóór,1939,nan,nan
bf1d3d08-8f80-5f85-9d9d-d2958cbd6e67,tg:lhob:292,ProductionTimeSpans,datum vóór,2012,nan,nan
5ebb0f3c-cace-5b57-9dc3-cf73efb31735,tg:lhob:338,ProductionTimeSpans,datum vóór,1986,nan,nan
8e3b6e00-2a8c-5128-8fb0-f42e519e1290,tg:lhob:441,ProductionTimeSpans,nan,1876,nan,nan
06ef615d-2dcf-5abe-90d8-5149d5f7d4b5,tg:lhob:695,ProductionTimeSpans,zonder datum,nan,nan,nan
2c34ea20-351b-5681-8156-6799501d4711,tg:lhob:380,ProductionTimeSpans,datum vóór,1986,nan,nan
b5714f50-9ce1-55a7-a857-8d0d261f8701,tg:lhob:553,ProductionTimeSpans,nan,1968,nan,nan
0e3c664a-3014-5589-93a4-614dc7ed5327,tg:lhob:103,ProductionTimeSpans,circa,1850,nan,nan
5cf6fb19-8a38-5706-90ee-85f1a946e015,tg:lhob:416,ProductionTimeSpans,nan,1933,nan,nan
ab69a3bf-86ff-5650-895c-5337902b75cd,tg:lhob:601,ProductionTimeSpans,nan,1969,nan,nan
8d2ffbfc-9e25-5c51-be3e-38a01561baf4,tg:lhob:314,ProductionTimeSpans,datum vóór,1916,nan,nan
d8ec86e7-3dd1-58b6-8ef5-0cda6f2106d8,tg:lhob:528,ProductionTimeSpans,zonder datum,nan,nan,nan
f9af0ba4-1e21-5c18-8ff9-f3f147c5be4f,tg:lhob:482,ProductionTimeSpans,datum vóór,1984,nan,nan
44e552c6-c31f-5bd1-99c9-0b205cec829e,tg:lhob:656,ProductionTimeSpans,nan,1895,nan,nan
aace5079-d656-5063-aa96-7b87fd00e060,tg:lhob:713,ProductionTimeSpans,zonder datum,nan,nan,nan
76a01cb8-b151-59c3-b593-b02b67de188f,tg:lhob:343,ProductionTimeSpans,datum vóór,1922,nan,nan
ea048364-6101-5492-bef4-6573a816a250,tg:lhob:590,ProductionTimeSpans,nan,1909,nan,nan
a319e252-eb18-5a27-80bb-fa2132d48bf9,tg:lhob:98,ProductionTimeSpans,circa,1940,nan,nan
89346987-6164-5d91-94a1-ab22af09b8e9,tg:lhob:77,ProductionTimeSpans,circa,1940,nan,nan
4556877c-3dec-5bf7-a0ca-35af1a796385,tg:lhob:210,ProductionTimeSpans,datum vóór,1968,nan,nan
0f54d3fa-a71c-5e14-ba61-7ea676a233b3,tg:lhob:640,ProductionTimeSpans,nan,1908,nan,nan
11aadd1a-1b7b-5af0-bd5c-a6e1fd3880ce,tg:lhob:355,ProductionTimeSpans,datum vóór,2012,nan,nan
ec713338-1901-5c95-a827-fe2fdffe9b37,tg:lhob:705,ProductionTimeSpans,zonder datum,nan,nan,nan
675fe7d4-2f9c-544a-8e6a-0b763f40e77b,tg:lhob:586,ProductionTimeSpans,zonder datum,nan,nan,nan
978c5a2b-bb23-5f2c-b10f-d690ec1d52ce,tg:lhob:569,ProductionTimeSpans,zonder datum,nan,nan,nan
ea53cb96-164a-5f60-9d88-a1fab88260d0,tg:lhob:139,ProductionTimeSpans,circa,1950,nan,nan
c2b8a3e8-a46f-5bf6-96e7-c8d288dabfe0,tg:lhob:617,ProductionTimeSpans,nan,1912,nan,nan
56f69663-9f7c-52d9-9357-879ddc002097,tg:lhob:302,ProductionTimeSpans,datum vóór,1938,nan,nan
38df51fb-9845-55ec-8d64-a9bae16384eb,tg:lhob:549,ProductionTimeSpans,nan,1976,nan,nan
f86a177c-40a0-5a3d-98e8-ee8114ddef11,tg:lhob:375,ProductionTimeSpans,datum vóór,1978,nan,nan
bdf60c03-0152-5b5a-ab82-b62df1f7898b,tg:lhob:725,ProductionTimeSpans,zonder datum,nan,nan,nan
aa7620ed-b248-5012-801d-44af139e0277,tg:lhob:230,ProductionTimeSpans,datum vóór,1972,nan,nan
6568f72d-9329-5ca8-affd-da8775f9b2ca,tg:lhob:660,ProductionTimeSpans,nan,1903,nan,nan
1e154e2a-486a-5acd-810e-4c7155cbbfa4,tg:lhob:288,ProductionTimeSpans,datum vóór,1986,nan,nan
40b73b50-6a75-5243-a771-c34a962e6579,tg:lhob:322,ProductionTimeSpans,datum vóór,1986,nan,nan
7d7fefa8-3307-51de-a7ac-da11e4248928,tg:lhob:637,ProductionTimeSpans,zonder datum,nan,nan,nan
8e45a706-94d5-5419-8a44-336e5610b60e,tg:lhob:267,ProductionTimeSpans,datum vóór,1952,nan,nan
049e8351-8b2c-5cca-903f-ea20425ad2aa,tg:lhob:508,ProductionTimeSpans,circa,1930,nan,nan
42f6290b-a696-5dc3-a692-36b9e0e67b51,tg:lhob:158,ProductionTimeSpans,circa,1955,nan,nan
5369b966-631a-5143-9518-ea27c85249e3,tg:lhob:334,ProductionTimeSpans,datum vóór,1976,nan,nan
1bbe3e40-dd56-598f-a25d-262e4e247b86,tg:lhob:271,ProductionTimeSpans,datum vóór,1931,nan,nan
312da8d8-7042-5b8d-bd81-fb3b0bb92fca,tg:lhob:621,ProductionTimeSpans,zonder datum,nan,nan,nan
a59ae65d-b818-5d0e-9f9c-b7ec0aac2bd4,tg:lhob:699,ProductionTimeSpans,zonder datum,nan,nan,nan
06921aaa-1516-5f27-a96a-bf985f5e3171,tg:lhob:363,ProductionTimeSpans,datum vóór,1986,nan,nan
2eae7de6-e530-56a3-acf9-d6e9b56384d3,tg:lhob:676,ProductionTimeSpans,nan,1987,nan,nan
1e5a2451-acba-564b-95bc-c7b12f049888,tg:lhob:226,ProductionTimeSpans,datum vóór,1936,nan,nan
f23cbd96-2b7d-5902-8a8e-1491530ffb68,tg:lhob:524,ProductionTimeSpans,nan,1911,nan,nan
3e19ea84-4ecb-5977-9421-9ffa7cf127b1,tg:lhob:318,ProductionTimeSpans,circa,1940,nan,nan
1f5bc828-1571-526d-8f90-d50114b812c8,tg:lhob:94,ProductionTimeSpans,circa,1970,nan,nan
a008a896-b7c3-5d2f-ad98-597ad3ab33b1,tg:lhob:436,ProductionTimeSpans,zonder datum,nan,nan,nan
686aaaeb-90ba-5ddb-88fe-f13ac964755c,tg:lhob:573,ProductionTimeSpans,nan,1896,nan,nan
93cb61b6-7711-5dfe-a061-569ac06464be,tg:lhob:123,ProductionTimeSpans,circa,1930,nan,nan
777e9212-d7a9-5501-8978-fd54e7f26c95,tg:lhob:420,ProductionTimeSpans,zonder datum,nan,nan,nan
68aaa2d9-b5a9-50dc-9ff2-d710265f6eeb,tg:lhob:565,ProductionTimeSpans,zonder datum,nan,nan,nan
52ee1d6d-2804-50d3-bfd3-61042162ed3c,tg:lhob:709,ProductionTimeSpans,zonder datum,nan,nan,nan
bbd8ed56-93f4-5c59-bf7e-d07fd96d4ae1,tg:lhob:359,ProductionTimeSpans,datum vóór,2012,nan,nan
c7135e38-584c-5a54-8836-5433378b28ad,tg:lhob:532,ProductionTimeSpans,nan,1886,nan,nan
44b9fca4-68bc-5fd6-b341-40e28a6224fd,tg:lhob:498,ProductionTimeSpans,datum vóór,1916,nan,nan
6b25ae3c-1a1a-59a4-a776-a24cd0f9e1e6,tg:lhob:533,ProductionTimeSpans,nan,1933,nan,nan
bc71e5a7-816b-5036-bf89-bdcdad003524,tg:lhob:499,ProductionTimeSpans,datum vóór,1885,nan,nan
1d05b1b9-0618-5c54-8751-6479fbf3475f,tg:lhob:708,ProductionTimeSpans,zonder datum,nan,nan,nan
4f887d02-75a6-5ce8-b12c-e5b38da7ee6c,tg:lhob:358,ProductionTimeSpans,datum vóór,1986,nan,nan
a65025e9-9d49-5cc7-8251-2302516bbdaa,tg:lhob:421,ProductionTimeSpans,zonder datum,nan,nan,nan
168af78c-5e5c-5350-9eed-b281c25f187f,tg:lhob:134,ProductionTimeSpans,circa,1950,nan,nan
5b7bbf90-249a-50cd-b832-34789cc9fe4f,tg:lhob:564,ProductionTimeSpans,zonder datum,nan,nan,nan
ee505759-223f-5451-aee7-5fc99aa8e4c5,tg:lhob:95,ProductionTimeSpans,circa,1900,nan,nan
039e2f17-f200-5204-b703-688251042d88,tg:lhob:437,ProductionTimeSpans,nan,1936,nan,nan
d6ddc6e0-bdbd-5df8-92e4-9f59bd1f9bb1,tg:lhob:572,ProductionTimeSpans,nan,1859,nan,nan
689c4ad9-8332-5e66-b346-1bd7633425c9,tg:lhob:122,ProductionTimeSpans,circa,1920,nan,nan
d04d6f12-b361-5dc9-9072-33c4896dc250,tg:lhob:319,ProductionTimeSpans,datum vóór,1969,nan,nan
807d1fa4-a90f-5284-81a1-aa30acf7bba9,tg:lhob:175,ProductionTimeSpans,circa,1970,nan,nan
6168c962-3e49-5cc3-bc28-25b3366a6315,tg:lhob:525,ProductionTimeSpans,nan,1886,nan,nan
eacb0b64-a631-5317-81ab-b07e5c5a0da5,tg:lhob:698,ProductionTimeSpans,zonder datum,nan,nan,nan
38bab78f-ccfe-5cc7-ba4a-274a5667314d,tg:lhob:362,ProductionTimeSpans,datum vóór,1986,nan,nan
ae4ddc15-90b6-5216-9c39-47a4d69fee0d,tg:lhob:677,ProductionTimeSpans,nan,1987,nan,nan
68063590-95c5-5ec6-9f10-fd69b8b51b68,tg:lhob:227,ProductionTimeSpans,datum vóór,1972,nan,nan
d30cff16-d872-5c7e-a09f-b05ede5c5258,tg:lhob:335,ProductionTimeSpans,datum vóór,1992,nan,nan
f71795ce-64f8-5d14-bec0-e7aaea80989f,tg:lhob:270,ProductionTimeSpans,datum vóór,1931,nan,nan
0a65641d-3a81-502e-9c8b-d93c471274ed,tg:lhob:620,ProductionTimeSpans,zonder datum,nan,nan,nan
a15d77ac-2a35-5d4f-8e61-4c852f27bc5c,tg:lhob:159,ProductionTimeSpans,circa,1900,nan,nan
c63e171d-b02a-5052-a9f0-769d01eaab54,tg:lhob:289,ProductionTimeSpans,datum vóór,1956,nan,nan
7a04ce32-968d-5c8a-b662-9c05ef366c53,tg:lhob:323,ProductionTimeSpans,datum vóór,1956,nan,nan
9f84eaea-8f76-5c81-89c1-c29bb01ac105,tg:lhob:636,ProductionTimeSpans,zonder datum,nan,nan,nan
50db8fa5-2250-5d0f-bb8f-8f63d18a4fd5,tg:lhob:266,ProductionTimeSpans,datum vóór,1952,nan,nan
e183894d-04ce-5c3f-8300-1f4b0e083f34,tg:lhob:374,ProductionTimeSpans,datum vóór,1983,nan,nan
67ada668-af59-5fa5-b6b1-825fbac71ed9,tg:lhob:724,ProductionTimeSpans,zonder datum,nan,nan,nan
b06ff932-a1e4-562b-944e-cd87ab59530c,tg:lhob:231,ProductionTimeSpans,datum vóór,1972,nan,nan
3beb2575-8065-551e-8612-06b0c5e9c57f,tg:lhob:661,ProductionTimeSpans,nan,1913,nan,nan
58793a7e-9836-522b-8b8a-1017729be7dc,tg:lhob:548,ProductionTimeSpans,zonder datum,nan,nan,nan
4733eafd-05ba-5af5-a904-4e28c8aada36,tg:lhob:118,ProductionTimeSpans,circa,1950,nan,nan
10c034bb-4ac3-57d3-9e4a-93e2a408b890,tg:lhob:495,ProductionTimeSpans,datum vóór,1936,nan,nan
6ff7a84d-0bc7-58a3-bd6c-db8914a0b969,tg:lhob:616,ProductionTimeSpans,nan,1911,nan,nan
ad6695ec-5571-566c-9f72-acd025570b4b,tg:lhob:246,ProductionTimeSpans,datum vóór,1926,nan,nan
b4520af0-7898-544a-9886-b5820c65ceeb,tg:lhob:303,ProductionTimeSpans,datum vóór,1938,nan,nan
501d39d6-eef4-582a-94a0-3765a588a9f5,tg:lhob:587,ProductionTimeSpans,zonder datum,nan,nan,nan
ddfa8ec3-89c2-5026-a7bb-f357e70c29e3,tg:lhob:568,ProductionTimeSpans,zonder datum,nan,nan,nan
b2b0fe20-eee7-5511-a5bb-ad3fcc36943a,tg:lhob:138,ProductionTimeSpans,circa,1960,nan,nan
cf431aeb-e507-5698-a484-13bf523fa092,tg:lhob:641,ProductionTimeSpans,nan,1904,nan,nan
5b44d137-90fb-5912-acbc-7f2608416c62,tg:lhob:354,ProductionTimeSpans,datum vóór,1922,nan,nan
6b25a3a8-b8c0-5231-b439-de5ca1494eba,tg:lhob:704,ProductionTimeSpans,zonder datum,nan,nan,nan
d7bb3ac7-a800-5e75-966b-4303219d8fca,tg:lhob:591,ProductionTimeSpans,nan,1939,nan,nan
ce9a9e2d-3504-592d-8bed-8af9bc3c641d,tg:lhob:99,ProductionTimeSpans,circa,1940,nan,nan
98a9cc57-28f0-55c4-a7cf-5d705ed9affb,tg:lhob:76,ProductionTimeSpans,circa,1940,nan,nan
7f9aef31-a0d4-532d-8121-75b18dda09df,tg:lhob:657,ProductionTimeSpans,nan,1897,nan,nan
b815d424-e521-5661-8181-487b8d20f97a,tg:lhob:207,ProductionTimeSpans,circa,1925,nan,nan
6331e3ce-4997-552b-8d9a-bd41b6fdf8a3,tg:lhob:712,ProductionTimeSpans,zonder datum,nan,nan,nan
f360c194-bbed-5833-85d8-17a7a822e6f9,tg:lhob:342,ProductionTimeSpans,datum vóór,1956,nan,nan
04771dcb-2029-567a-a786-c76208457897,tg:lhob:529,ProductionTimeSpans,zonder datum,nan,nan,nan
1e9e6b2f-bdd6-54d1-a999-290c165c9fa0,tg:lhob:483,ProductionTimeSpans,datum vóór,2008,nan,nan
be4cb44a-ab21-5294-8c63-869c43a7b22f,tg:lhob:250,ProductionTimeSpans,nan,1941,nan,nan
f9d08c90-afaf-5b15-8b6c-a1c568640b6e,tg:lhob:600,ProductionTimeSpans,nan,1972,nan,nan
1eae5d10-a032-5efb-a639-ab64e06fbb97,tg:lhob:552,ProductionTimeSpans,nan,1981,nan,nan
fddb58b1-af35-52da-b2d6-0976f93d0f6b,tg:lhob:102,ProductionTimeSpans,circa,1940,nan,nan
2acbdd19-0ecf-5e7c-8ba8-98a18c399fe7,tg:lhob:417,ProductionTimeSpans,nan,1906,nan,nan
8385be39-85a8-5fba-9c5f-f5e84fa863dd,tg:lhob:694,ProductionTimeSpans,nan,1965,nan,nan
f09473bb-edce-5537-9304-fcefa20bb684,tg:lhob:381,ProductionTimeSpans,circa,1986,nan,nan
65e4bdc5-742f-570a-9d71-d89fd8c84c2f,tg:lhob:505,ProductionTimeSpans,zonder datum,nan,nan,nan
07dd1c0d-90bd-5d1e-8b17-b4db8d553ccc,tg:lhob:440,ProductionTimeSpans,nan,1874-08-16,nan,nan
4b8cd6b0-c23e-5773-b628-5627132fa167,tg:lhob:293,ProductionTimeSpans,datum vóór,2012,nan,nan
63da0311-405d-55da-9844-690abd29fb62,tg:lhob:339,ProductionTimeSpans,datum vóór,1982,nan,nan
0f9ab033-daa7-5a85-9e4f-5810c8c3756c,tg:lhob:513,ProductionTimeSpans,circa,1960,nan,nan
88c67227-39f9-57d9-8c01-188757f0fc76,tg:lhob:285,ProductionTimeSpans,datum vóór,1986,nan,nan
17ac57cf-1bd2-5d54-9c05-744b762d7c70,tg:lhob:114,ProductionTimeSpans,circa,1910,nan,nan
7054b0cb-3a9d-5f87-828a-3023c6e6655b,tg:lhob:544,ProductionTimeSpans,nan,1939,nan,nan
1e48616c-49d6-5e66-ad68-75c533340319,tg:lhob:401,ProductionTimeSpans,datum vóór,1986,nan,nan
5784cc53-0e0e-5628-912b-26ce7215dd53,tg:lhob:728,ProductionTimeSpans,zonder datum,nan,nan,nan
5bdf1b3e-a9b3-56fa-b27e-ba4b8e0ae604,tg:lhob:682,ProductionTimeSpans,zonder datum,nan,nan,nan
8e581ef4-eb3c-5004-be78-fa65214d73c3,tg:lhob:378,ProductionTimeSpans,datum vóór,1869,nan,nan
b77d6ea1-d6a6-55d7-bf65-842822d2480b,tg:lhob:397,ProductionTimeSpans,circa,1900,nan,nan
0da98ac5-4a39-51b4-8d2f-f0eff19cd057,tg:lhob:689,ProductionTimeSpans,zonder datum,nan,nan,nan
bdd44810-6d54-5030-afc3-54a6c5bf37d3,tg:lhob:373,ProductionTimeSpans,circa,1950,nan,nan
f4f2a252-84d5-5a08-9bd2-056b52781658,tg:lhob:723,ProductionTimeSpans,zonder datum,nan,nan,nan
eae32cb5-7d78-5b8c-8053-0ec6731f0a83,tg:lhob:236,ProductionTimeSpans,datum vóór,1972,nan,nan
848526cc-f124-5b87-a440-4e759b961fe2,tg:lhob:666,ProductionTimeSpans,zonder datum,nan,nan,nan
96c8292a-ca37-5dce-b4d4-994081c5e898,tg:lhob:148,ProductionTimeSpans,circa,1930,nan,nan
ed83c965-ea6c-58b1-9d5e-1d959f8fd3e9,tg:lhob:518,ProductionTimeSpans,zonder datum,nan,nan,nan
1f9c5b8c-a852-5d77-8ed5-637b9d2f6db9,tg:lhob:324,ProductionTimeSpans,datum vóór,1924,nan,nan
50993c04-09db-5aab-91fe-138756c6a126,tg:lhob:631,ProductionTimeSpans,nan,1924,nan,nan
cd1ac1b1-71fa-5901-85b8-0109608d00a9,tg:lhob:261,ProductionTimeSpans,datum vóór,1899,nan,nan
10619e69-ff8e-5edd-98f3-0ac22ca386df,tg:lhob:332,ProductionTimeSpans,datum vóór,1986,nan,nan
6227cee9-6ca5-59cf-9881-f7e324e2fb10,tg:lhob:298,ProductionTimeSpans,datum vóór,1986,nan,nan
b98b7ed0-5f42-5ce0-ad47-dde46cb63509,tg:lhob:277,ProductionTimeSpans,datum vóór,1982,nan,nan
e9a43dc3-0ac1-5e0c-94d7-9ed4c0ebccba,tg:lhob:627,ProductionTimeSpans,nan,1928,nan,nan
5bd293ed-da1d-5499-8d86-8b806b69cea3,tg:lhob:109,ProductionTimeSpans,circa,1950,nan,nan
4fd104bd-fdfd-5eac-8bc5-535766f77bbd,tg:lhob:559,ProductionTimeSpans,reconstructie,1996,nan,nan
55a3c15a-6c59-54e5-93ba-a2a4ce1453b0,tg:lhob:365,ProductionTimeSpans,datum vóór,1973,nan,nan
988b0604-c205-5c86-b3c3-dab983bd8b44,tg:lhob:670,ProductionTimeSpans,zonder datum,nan,nan,nan
8f224bff-7428-5e5e-9622-98f1e736413f,tg:lhob:220,ProductionTimeSpans,datum vóór,1883,nan,nan
5a047795-04fc-5dbe-95f7-4c4e2d6a7915,tg:lhob:488,ProductionTimeSpans,datum vóór,1982,nan,nan
7da89682-68f3-5cff-84f1-4d8c94d27613,tg:lhob:522,ProductionTimeSpans,nan,1958,nan,nan
7a584d1a-15de-58ba-b538-3c56522415a6,tg:lhob:430,ProductionTimeSpans,nan,1895,nan,nan
7530c604-63a8-5db3-8079-4f9695b04ec4,tg:lhob:92,ProductionTimeSpans,circa,1860,nan,nan
b5e5a4a3-05db-5384-a64f-0865630d2f32,tg:lhob:575,ProductionTimeSpans,zonder datum,nan,nan,nan
4dfae4a9-42cd-5250-8164-06ed11ee73fb,tg:lhob:125,ProductionTimeSpans,circa,1970,nan,nan
d03a9db7-d6ce-54ac-b487-711058b02df1,tg:lhob:349,ProductionTimeSpans,datum vóór,1956,nan,nan
3f6babf2-cc05-501a-be7f-d9ef1934ed2f,tg:lhob:719,ProductionTimeSpans,zonder datum,nan,nan,nan
99477dc7-97b1-5bdb-a02e-74b53a0ba9d7,tg:lhob:84,ProductionTimeSpans,circa,1920,nan,nan
5a00dc31-4cfc-50a5-aee3-1881eb72138d,tg:lhob:426,ProductionTimeSpans,nan,1874,nan,nan
85da6c09-3c6d-540f-8eff-197f0c99b68f,tg:lhob:133,ProductionTimeSpans,nan,1950,nan,nan
0acb2717-a90a-598c-bd3b-c3f82f9a8e7a,tg:lhob:563,ProductionTimeSpans,nan,1988,nan,nan
6bebcd9a-a2ef-5ba1-b466-c0d1a046a5c1,tg:lhob:534,ProductionTimeSpans,zonder datum,nan,nan,nan
9ab450b3-a418-5d62-abd6-d24e4f7e6322,tg:lhob:308,ProductionTimeSpans,datum vóór,1952,nan,nan
fb9d9f79-ed4c-5519-884d-64df2978ea25,tg:lhob:685,ProductionTimeSpans,nan,1882,nan,nan
291bdcfd-38bc-5985-907e-f3c68894857a,tg:lhob:390,ProductionTimeSpans,circa,1920,nan,nan
ea66c629-987d-5cc7-aa68-1667c9f7b8ee,tg:lhob:113,ProductionTimeSpans,circa,1900,nan,nan
cc7f678f-83c3-5387-a060-74aa9df5278f,tg:lhob:543,ProductionTimeSpans,nan,1958,nan,nan
c7609d4e-70de-55ef-bd48-bf2988c00bc3,tg:lhob:328,ProductionTimeSpans,datum vóór,1992,nan,nan
2357f3bd-b04c-56e2-9590-1601a2d0c2cf,tg:lhob:282,ProductionTimeSpans,datum vóór,1924,nan,nan
261373ab-9582-5215-8c8f-5ddc774996bc,tg:lhob:514,ProductionTimeSpans,circa,1967,1967,circa
ed47729f-953f-5003-8a8c-db16fd9cf838,tg:lhob:451,ProductionTimeSpans,datum vóór,1952,nan,nan
7e7eaaa2-8ae0-5556-b484-e7c0da8a6387,tg:lhob:152,ProductionTimeSpans,circa,1860,nan,nan
f7f6ceb8-fa62-5dcf-9590-6f1e05750a39,tg:lhob:502,ProductionTimeSpans,datum vóór,1959,nan,nan
5b74bf46-a5bd-570c-b293-ea25f2f17da1,tg:lhob:447,ProductionTimeSpans,nan,1933,nan,nan
d1a3ea5b-98c7-5670-8d8b-e0e98ca3acba,tg:lhob:693,ProductionTimeSpans,nan,1901-07-21,nan,nan
50ec8d66-30ea-5ccd-8b1b-cb6d14641ff4,tg:lhob:369,ProductionTimeSpans,datum vóór,1952,nan,nan
671568d3-3a93-5f92-aee7-801871fae924,tg:lhob:739,ProductionTimeSpans,circa,2000,nan,nan
eef96846-5827-5b44-a511-757e259f965b,tg:lhob:386,ProductionTimeSpans,datum vóór,1952,nan,nan
7a66ec90-dec2-516b-8e92-c7f73fb3ff2a,tg:lhob:555,ProductionTimeSpans,zonder datum,nan,nan,nan
0dc84960-8be2-55e3-b92a-006d87e2ab7c,tg:lhob:105,ProductionTimeSpans,circa,1970,nan,nan
c22f879e-9ad3-5c38-a0d9-e566a793d403,tg:lhob:410,ProductionTimeSpans,zonder datum,nan,nan,nan
641a782f-ada1-50b8-9a4d-ee7b4fbd16bf,tg:lhob:257,ProductionTimeSpans,datum vóór,1983,nan,nan
cd6e0acc-6d84-58a5-a7df-fe3e9d205d1c,tg:lhob:607,ProductionTimeSpans,nan,1892,nan,nan
b63801e2-9734-55bc-a724-cc9b5eb499b8,tg:lhob:312,ProductionTimeSpans,datum vóór,1904,nan,nan
8673ff4b-9220-5edc-8777-d5a8876bbc59,tg:lhob:191,ProductionTimeSpans,datum vóór,1947,nan,nan
07771e20-2b34-58a3-97e8-8ba0aa3b5669,tg:lhob:26,ProductionTimeSpans,nan,1881,nan,nan
ddb182f1-30d5-5754-af58-82d22e99820f,tg:lhob:650,ProductionTimeSpans,nan,1914,nan,nan
b144145a-e690-573d-a83e-e82e617bdcfc,tg:lhob:200,ProductionTimeSpans,datum vóór,1965,nan,nan
59ab917d-da2b-5659-a9c5-525c5bb8702b,tg:lhob:715,ProductionTimeSpans,zonder datum,nan,nan,nan
869da3bc-d09a-54cd-8faa-60e550c8652a,tg:lhob:345,ProductionTimeSpans,datum vóór,1983,nan,nan
48361d7b-04ff-5b1a-b80d-534d0b26a10c,tg:lhob:596,ProductionTimeSpans,nan,1964,nan,nan
7ed20e84-50e4-546b-84f2-3e449aee92b4,tg:lhob:129,ProductionTimeSpans,circa,1900,nan,nan
f2b0a9b7-511d-52a9-bade-292ffd26a505,tg:lhob:579,ProductionTimeSpans,nan,1968,nan,nan
ebcdcab7-100b-5f7b-9783-fd418784ee90,tg:lhob:71,ProductionTimeSpans,circa,1880,nan,nan
bf68a033-e5df-59c4-aa8d-88749ac456be,tg:lhob:646,ProductionTimeSpans,nan,1895,nan,nan
f351ec48-09e5-5ae5-863a-929f1990031b,tg:lhob:353,ProductionTimeSpans,datum vóór,1986,nan,nan
ce038521-d455-5879-b25d-78618c348e39,tg:lhob:703,ProductionTimeSpans,zonder datum,nan,nan,nan
e25c8ed0-cf2e-5817-a9e2-d6f01a3bd362,tg:lhob:580,ProductionTimeSpans,nan,1937,nan,nan
845c0e30-9370-5f69-b807-060165902df0,tg:lhob:88,ProductionTimeSpans,circa,1870,nan,nan
92f6aefd-182e-5d98-8419-7bea3af8093d,tg:lhob:611,ProductionTimeSpans,nan,1913,nan,nan
1dc939e0-a4a8-5c82-9fb5-734db3822a7e,tg:lhob:304,ProductionTimeSpans,datum vóór,1953,nan,nan
9f5bd813-78bc-5ee9-b7d5-30ab38389bdb,tg:lhob:492,ProductionTimeSpans,datum vóór,1992,nan,nan
093d97c0-73c8-5166-88f3-4a31f6ac5637,tg:lhob:538,ProductionTimeSpans,nan,1968,nan,nan
6291900d-a982-5bfc-9f05-652d64d0bf25,tg:lhob:30,ProductionTimeSpans,nan,1883,nan,nan
01c0fb70-49f9-5292-93b2-3410f9adac3b,tg:lhob:493,ProductionTimeSpans,datum vóór,1927,nan,nan
b35f86ff-e86c-5683-b130-68bbeec0678a,tg:lhob:539,ProductionTimeSpans,zonder datum,nan,nan,nan
e6d5ea11-0a81-54c5-90f8-56da1f9621e4,tg:lhob:31,ProductionTimeSpans,nan,1886,nan,nan
c5fa3cc7-4330-5dd3-bc63-175c27d3679d,tg:lhob:610,ProductionTimeSpans,nan,1897,nan,nan
d432abaa-0d2a-5b2d-b833-1b43c319ff9d,tg:lhob:240,ProductionTimeSpans,nan,1919,nan,nan
83665aba-876d-549a-987e-c7e0820cb4c4,tg:lhob:305,ProductionTimeSpans,datum vóór,1952,nan,nan
e9753d32-e3ff-5167-946b-874a15c41a1f,tg:lhob:581,ProductionTimeSpans,zonder datum,nan,nan,nan
5b79a7ce-de7c-572b-a13d-c2c424a166bc,tg:lhob:89,ProductionTimeSpans,circa,1870,nan,nan
9fe0854f-f686-5bb9-955e-7bbd13058140,tg:lhob:647,ProductionTimeSpans,nan,1871,nan,nan
9570aca6-17c6-5cac-9408-e5aaf6637804,tg:lhob:352,ProductionTimeSpans,datum vóór,1985,nan,nan
36e94dc1-bef1-545b-81e5-8d4f46947634,tg:lhob:702,ProductionTimeSpans,zonder datum,nan,nan,nan
f30c1b37-107d-5b4a-a9fe-2b4a3769bb08,tg:lhob:597,ProductionTimeSpans,nan,1982,nan,nan
bca63b67-e83b-56b5-a207-b543450711dd,tg:lhob:128,ProductionTimeSpans,circa,1960,nan,nan
ea71acc6-9a8f-5e0e-8359-931a5dc7e765,tg:lhob:578,ProductionTimeSpans,nan,1934,nan,nan
f6d6d8a3-cb7f-52d7-87e9-0922be22bdbf,tg:lhob:651,ProductionTimeSpans,nan,1903,nan,nan
1add3b51-a3e2-5a22-9e74-1ac7aacacd33,tg:lhob:201,ProductionTimeSpans,datum vóór,1952,nan,nan
560e7a90-b839-5647-90aa-813078c9310b,tg:lhob:714,ProductionTimeSpans,zonder datum,nan,nan,nan
71f5dbc1-c8e2-5a53-b529-9f6c83683bec,tg:lhob:344,ProductionTimeSpans,datum vóór,1986,nan,nan
17224bba-0d0e-597a-9be2-7f2b8eb004fb,tg:lhob:190,ProductionTimeSpans,datum vóór,1941,nan,nan
193b1a71-7bb1-5c4e-a662-76bd2f6a10e3,tg:lhob:27,ProductionTimeSpans,nan,1881-09-25,nan,nan
4e719db4-e0b2-50de-a307-1e920baf8800,tg:lhob:256,ProductionTimeSpans,datum vóór,1983,nan,nan
77b60886-4d2d-55a9-abe7-a86fd1f24f72,tg:lhob:606,ProductionTimeSpans,nan,1900,nan,nan
5a59f20e-f376-5961-987c-4c1ac380bf47,tg:lhob:313,ProductionTimeSpans,datum vóór,1929,nan,nan
02fc4adc-859e-518e-a1b1-abbd4a9ced09,tg:lhob:554,ProductionTimeSpans,nan,1972,nan,nan
fde4ee0b-2099-5890-afc5-8ffa9b538296,tg:lhob:104,ProductionTimeSpans,circa,1880,nan,nan
6c3b7bf3-02a3-5fa3-a92e-4b8e98bf0e89,tg:lhob:411,ProductionTimeSpans,zonder datum,nan,nan,nan
339d66b4-0843-5b5f-b826-410aadfff099,tg:lhob:692,ProductionTimeSpans,zonder datum,nan,nan,nan
e5c7c2d8-5efb-56ad-9653-dc9a9a8f3e85,tg:lhob:368,ProductionTimeSpans,circa,1933,nan,nan
31704365-89e5-5c82-91cc-491cecd4899f,tg:lhob:738,ProductionTimeSpans,circa,2000,nan,nan
9c73caf7-2d7e-526e-89bc-899d59e4b319,tg:lhob:387,ProductionTimeSpans,datum vóór,1952,nan,nan
d720f2ab-0ca2-5b01-a678-d3b70cd4067c,tg:lhob:153,ProductionTimeSpans,circa,1950,nan,nan
a94e80f2-7f96-543b-aaa5-838c441028a2,tg:lhob:503,ProductionTimeSpans,nan,nan,nan,nan
662c5c57-f47c-5d4f-8129-bd13e718db6b,tg:lhob:446,ProductionTimeSpans,nan,1937,nan,nan
42ac0737-ca74-5339-9934-cdd7b8d6ad05,tg:lhob:295,ProductionTimeSpans,datum vóór,1924,nan,nan
4a09f746-ad73-5c9b-bace-e9d1b5c978cd,tg:lhob:515,ProductionTimeSpans,nan,1985,1985,nan
2fb33b5b-3e0b-564e-80e8-06564c7e7e9f,tg:lhob:145,ProductionTimeSpans,datum vóór,1982,nan,nan
5ef54a65-13f2-5c36-a854-cdb5b5b59cc6,tg:lhob:329,ProductionTimeSpans,datum vóór,2012,nan,nan
c644b3f1-3028-5120-b346-3acade491b77,tg:lhob:283,ProductionTimeSpans,datum vóór,1885,nan,nan
8455761a-5b32-5f88-ad7c-bda6640e385b,tg:lhob:112,ProductionTimeSpans,circa,1920,nan,nan
31847841-bb2b-54fa-940f-7afb537ec881,tg:lhob:542,ProductionTimeSpans,nan,1965,nan,nan
eca6027f-672d-5e12-a169-8362dba0d361,tg:lhob:407,ProductionTimeSpans,circa,1980,nan,nan
7467b8ba-a37b-5e66-8982-b4f4f241880c,tg:lhob:684,ProductionTimeSpans,nan,1881,nan,nan
ac3e0496-793d-5528-868a-a613328cbb05,tg:lhob:391,ProductionTimeSpans,datum vóór,1986,nan,nan
38d219e6-0832-563c-9df7-067513768aac,tg:lhob:309,ProductionTimeSpans,datum vóór,1952,nan,nan
6c94970c-7ee2-5e68-b204-d1f711f51a21,tg:lhob:535,ProductionTimeSpans,nan,1975,nan,nan
42dd7f4e-25ce-5fe4-98ba-1ea51546f714,tg:lhob:85,ProductionTimeSpans,circa,1900,nan,nan
f9387c4e-f416-5df1-b28c-41b12f01c527,tg:lhob:427,ProductionTimeSpans,nan,1861,nan,nan
95d65a68-4996-5ae6-bcac-43d4dd3e14f5,tg:lhob:132,ProductionTimeSpans,circa,1920,nan,nan
b7494824-f9c1-555a-afd3-085bf3e50470,tg:lhob:562,ProductionTimeSpans,nan,2001,nan,nan
49e645bb-7866-5b89-bdac-460a59910a13,tg:lhob:348,ProductionTimeSpans,datum vóór,1956,nan,nan
33a45644-c571-515d-a4cd-feeca33a7fe3,tg:lhob:718,ProductionTimeSpans,zonder datum,nan,nan,nan
6d425f5c-8a61-528b-9729-49eadb09a0ee,tg:lhob:431,ProductionTimeSpans,nan,1895,nan,nan
2b60201f-7e64-5135-878c-695602738bbb,tg:lhob:93,ProductionTimeSpans,circa,1970,nan,nan
0c459f16-b40b-5759-b2b3-fd609254b37d,tg:lhob:574,ProductionTimeSpans,zonder datum,nan,nan,nan
67dda1a6-bd99-55f8-8fc1-f162041f546a,tg:lhob:523,ProductionTimeSpans,nan,1961,nan,nan
9e71c1b2-d30c-5f1d-8c34-7709c2cd15de,tg:lhob:364,ProductionTimeSpans,datum vóór,1986,nan,nan
345f2c6a-9e96-5fa8-b0a2-69dd060061ba,tg:lhob:671,ProductionTimeSpans,nan,1961-08-14,nan,nan
444b421f-dd8b-5951-b2b0-97238442630c,tg:lhob:108,ProductionTimeSpans,circa,1930,nan,nan
ec431d10-ae90-574a-bfa2-08dd5fa8b079,tg:lhob:558,ProductionTimeSpans,zonder datum,nan,nan,nan
d98dab43-aa10-5505-a523-d4eda8ae7f11,tg:lhob:333,ProductionTimeSpans,datum vóór,1973,nan,nan
d9d2bfc9-b4fd-5511-bc50-3d07a998a76b,tg:lhob:299,ProductionTimeSpans,datum vóór,1982,nan,nan
9ca98929-13cf-5371-bd45-831394bbf1a5,tg:lhob:276,ProductionTimeSpans,datum vóór,1982,nan,nan
7e55f663-7c61-552f-b884-d2eed74de44d,tg:lhob:626,ProductionTimeSpans,nan,1934,nan,nan
1cf726b5-8db7-5c0c-bd9e-662639410d3c,tg:lhob:325,ProductionTimeSpans,datum vóór,1986,nan,nan
43afe695-5501-574d-a174-bb552e3e116b,tg:lhob:630,ProductionTimeSpans,nan,1925,nan,nan
685c94bb-f485-5187-bbff-a0a0a5d194e8,tg:lhob:260,ProductionTimeSpans,datum vóór,1956,nan,nan
87af7525-a00e-500b-a735-69ded74ebf52,tg:lhob:149,ProductionTimeSpans,circa,1860,nan,nan
85c020c6-314c-5e9f-ad3e-e7aed7f791e6,tg:lhob:519,ProductionTimeSpans,nan,1868,nan,nan
86d860c1-a438-58fe-9372-451f72f450ff,tg:lhob:688,ProductionTimeSpans,zonder datum,nan,nan,nan
f5f1348d-4e09-51f7-a815-6ca4ecce38df,tg:lhob:372,ProductionTimeSpans,datum vóór,1986,nan,nan
0d59cead-0e6a-5456-a01f-2fd1c1f91b63,tg:lhob:722,ProductionTimeSpans,zonder datum,nan,nan,nan
d19db6ee-0d5a-50b3-90d3-000bd329e296,tg:lhob:237,ProductionTimeSpans,datum vóór,1929,nan,nan
9cbaa13b-e9db-58a6-b8e5-47ddb6b420f6,tg:lhob:667,ProductionTimeSpans,nan,1936-10-14,nan,nan
0312d5f8-4dca-5be3-839e-4083377f4cab,tg:lhob:536,ProductionTimeSpans,nan,1980,nan,nan
51a452cc-2dfd-5229-b4b6-c3b27a49db3b,tg:lhob:189,ProductionTimeSpans,circa,1947,nan,nan
ce01ad80-70c0-5626-acb2-e0fd4e5d8ff1,tg:lhob:473,ProductionTimeSpans,datum vóór,1971,nan,nan
45406206-0771-5e33-9fe7-37e0f7e592c3,tg:lhob:648,ProductionTimeSpans,nan,1895,nan,nan
95a78d68-6920-50a7-bc1e-866675ad86f5,tg:lhob:69,ProductionTimeSpans,circa,1880,nan,nan
d5193e87-5519-554f-93b1-5387f77af688,tg:lhob:131,ProductionTimeSpans,circa,1950,nan,nan
16d7e048-6a4f-5a59-8516-d4c371883b04,tg:lhob:561,ProductionTimeSpans,zonder datum,nan,nan,nan
a0f976f2-a3f6-5ceb-a2ce-2a5e3d26a5a6,tg:lhob:424,ProductionTimeSpans,nan,1924,nan,nan
198bc04a-78a6-5339-8b8b-4caf523069af,tg:lhob:86,ProductionTimeSpans,circa,1890,nan,nan
582a01ef-5506-51d2-aea9-14cef9f037ec,tg:lhob:577,ProductionTimeSpans,zonder datum,nan,nan,nan
59c4ca31-6cdb-5c75-8fae-ae424eadb004,tg:lhob:127,ProductionTimeSpans,circa,1930,nan,nan
5a485315-b659-5ec1-8de9-d47d28d87bb1,tg:lhob:90,ProductionTimeSpans,circa,1900,nan,nan
7053f956-b38e-5665-9d1c-2f0331347ec9,tg:lhob:432,ProductionTimeSpans,nan,1895,nan,nan
cd54c091-7319-5f1b-be7b-7f125c03b86b,tg:lhob:598,ProductionTimeSpans,nan,1978,nan,nan
84cddee6-b304-598a-83ce-ad5cb9b92c12,tg:lhob:609,ProductionTimeSpans,nan,1899,nan,nan
5a5021d7-b4eb-5be4-bda5-b729383dfc93,tg:lhob:259,ProductionTimeSpans,datum vóór,1983,nan,nan
6001aad0-7445-51cf-b8b9-c4f37b450c5d,tg:lhob:28,ProductionTimeSpans,nan,1881-09-25,nan,nan
36dfc5af-f0fe-57bf-943f-4561ebc411c7,tg:lhob:520,ProductionTimeSpans,zonder datum,nan,nan,nan
32446758-f41f-588b-96b2-8b998a5e9d4b,tg:lhob:388,ProductionTimeSpans,nan,1896,nan,nan
a9b43901-6dde-5806-a385-b446784abce8,tg:lhob:672,ProductionTimeSpans,zonder datum,nan,nan,nan
4a8f8f16-cfdf-5c58-9732-35cb89d2cd73,tg:lhob:222,ProductionTimeSpans,datum vóór,1972,nan,nan
4e734535-cb36-5267-95ec-c47c9e542fd4,tg:lhob:367,ProductionTimeSpans,circa,1933,nan,nan
648d423d-a033-58f4-9751-fe50eea40467,tg:lhob:53,ProductionTimeSpans,datum vóór,1982,nan,nan
fa1c69db-2ee0-5b8f-b6b8-cb3bc069ffbd,tg:lhob:625,ProductionTimeSpans,nan,1930,nan,nan
c571dfb3-77ca-5912-b84c-bd60bed483d8,tg:lhob:330,ProductionTimeSpans,datum vóór,1985,nan,nan
ec260e66-10ae-5dfc-b2b5-32ec41e3a995,tg:lhob:449,ProductionTimeSpans,nan,1914,nan,nan
f21fbbdb-26bb-591e-9398-6124a4668718,tg:lhob:633,ProductionTimeSpans,nan,1938,nan,nan
878376c8-056e-5d6d-b0de-1f65d45905c9,tg:lhob:263,ProductionTimeSpans,datum vóór,1956,nan,nan
e548aa1e-4b19-505c-9aa0-1a564d99f098,tg:lhob:326,ProductionTimeSpans,datum vóór,2012,nan,nan
1b1f8a2a-c808-5715-826a-c2223ab3fedd,tg:lhob:664,ProductionTimeSpans,zonder datum,nan,nan,nan
26fa1cda-3bb5-58fb-81bc-7b049e1e9a2e,tg:lhob:371,ProductionTimeSpans,circa,1920,nan,nan
f5fb8982-6320-5ad9-83b8-330917c18bd4,tg:lhob:721,ProductionTimeSpans,zonder datum,nan,nan,nan
dad4adfb-5ce5-5b87-9fe1-020352a12f6a,tg:lhob:408,ProductionTimeSpans,zonder datum,nan,nan,nan
c2e2d8c0-0eb7-5385-b1d4-dc1ad36e8222,tg:lhob:32,ProductionTimeSpans,nan,1886,nan,nan
a6997db7-dfc2-5414-b2da-501b4a799b87,tg:lhob:490,ProductionTimeSpans,datum vóór,1988,nan,nan
5c05dc28-3f90-51ed-9553-7ae652309d48,tg:lhob:306,ProductionTimeSpans,datum vóór,1952,nan,nan
a4eaf841-6cd4-58a4-91cf-cea23a2fdc39,tg:lhob:613,ProductionTimeSpans,nan,1898,nan,nan
d4d060ff-a609-5e25-90c7-d159e7e61105,tg:lhob:243,ProductionTimeSpans,datum vóór,1965,nan,nan
f9b0453d-2afb-5fa0-b6ef-d8b66b52476c,tg:lhob:428,ProductionTimeSpans,nan,1861,nan,nan
f8fb498f-ffd0-5b1b-9b30-d55e2becf366,tg:lhob:582,ProductionTimeSpans,zonder datum,nan,nan,nan
0d05e880-ea32-51ea-934b-ed5b401fcbfe,tg:lhob:701,ProductionTimeSpans,zonder datum,nan,nan,nan
21ef8231-2324-53e8-92df-a86af468c875,tg:lhob:214,ProductionTimeSpans,datum vóór,1982,nan,nan
61ae216a-8a16-5645-b90c-7a1d1d554dd2,tg:lhob:644,ProductionTimeSpans,zonder datum,nan,nan,nan
04894238-622e-5ed4-b8ff-25eccd38ec61,tg:lhob:594,ProductionTimeSpans,nan,1981,nan,nan
74b3bb6b-779a-50d6-a5f9-1e3852b52cab,tg:lhob:347,ProductionTimeSpans,datum vóór,1986,nan,nan
b155767d-0548-584a-ab07-6086cd0c7b41,tg:lhob:652,ProductionTimeSpans,nan,1889,nan,nan
20066bb0-bce3-5c05-b3af-2084a0f452cc,tg:lhob:202,ProductionTimeSpans,datum vóór,1956,nan,nan
d9499df7-ad52-5058-b9ff-bf65ee42df3f,tg:lhob:486,ProductionTimeSpans,datum vóór,1959,nan,nan
83258e3f-8d17-558c-83d2-c78267832032,tg:lhob:193,ProductionTimeSpans,datum vóór,1976,nan,nan
cafdae75-d8c4-5576-a18b-4a9d62e2dd49,tg:lhob:310,ProductionTimeSpans,datum vóór,1952,nan,nan
4634e426-77f1-5278-8ba4-c33bb6c05ebd,tg:lhob:740,ProductionTimeSpans,nan,1980-10-18,nan,nan
e3f6e056-d25b-58ae-b4b4-cca975a8ef13,tg:lhob:255,ProductionTimeSpans,datum vóór,1983,nan,nan
957c67ac-675a-5bc8-9d10-e8e6a8fda771,tg:lhob:605,ProductionTimeSpans,nan,1906,nan,nan
fa1ebdaa-5d27-59f4-916b-fb3f8abf958e,tg:lhob:412,ProductionTimeSpans,zonder datum,nan,nan,nan
c2676822-20d3-5439-9a42-5c27d84e0d8f,tg:lhob:557,ProductionTimeSpans,nan,1993,nan,nan
40b9a4e5-a38f-5d81-ab1a-d6e219b11764,tg:lhob:384,ProductionTimeSpans,circa,1920,nan,nan
cd521e4b-47fa-5193-a275-9e1c1108c939,tg:lhob:691,ProductionTimeSpans,zonder datum,nan,nan,nan
b80031e4-5f62-5669-baa2-89b43848ea61,tg:lhob:445,ProductionTimeSpans,zonder datum,nan,nan,nan
c4c251f0-92eb-5194-abef-c9620d4f2192,tg:lhob:150,ProductionTimeSpans,circa,1860,nan,nan
45457980-fea2-5514-9e35-4226a03026cd,tg:lhob:500,ProductionTimeSpans,datum vóór,1956,nan,nan
0805a40b-7603-5691-9bdb-2db9257c9fa1,tg:lhob:629,ProductionTimeSpans,nan,1922,nan,nan
65f54b1d-c8a8-5f2c-9dc9-dbf409aefd09,tg:lhob:279,ProductionTimeSpans,datum vóór,2012,nan,nan
b8afcb4f-5eaf-51fa-a596-63ac0c2adcd6,tg:lhob:296,ProductionTimeSpans,datum vóór,2012,nan,nan
0847d133-0ada-5261-bee0-1f179bc0f263,tg:lhob:516,ProductionTimeSpans,nan,1926,nan,nan
d0ac0298-3a56-5dae-93ec-fb8586cac684,tg:lhob:146,ProductionTimeSpans,circa,1940,nan,nan
e1374b69-f39c-5d93-9ce0-19ab21cfd845,tg:lhob:280,ProductionTimeSpans,datum vóór,1902,nan,nan
bf22732e-9980-5ef8-8bbc-2084af072577,tg:lhob:404,ProductionTimeSpans,datum vóór,1986,nan,nan
21003aa0-627f-5371-9da3-4d8a050ac4cc,tg:lhob:111,ProductionTimeSpans,circa,1900,nan,nan
0eacb309-0eea-575a-9882-69edee6dcb91,tg:lhob:541,ProductionTimeSpans,nan,1853,nan,nan
4c8a9047-cfed-5b6f-8c50-6cc251612839,tg:lhob:392,ProductionTimeSpans,datum vóór,1921,nan,nan
a0f21350-691e-542a-9522-1c1d462895f2,tg:lhob:668,ProductionTimeSpans,zonder datum,nan,nan,nan
dc472710-8a9a-5090-a40d-74f694fbec1f,tg:lhob:238,ProductionTimeSpans,datum vóór,1971,nan,nan
b07fea49-9c66-5452-82d8-fa8ae8753072,tg:lhob:687,ProductionTimeSpans,zonder datum,nan,nan,nan
91f52600-dd4d-581b-9fc5-95ce8382136b,tg:lhob:393,ProductionTimeSpans,circa,1900,nan,nan
99971970-cd59-5bea-9018-9da7addd5df3,tg:lhob:669,ProductionTimeSpans,zonder datum,nan,nan,nan
7db9392a-b61a-54d1-baa5-01402bb3c3c2,tg:lhob:239,ProductionTimeSpans,datum vóór,2006,nan,nan
0e5b4474-c4fc-5c95-be67-4581dfa24d7d,tg:lhob:686,ProductionTimeSpans,nan,1861-10-18,nan,nan
c1ec09b3-4403-5951-8a75-9ea33de742ae,tg:lhob:405,ProductionTimeSpans,nan,1986,nan,nan
5f557926-25a7-52a1-b283-2494e25a258f,tg:lhob:110,ProductionTimeSpans,circa,1910,nan,nan
5bdf03ee-6079-52b7-929e-406219366c62,tg:lhob:540,ProductionTimeSpans,zonder datum,nan,nan,nan
b7afbe19-8afd-5b57-b1c5-77a14ae549c3,tg:lhob:281,ProductionTimeSpans,datum vóór,1924,nan,nan
67a2d57d-38ad-5c12-857c-f1fa93080862,tg:lhob:517,ProductionTimeSpans,nan,1981,nan,nan
bee1fb81-3b0f-587b-8264-45bb4cb6d0ad,tg:lhob:147,ProductionTimeSpans,circa,1880,nan,nan
b31c9fec-9caf-5db1-bfbb-ed06d7c8efc3,tg:lhob:628,ProductionTimeSpans,zonder datum,nan,nan,nan
55934b7a-b56e-55e0-90e4-bfa8ebcb542e,tg:lhob:278,ProductionTimeSpans,datum vóór,2012,nan,nan
8ae6f6c2-6493-57b1-9fc8-08b3b23cedb8,tg:lhob:297,ProductionTimeSpans,datum vóór,1926,nan,nan
d4272d7c-0b49-5df9-8ef6-fe611cd726e4,tg:lhob:444,ProductionTimeSpans,nan,1930,nan,nan
b51fbb3c-e7da-554f-8e84-ca9e4e121aaf,tg:lhob:151,ProductionTimeSpans,circa,1950,nan,nan
052145bb-04c1-58a1-bc9a-a6cad1145258,tg:lhob:501,ProductionTimeSpans,datum vóór,1969,nan,nan
c6e822b7-876b-5030-acaf-1604685aba95,tg:lhob:385,ProductionTimeSpans,datum vóór,1952,nan,nan
9be4f437-2a23-58d6-9279-8a47b052bfaf,tg:lhob:690,ProductionTimeSpans,zonder datum,nan,nan,nan
f7a43474-4cc6-537d-9e49-2b293d8bd09a,tg:lhob:413,ProductionTimeSpans,zonder datum,nan,nan,nan
7c866e93-8b53-5927-88ed-b4f5a1482846,tg:lhob:556,ProductionTimeSpans,nan,1985,nan,nan
59d33f40-92ae-5770-99c0-ae4869d5fcbb,tg:lhob:106,ProductionTimeSpans,circa,1870,nan,nan
996562ab-7336-5ae0-aa82-88e74ac3c714,tg:lhob:311,ProductionTimeSpans,datum vóór,1934,nan,nan
11565e80-bcba-55e2-b8bb-6a36f784cbe9,tg:lhob:254,ProductionTimeSpans,datum vóór,1983,nan,nan
c06a8b1b-742e-53ab-a0b3-a4cbf7ff9b3b,tg:lhob:604,ProductionTimeSpans,nan,1967,nan,nan
e908082e-52a4-5ecc-9309-2f0c99e9c5ac,tg:lhob:25,ProductionTimeSpans,nan,1839,nan,nan
01fcf987-aae1-5c65-b6df-aee3f3d3ccce,tg:lhob:192,ProductionTimeSpans,datum vóór,1981,nan,nan
bf4d3de2-9dc9-5001-90ca-d2e873d41663,tg:lhob:716,ProductionTimeSpans,zonder datum,nan,nan,nan
794d80cc-95e7-56be-b3be-db2821d1b92a,tg:lhob:653,ProductionTimeSpans,nan,1906,nan,nan
931d0ea2-7c1c-59ca-a071-26de559e7ea8,tg:lhob:203,ProductionTimeSpans,datum vóór,1956,nan,nan
832f66ed-88a0-51e6-ae90-4a250dcaa89a,tg:lhob:72,ProductionTimeSpans,circa,1850,nan,nan
b1b379a0-4435-5cd6-96e0-f82ea0698440,tg:lhob:595,ProductionTimeSpans,zonder datum,nan,nan,nan
4931b31f-08a9-5a33-8806-33105b52299e,tg:lhob:350,ProductionTimeSpans,datum vóór,1986,nan,nan
e23288ee-aaa0-55b6-a9dc-96ef68bc2b6d,tg:lhob:700,ProductionTimeSpans,zonder datum,nan,nan,nan
9150ed52-52fe-57b2-ae8d-fc7ced1a57c1,tg:lhob:645,ProductionTimeSpans,nan,1893,nan,nan
2e1e71bb-9c3b-51d5-97ba-d96e3817933b,tg:lhob:429,ProductionTimeSpans,zonder datum,nan,nan,nan
18a65b7e-9471-5949-94ff-6b66d51eecf3,tg:lhob:583,ProductionTimeSpans,zonder datum,nan,nan,nan
0df1342b-a227-57fc-8aa6-c679fdac8fe8,tg:lhob:307,ProductionTimeSpans,datum vóór,1952,nan,nan
e0a684be-4e70-5d03-9269-74d27cda3588,tg:lhob:612,ProductionTimeSpans,nan,1910,nan,nan
1522fb40-e86a-5a0c-b9b6-51e80bab9202,tg:lhob:242,ProductionTimeSpans,datum vóór,1929,nan,nan
0bc17f47-d226-57ef-a470-77674e754ae6,tg:lhob:33,ProductionTimeSpans,nan,1886,nan,nan
45e7055e-6590-5f44-99a7-266c28a80e11,tg:lhob:491,ProductionTimeSpans,nan,1800,1825,nan
11996fd8-5ae8-5d16-a70e-ece01d224110,tg:lhob:409,ProductionTimeSpans,zonder datum,nan,nan,nan
8d0c1488-7eb6-54f0-bf0d-09953175cac9,tg:lhob:44,ProductionTimeSpans,zonder datum,nan,nan,nan
a43371f8-3cd4-553d-b0bf-7bd8c6551d98,tg:lhob:235,ProductionTimeSpans,datum vóór,1972,nan,nan
e966495f-c9e1-5fc0-a91c-9bebc329e56c,tg:lhob:665,ProductionTimeSpans,zonder datum,nan,nan,nan
11685648-8e1e-5273-90da-80fce8a310e2,tg:lhob:370,ProductionTimeSpans,circa,1914,nan,nan
9e467cf2-532f-5f14-a60c-b4c7970f5835,tg:lhob:720,ProductionTimeSpans,zonder datum,nan,nan,nan
901a5041-b16f-567e-b8e3-2e6e51230651,tg:lhob:13,ProductionTimeSpans,nan,1960,nan,nan
9e5b3831-26c7-51a3-8540-ef2de9857671,tg:lhob:632,ProductionTimeSpans,nan,1926,nan,nan
3518ee1c-75b6-54b2-a488-09cc1b56adce,tg:lhob:262,ProductionTimeSpans,datum vóór,1944,nan,nan
58dcba6e-aa07-5f45-b343-aec8655eff90,tg:lhob:327,ProductionTimeSpans,circa,1850,nan,nan
bbed8364-c078-57dd-bc7b-bec9ad3be94e,tg:lhob:448,ProductionTimeSpans,nan,1912,nan,nan
3971c9bc-2e36-58a9-86f3-09084647bf74,tg:lhob:274,ProductionTimeSpans,datum vóór,1986,nan,nan
6326e099-7e01-51a2-b231-624f1d2815b7,tg:lhob:624,ProductionTimeSpans,nan,1989,nan,nan
377a79d9-9f98-5c73-b273-7eb0e2602385,tg:lhob:331,ProductionTimeSpans,datum vóór,1956,nan,nan
6d861e9f-2463-5419-bebe-20cb1bd83805,tg:lhob:389,ProductionTimeSpans,datum vóór,1899,nan,nan
9786a775-50d3-5b3f-ab6b-92b54432dfe4,tg:lhob:673,ProductionTimeSpans,zonder datum,nan,nan,nan
9684c488-8ba9-5dfa-b7ce-c9edf15c17b4,tg:lhob:223,ProductionTimeSpans,datum vóór,1936,nan,nan
eb07e0d8-9c7f-5054-acf8-f195c103b995,tg:lhob:366,ProductionTimeSpans,circa,1933,nan,nan
0abbb864-a72f-5827-bc94-3da0b5ff30af,tg:lhob:29,ProductionTimeSpans,nan,1912,nan,nan
5a6dff4c-165a-5847-8442-0d713c84e54f,tg:lhob:521,ProductionTimeSpans,nan,1923,nan,nan
2394b8f9-5649-5c7b-aca1-338472ca21aa,tg:lhob:608,ProductionTimeSpans,nan,1895,nan,nan
dcdb4665-fc35-54fd-891c-8264c382dc77,tg:lhob:258,ProductionTimeSpans,datum vóór,1983,nan,nan
0d0b68e6-bf4c-51bd-9c68-49c8d28ca7f8,tg:lhob:576,ProductionTimeSpans,nan,1976,nan,nan
a82c1619-d126-5182-9c07-72a2be25ae0e,tg:lhob:126,ProductionTimeSpans,circa,1960,nan,nan
51bcdd84-ad82-5039-b142-824707838573,tg:lhob:91,ProductionTimeSpans,circa,1860,nan,nan
b920250f-639d-5a4c-983d-5dd5673e9b3b,tg:lhob:433,ProductionTimeSpans,nan,1889,nan,nan
9dd2c8f4-51b0-502c-aad1-9454632f03ec,tg:lhob:599,ProductionTimeSpans,zonder datum,nan,nan,nan
a027141a-ffad-5620-adb4-ce7b4525cf5f,tg:lhob:68,ProductionTimeSpans,circa,1850,nan,nan
d2e28564-2a8e-5597-b149-67a050d08044,tg:lhob:130,ProductionTimeSpans,circa,1950,nan,nan
11a66dca-0449-543d-99fb-2c818ca194f6,tg:lhob:560,ProductionTimeSpans,zonder datum,nan,nan,nan
2dfa96ce-cdd0-540e-9414-9630bb04ca23,tg:lhob:425,ProductionTimeSpans,nan,1927,nan,nan
7b87b34f-b0d7-5862-a8c0-0ea01a21c757,tg:lhob:649,ProductionTimeSpans,nan,1903,nan,nan
53f7b235-2807-54e2-bd29-7a64e2c668d7,tg:lhob:537,ProductionTimeSpans,nan,1896,nan,nan
4689e55a-8764-5246-8768-eb25470cecf2,tg:lhob:188,ProductionTimeSpans,circa,1960,nan,nan
37ff6891-cf8a-54d8-9557-0d3cebc3a77b,tg:lhob:496,ProductionTimeSpans,datum vóór,1952,nan,nan
7b8df9a1-d122-572b-a662-39c2f18821d6,tg:lhob:34,ProductionTimeSpans,nan,1881-09-25,nan,nan
f56cc376-7b59-5976-b38c-8dd2085e4719,tg:lhob:300,ProductionTimeSpans,datum vóór,1982,nan,nan
f8aa0bd6-8ce0-551d-a9f2-424088bfa502,tg:lhob:615,ProductionTimeSpans,nan,1910,nan,nan
d80cadcb-0479-54b6-a569-2ba22a8ec06c,tg:lhob:245,ProductionTimeSpans,datum vóór,1905,nan,nan
a142c670-1448-5f31-8506-1b5e5bf7e04f,tg:lhob:584,ProductionTimeSpans,nan,1976,nan,nan
bf488e8e-0d36-5e38-8c12-df9cc968fa9f,tg:lhob:357,ProductionTimeSpans,datum vóór,1956,nan,nan
d40bddeb-b5c7-506e-b498-eddb8cdfffef,tg:lhob:707,ProductionTimeSpans,zonder datum,nan,nan,nan
15bf4d86-658f-52f5-ad9a-be345a4b0242,tg:lhob:212,ProductionTimeSpans,datum vóór,1910,nan,nan
85978d7b-a992-52ce-a165-7bd6e6b09f83,tg:lhob:642,ProductionTimeSpans,nan,1903,nan,nan
3dbbdc18-0865-5d77-9efa-fab4fb0f369d,tg:lhob:75,ProductionTimeSpans,circa,1860,nan,nan
c8b0a311-f508-576c-b881-12fdd3e2a6af,tg:lhob:592,ProductionTimeSpans,zonder datum,nan,nan,nan
6f28533f-42ab-5f5e-b5cb-0cfffc2deb2e,tg:lhob:438,ProductionTimeSpans,nan,1923,nan,nan
5b75ffcb-57f1-5a2f-b136-caaaa207e972,tg:lhob:711,ProductionTimeSpans,zonder datum,nan,nan,nan
54729d75-2537-5a13-b59c-576390317029,tg:lhob:341,ProductionTimeSpans,datum vóór,1927,nan,nan
70c17f3d-cfb3-5cc3-af04-39a6961934a9,tg:lhob:654,ProductionTimeSpans,nan,1903,nan,nan
86f82254-f067-5e4b-a720-677f9d4f3025,tg:lhob:204,ProductionTimeSpans,datum vóór,1988,nan,nan
4eddf98a-a658-5b87-9bc0-0e57708f41b8,tg:lhob:480,ProductionTimeSpans,datum vóór,1952,nan,nan
c28664a6-cbde-50f1-8a4c-14a572bbc3b3,tg:lhob:316,ProductionTimeSpans,datum vóór,1953,nan,nan
d0522115-6a2e-5480-aac8-f18be8376fc5,tg:lhob:253,ProductionTimeSpans,datum vóór,1983,nan,nan
1c70cb59-17bd-520b-ab0e-5aee93e5e48a,tg:lhob:603,ProductionTimeSpans,nan,1957,nan,nan
5ed045c7-9197-587a-8b83-a9fc7c64bf51,tg:lhob:414,ProductionTimeSpans,circa,1918,nan,nan
47c9c471-93df-5247-9c57-13e72cfd9573,tg:lhob:59,ProductionTimeSpans,circa,1963,nan,nan
dddc3af3-c0e3-5d6a-8a6a-4596c5b22c04,tg:lhob:551,ProductionTimeSpans,nan,1958,nan,nan
bf302503-a541-5fed-a50f-7123481b1627,tg:lhob:101,ProductionTimeSpans,circa,2000,nan,nan
eeac6e45-6bfb-5ca3-8789-1efbe8266630,tg:lhob:228,ProductionTimeSpans,datum vóór,1972,nan,nan
66af8164-15aa-5632-952d-f7410eefbaf3,tg:lhob:382,ProductionTimeSpans,datum vóór,1983,nan,nan
2d091452-13b0-5e58-90f3-c31f3c4689d3,tg:lhob:678,ProductionTimeSpans,nan,1985,nan,nan
dd77b818-29ec-5f99-97a8-fe332619a05d,tg:lhob:697,ProductionTimeSpans,zonder datum,nan,nan,nan
ea63b2e1-eec9-5c63-b945-ca5a10a2d68c,tg:lhob:443,ProductionTimeSpans,nan,1968,nan,nan
9826ab91-70c2-5fde-85cc-eba92d573c33,tg:lhob:506,ProductionTimeSpans,zonder datum,nan,nan,nan
ab80adc7-4b66-5b79-a8bc-4471573dbf72,tg:lhob:140,ProductionTimeSpans,circa,1950,nan,nan
17af7350-37d3-5ca6-bbf6-6f04b5185046,tg:lhob:269,ProductionTimeSpans,datum vóór,1983,nan,nan
adf00675-7459-5b65-93e8-7a85cdeda73d,tg:lhob:639,ProductionTimeSpans,nan,1904,nan,nan
76d1d594-7daa-5788-b714-b5e906c49376,tg:lhsc:683,ProductionTimeSpans,reconstructie,1937,nan,nan
4581f726-f3be-55e0-9df3-a7421168cf88,tg:lhsc:6935,ProductionTimeSpans,nan,1925,nan,nan
84c924d8-6955-52ca-b091-4cf48979272b,tg:lhsc:1989,ProductionTimeSpans,circa,1871,nan,nan
41b4a25e-fb9e-5f1c-898b-5cf330d4ad97,tg:lhsc:1120,ProductionTimeSpans,circa,1950,nan,nan
c57d3dff-ca95-5c7a-a70c-0715b04bad2c,tg:lhsc:1065,ProductionTimeSpans,nan,1933,nan,nan
edc8c733-dcfd-5003-b0f8-e0983ef6b059,tg:lhsc:953,ProductionTimeSpans,nan,1927-05-30,nan,nan
544acddc-3fe4-5e0d-b9d3-5229b7329e99,tg:lhsc:791,ProductionTimeSpans,reconstructie,1935,nan,nan
c109e1c8-3c8c-5d08-ab95-85b87e1decba,tg:lhsc:1177,ProductionTimeSpans,circa,1940,nan,nan
9a3697a7-0eb4-5fc8-8218-9cadb7d1fd11,tg:lhsc:841,ProductionTimeSpans,nan,1896,nan,nan
67c5f24b-ffab-5b5d-82d4-1c9e129a3fa8,tg:lhsc:1198,ProductionTimeSpans,reconstructie,1902,nan,nan
1609b2cf-5d7d-50bc-ab15-5385e12df4b2,tg:lhsc:457,ProductionTimeSpans,reconstructie,1907,nan,nan
1906ee6d-eb81-5292-bc07-6bc13cd7780d,tg:lhsc:9402,ProductionTimeSpans,zonder datum,nan,nan,nan
0e60bd6c-c9d5-570a-a65a-f17bbf834784,tg:lhsc:1032,ProductionTimeSpans,reconstructie,1936-07-19,nan,nan
30d5beb5-d97e-5113-9ef4-c93ee48fe2a4,tg:lhsc:1618,ProductionTimeSpans,nan,1949,nan,nan
8952ee98-4a3b-5e5a-b709-53a2465da5a3,tg:lhsc:9382,ProductionTimeSpans,nan,1934,nan,nan
182ca4c1-d8d4-5c27-b488-5a278e6359b5,tg:lhsc:1248,ProductionTimeSpans,nan,1949,nan,nan
fe310f26-b418-5763-b976-fc04b8d38ea9,tg:lhsc:857,ProductionTimeSpans,circa,1890,nan,nan
9cd28d8b-e349-53a4-888a-51527624ee2c,tg:lhsc:1161,ProductionTimeSpans,nan,1912,nan,nan
07a46c3b-de09-57ad-8c5e-fd8103ee16f1,tg:lhsc:1024,ProductionTimeSpans,reconstructie,1954-01-13,nan,nan
5e98834f-3e94-5421-8842-854d1dc7cd02,tg:lhsc:9414,ProductionTimeSpans,nan,1916-01-30,nan,nan
b7f2caf3-61ca-5ff6-aeb6-ba624f2d1f9a,tg:lhsc:441,ProductionTimeSpans,nan,1948,nan,nan
6106ae53-85b6-574d-b2c2-fcdb66051e39,tg:lhsc:695,ProductionTimeSpans,nan,1878,nan,nan
f638ca16-0b48-5df0-a70f-55b77f5ac68f,tg:lhsc:1136,ProductionTimeSpans,nan,1950,nan,nan
70c446d3-7c58-5155-943f-1f5109682d87,tg:lhsc:800,ProductionTimeSpans,nan,1912,nan,nan
a6e2381c-7847-51ec-af1b-da3f0c6ce595,tg:lhsc:416,ProductionTimeSpans,reconstructie,1883,nan,nan
2b75ada6-e734-5be7-9f1d-ec90bed3d2ce,tg:lhsc:1008,ProductionTimeSpans,reconstructie,1957-08-29,nan,nan
0d0abb06-6f3e-5ed8-addd-8e4396c56dd4,tg:lhsc:656,ProductionTimeSpans,nan,1881,nan,nan
14d909f9-f9e2-52ad-93a6-20afa4c66ccc,tg:lhsc:1663,ProductionTimeSpans,datum vóór,1925,nan,nan
a9999e80-86bb-5659-b8e9-cf1a0a3ef478,tg:lhsc:1233,ProductionTimeSpans,nan,1951,nan,nan
a302d86b-aa95-5f6c-a6b8-813d7ce13758,tg:lhsc:9316,ProductionTimeSpans,circa,1920,nan,nan
6f3d524b-9878-5c0f-b962-981f9149835f,tg:lhsc:969,ProductionTimeSpans,reconstructie,1901-03-08,nan,nan
f10ae43d-3c9f-57d0-972f-43c70008852a,tg:lhsc:986,ProductionTimeSpans,reconstructie,1959-05-29,nan,nan
622b9854-6c6e-5282-b19d-0eb5b713714a,tg:lhsc:1225,ProductionTimeSpans,nan,1936,nan,nan
bb80b3ad-5cad-57c7-8d5b-36c316548c15,tg:lhsc:1049,ProductionTimeSpans,nan,1851,nan,nan
55ca14d0-1dd4-5cc7-9593-b7985f630204,tg:lhsc:990,ProductionTimeSpans,reconstructie,1945-01-10,nan,nan
e15c628e-1951-5349-883b-97281b4f0f0d,tg:lhsc:1272,ProductionTimeSpans,nan,1943,1951,nan
b60312ae-da6e-5831-8667-510ba90aeeac,tg:lhsc:4284,ProductionTimeSpans,nan,1935,nan,nan
ee85f6ac-1898-573e-b141-582d291718b0,tg:lhsc:1086,ProductionTimeSpans,reconstructie,1949,nan,nan
9d79a9d4-411d-5b27-aac4-0302636d8963,tg:lhsc:1069,ProductionTimeSpans,nan,1917,nan,nan
10743b6f-f549-53e1-a3c7-4a4986730133,tg:lhsc:725,ProductionTimeSpans,nan,1953-03-08,nan,nan
c13afe10-7532-593f-95c4-cfc653be71ae,tg:lhsc:660,ProductionTimeSpans,nan,1899,nan,nan
e37d4762-892d-513a-a790-92f2788323b5,tg:lhsc:1194,ProductionTimeSpans,nan,1935,nan,nan
bca5796d-c9e2-5288-9c72-d44a8ae69b22,tg:lhsc:1317,ProductionTimeSpans,nan,1930,nan,nan
08bc524a-d0ec-53c9-9f32-34aaa7ba634c,tg:lhsc:9398,ProductionTimeSpans,nan,1938,nan,nan
759d19fb-e417-57c3-a2fa-0ab28366902f,tg:lhsc:9418,ProductionTimeSpans,nan,1916-01-30,nan,nan
ca69df12-afa2-5c16-8e04-67a42b232734,tg:lhsc:1028,ProductionTimeSpans,nan,1972-03-14,nan,nan
bd2eb92e-66dc-580d-bdee-8f5840fd56b1,tg:lhsc:5712,ProductionTimeSpans,nan,1975,nan,nan
e32b45f4-e6e7-5e22-9a50-c6c72236772d,tg:lhsc:1301,ProductionTimeSpans,nan,1981,nan,nan
9ac729ab-ac98-534f-9e11-6cc050c2a6d4,tg:lhsc:9361,ProductionTimeSpans,nan,1874,nan,nan
eaaa48a6-6a26-59a1-916d-772c2b80f496,tg:lhsc:57,ProductionTimeSpans,reconstructie,1885,nan,nan
26cf34e8-e591-5d63-8a04-7cfa081a0df7,tg:lhsc:1706,ProductionTimeSpans,nan,1757,nan,nan
da6a8a09-1549-53d6-aa43-1129a453d599,tg:lhsc:5745,ProductionTimeSpans,nan,1949,nan,nan
709ec64a-d132-511e-bd37-e375573e8cab,tg:lhsc:676,ProductionTimeSpans,reconstructie,1858,nan,nan
566b6dae-d6dc-50ac-9f6b-4a0b276833af,tg:lhsc:1004,ProductionTimeSpans,reconstructie,1964-05-17,nan,nan
49519ffb-b53b-5b89-aacf-f0bc73d08d5f,tg:lhsc:1268,ProductionTimeSpans,circa,1957,nan,nan
eb97cc67-7be6-5473-ab54-9e969a5e5c94,tg:lhsc:436,ProductionTimeSpans,nan,1940,nan,nan
9df2a1ce-dc6b-5a33-a80d-3719474159ab,tg:lhsc:1053,ProductionTimeSpans,nan,1884,nan,nan
0696742d-5e1c-545a-bd45-738d6e6cf49f,tg:lhsc:1116,ProductionTimeSpans,nan,1960,nan,nan
20301903-0f38-521a-8cb9-6c171fe4fa1c,tg:lhsc:7168,ProductionTimeSpans,circa,1950,1960,circa
78e3e9ec-dae0-5c67-87cb-726da4cfe4e8,tg:lhsc:1680,ProductionTimeSpans,datum vóór,1885,nan,nan
7a8537c1-811e-59b1-a45b-66dbe2bf0eb7,tg:lhsc:1045,ProductionTimeSpans,nan,1930,nan,nan
f274465b-973d-5922-94d1-6a60a08d7223,tg:lhsc:420,ProductionTimeSpans,reconstructie,1934,nan,nan
3da08481-996d-5afc-9c2b-b1ea76778381,tg:lhsc:973,ProductionTimeSpans,nan,1854-07-09,nan,nan
af090183-c4af-5662-980e-db628df336e1,tg:lhsc:1100,ProductionTimeSpans,nan,1949,nan,nan
a47ebf97-6553-526f-8696-a9ebe963d8ce,tg:lhsc:1229,ProductionTimeSpans,circa,1945,nan,nan
d809757c-6092-562b-867c-de71d9c64d48,tg:lhsc:1012,ProductionTimeSpans,reconstructie,1938-03-23,nan,nan
dad377e1-623d-5d35-974c-06612b728db9,tg:lhsc:861,ProductionTimeSpans,nan,1938,nan,nan
21fae275-d800-510f-bb39-ee074108a265,tg:lhsc:1291,ProductionTimeSpans,nan,1971,nan,nan
cbd2481d-117d-546c-bb2d-0893c6221e90,tg:lhsc:7201,ProductionTimeSpans,nan,1965,nan,nan
eb746648-ecfc-5d03-83e0-3efb3825c737,tg:lhsc:1290,ProductionTimeSpans,nan,1950,nan,nan
9bca796d-d097-5cbc-90ae-fad5dbac754f,tg:lhsc:1013,ProductionTimeSpans,reconstructie,1916-08-29,nan,nan
6cfc8615-7fba-5c96-93aa-c33aa9ea40e0,tg:lhsc:9423,ProductionTimeSpans,zonder datum,nan,nan,nan
6482f096-93b7-5fb5-ae7c-5f5e55f3cf6f,tg:lhsc:1228,ProductionTimeSpans,nan,1928,nan,nan
8cea0bfb-6eda-5775-8706-87a03b90e258,tg:lhsc:421,ProductionTimeSpans,reconstructie,1934,nan,nan
97266e1b-adb6-5c69-8066-a61deb75a2ed,tg:lhsc:972,ProductionTimeSpans,reconstructie,1931-12-10,nan,nan
c685a484-4d31-5466-bf26-9fdc174b6c39,tg:lhsc:837,ProductionTimeSpans,nan,1908,nan,nan
b280bb93-05b9-5efb-a0a9-87ce67dbbaa6,tg:lhsc:964,ProductionTimeSpans,reconstructie,1901-03-08,nan,nan
e367e8fe-0c41-5f66-b94e-3a7445d2f8b0,tg:lhsc:437,ProductionTimeSpans,nan,1924-03-22,nan,nan
f9a3c51d-4905-5af5-bd48-0bed3ab7def8,tg:lhsc:1052,ProductionTimeSpans,nan,1941,nan,nan
43d6d2d8-eb22-54d0-9059-bb0e6e9c0b44,tg:lhsc:1117,ProductionTimeSpans,nan,1878,nan,nan
b4c89bf5-3336-51b8-a397-1391534d0b00,tg:lhsc:821,ProductionTimeSpans,nan,1883,nan,nan
5ee6317a-e6d4-5b70-ba5b-7e6886cdf61c,tg:lhsc:1269,ProductionTimeSpans,circa,1954,nan,nan
13d321d2-0025-5dd3-8bc9-61db88a89da5,tg:lhsc:1005,ProductionTimeSpans,reconstructie,1964-05-17,nan,nan
55f5ae27-4cbf-553f-9d31-3578043305a8,tg:lhsc:899,ProductionTimeSpans,nan,1874,nan,nan
37411c60-1107-53c9-9b18-e7e2c80d3753,tg:lhsc:5046,ProductionTimeSpans,reconstructie,1896,nan,nan
d527e737-4350-5e0c-99d7-b694473708fc,tg:lhsc:698,ProductionTimeSpans,nan,1937,nan,nan
964913f8-1a8a-54a7-ac9e-b49cc785dd65,tg:lhsc:3385,ProductionTimeSpans,circa,1960,nan,nan
b9540762-a028-5a52-a2fd-6b457bdbd7a6,tg:lhsc:677,ProductionTimeSpans,nan,1858,nan,nan
02b53486-1853-5ebe-858e-30f4a0910ae2,tg:lhsc:56,ProductionTimeSpans,reconstructie,1885,nan,nan
b9a62228-bb95-5c1e-8fde-b7695cace939,tg:lhsc:1091,ProductionTimeSpans,reconstructie,1931,nan,nan
032c6ab7-2785-591b-bbd0-2aa40d07c595,tg:lhsc:1300,ProductionTimeSpans,nan,1952,nan,nan
f193f02f-d995-5323-92e8-3e4cd1bcb69e,tg:lhsc:9360,ProductionTimeSpans,nan,1980,nan,nan
43cf283e-4fb6-5c63-aa3f-2da82de7754c,tg:lhsc:1029,ProductionTimeSpans,nan,1972-03-14,nan,nan
6e5b1505-2682-5e5a-aa5d-6832b57705b9,tg:lhsc:9419,ProductionTimeSpans,nan,1929,nan,nan
e73c018e-6e80-55b1-9549-12c7c7137260,tg:lhsc:773,ProductionTimeSpans,nan,1900,nan,nan
f9fe8b08-78b8-5bd6-acde-2a5ac3259f7f,tg:lhsc:1316,ProductionTimeSpans,nan,1930,nan,nan
b1fa3c75-9109-5ba4-bfd4-652078764d41,tg:lhsc:9399,ProductionTimeSpans,nan,1944,nan,nan
79d07b57-4d21-571b-9d86-9721756d96ce,tg:lhsc:1204,ProductionTimeSpans,nan,1879,nan,nan
61033c36-2896-51c8-bdc3-5ef47c5b77e9,tg:lhsc:6938,ProductionTimeSpans,nan,1933,nan,nan
b1660be2-fee1-58a4-9d08-a350791feba7,tg:lhsc:1984,ProductionTimeSpans,nan,1922,1924,nan
a756b6bb-5d8e-5ed6-8070-fc27d0d49e1a,tg:lhsc:1068,ProductionTimeSpans,datum vóór,1935,nan,nan
01ebd8c7-d384-52e3-aacc-f5bb635a8a6a,tg:lhsc:1273,ProductionTimeSpans,circa,1933,nan,nan
eefdbee7-127a-536c-81db-44c2ddadeebf,tg:lhsc:753,ProductionTimeSpans,circa,1949,nan,nan
3f5a7fdd-bf5a-5eb5-9019-8467a9daf42a,tg:lhsc:991,ProductionTimeSpans,reconstructie,1945-01-10,nan,nan
8fecb54e-b545-5998-8a4b-34f4ffefa447,tg:lhsc:1224,ProductionTimeSpans,nan,1948,1950,nan
fcfa8b32-3476-5c73-b29d-7a4cb37ce9b3,tg:lhsc:1361,ProductionTimeSpans,nan,1975-06-04,1975-06-05,nan
4d0226a0-c754-5de7-9259-eecb394db074,tg:lhsc:1731,ProductionTimeSpans,nan,1931,nan,nan
9d92b307-4b8b-5f6b-ad8f-03a3bcb00f7d,tg:lhsc:968,ProductionTimeSpans,reconstructie,1901-03-08,nan,nan
37efcb8b-7cde-5a47-bcfc-64e336fd7253,tg:lhsc:987,ProductionTimeSpans,reconstructie,1960-05-31,nan,nan
afa918e4-2af9-5440-a31e-0be0be4f8a86,tg:lhsc:657,ProductionTimeSpans,reconstructie,1909,nan,nan
5b6644a3-84c9-5264-9388-c429ffc53089,tg:lhsc:1232,ProductionTimeSpans,nan,1951,nan,nan
9ab07436-a3de-5e79-9438-2148ce23c71b,tg:lhsc:895,ProductionTimeSpans,circa,1933,nan,nan
9d1729cb-5841-54d9-9e70-f75e95353c41,tg:lhsc:1009,ProductionTimeSpans,reconstructie,1925-12-27,nan,nan
93b15fcb-5978-54bd-a89b-5ebdcb0f8848,tg:lhsc:1265,ProductionTimeSpans,nan,1952,nan,nan
a5d49d3d-cd1a-5783-97ae-adc38f774cef,tg:lhsc:1320,ProductionTimeSpans,nan,1937,nan,nan
7b78fe22-10e4-57c6-84a7-60245f65b10a,tg:lhsc:1137,ProductionTimeSpans,nan,1916-11-19,nan,nan
605c3f7c-3c6f-5cc1-81bc-9a0575d21582,tg:lhsc:801,ProductionTimeSpans,nan,1912,nan,nan
a24c94b2-790d-5a36-a95d-a5b5e73d9914,tg:lhsc:944,ProductionTimeSpans,reconstructie,1989-10-25,nan,nan
2e692866-8eae-59e2-8d34-f25a3522c65f,tg:lhsc:417,ProductionTimeSpans,nan,1901,nan,nan
a4c09d85-9233-5484-afc0-799cae720c5c,tg:lhsc:5748,ProductionTimeSpans,nan,1949,nan,nan
6e87572a-425e-5163-8d54-5a1a2a4fa6c0,tg:lhsc:856,ProductionTimeSpans,nan,1857,nan,nan
e9aa9eb6-97d5-5097-aa81-23d114e25222,tg:lhsc:1160,ProductionTimeSpans,nan,1926,nan,nan
de57cfd3-e945-5af9-b38e-ff0b464e5873,tg:lhsc:9415,ProductionTimeSpans,reconstructie,1901,nan,nan
378b30b9-cbc1-5e63-8346-86dad0d2173b,tg:lhsc:1025,ProductionTimeSpans,reconstructie,1936-12-03,nan,nan
896349a8-6f7c-5d19-81c1-8ecadcfdf0ba,tg:lhsc:440,ProductionTimeSpans,nan,1938,nan,nan
b290693c-3062-5044-91aa-01182b7f2085,tg:lhsc:1176,ProductionTimeSpans,nan,1912,nan,nan
d694572b-e73d-5b61-b39a-68b168715d45,tg:lhsc:456,ProductionTimeSpans,nan,1929,nan,nan
f4253902-1936-59be-bfbc-67a331090428,tg:lhsc:1199,ProductionTimeSpans,nan,1894,nan,nan
3be79938-57a4-524c-b3c5-e1eedc341622,tg:lhsc:1033,ProductionTimeSpans,reconstructie,1935-06-28,nan,nan
b6233953-26fe-510a-8d57-c27675e661c3,tg:lhsc:9403,ProductionTimeSpans,zonder datum,nan,nan,nan
e0bd7713-5466-5d35-bbe5-da45055ff35d,tg:lhsc:790,ProductionTimeSpans,nan,1868,nan,nan
0edc3aef-c007-579b-a384-dc7774a01dd4,tg:lhsc:817,ProductionTimeSpans,reconstructie,1883,nan,nan
3da4f867-34d2-50f1-bd68-d324939624dc,tg:lhsc:1064,ProductionTimeSpans,nan,1939,nan,nan
a3308b8e-07c9-5b1e-9a91-a139702deccd,tg:lhsc:952,ProductionTimeSpans,nan,1916-01-30,nan,nan
e5b7faab-d9f7-57a8-be8b-90bff42517c3,tg:lhsc:728,ProductionTimeSpans,nan,1951,nan,nan
2870ce52-8cc6-56d3-8fb1-6d1031d2614c,tg:lhsc:1983,ProductionTimeSpans,nan,1922,1924,nan
8a915278-3cd2-55d8-a69c-f8e704594675,tg:lhsc:959,ProductionTimeSpans,reconstructie,1956-01-06,nan,nan
ae403d85-d186-5134-b8a3-4e53f32addfe,tg:lhsc:689,ProductionTimeSpans,nan,1882,nan,nan
74c27c88-00c4-5397-aed6-e9a1620e266e,tg:lhsc:723,ProductionTimeSpans,nan,1942,nan,nan
a8f4b7ba-4693-5c10-a493-abd794fd21f9,tg:lhsc:1203,ProductionTimeSpans,nan,1903,nan,nan
d8cc85c6-408b-5238-8082-35a56f09c63b,tg:lhsc:666,ProductionTimeSpans,nan,1915,nan,nan
33f21f6f-43a2-5d34-b895-0b4ba2523207,tg:lhsc:9408,ProductionTimeSpans,zonder datum,nan,nan,nan
08d9d0ea-ae54-5b77-8f90-f72993197e59,tg:lhsc:1192,ProductionTimeSpans,reconstructie,1888,nan,nan
fec131bb-1eec-5320-a0f6-db44a5ca538f,tg:lhsc:9371,ProductionTimeSpans,circa,1965,nan,nan
18b260bb-7e3c-5810-bbe5-68bcd2804e55,tg:lhsc:1311,ProductionTimeSpans,nan,1926,nan,nan
13690101-48c2-5062-8159-246270ea8e8f,tg:lhsc:5981,ProductionTimeSpans,nan,1932,nan,nan
0dc110a0-79c8-54fc-ba35-9e70b8ade350,tg:lhsc:1184,ProductionTimeSpans,reconstructie,1937,nan,nan
7a0d53ab-95c1-5165-b047-4e45114b2690,tg:lhsc:9367,ProductionTimeSpans,nan,1916-01-30,nan,nan
92dd7082-2376-519d-b43f-8a1dc1aa8060,tg:lhsc:1242,ProductionTimeSpans,reconstructie,1932,nan,nan
29e87838-6c07-59c1-bd21-fb9e404f7575,tg:lhsc:1096,ProductionTimeSpans,nan,1948,nan,nan
a02bcb22-c6d3-5f61-a606-3c6472a4638b,tg:lhsc:2205,ProductionTimeSpans,circa,1910,1930,circa
962f1d55-c125-584d-9a81-9e77d4c6c5a4,tg:lhsc:1079,ProductionTimeSpans,datum vóór,1859,nan,nan
05276f4d-c5b1-5e3b-8dfd-f5ed12aa7fa7,tg:lhsc:5743,ProductionTimeSpans,nan,1954,nan,nan
0c1d9404-2b6e-5b80-ab14-6b54399d122a,tg:lhsc:9330,ProductionTimeSpans,circa,1925,nan,nan
02f86d6a-054b-58b7-8bf3-52f9259a9226,tg:lhsc:934,ProductionTimeSpans,reconstructie,1901-03-08,nan,nan
220de74f-739c-5cbd-b8a5-b8839cff759a,tg:lhsc:1002,ProductionTimeSpans,nan,1958-03-24,nan,nan
c80b3db8-7062-5124-bf01-ce7864af3fca,tg:lhsc:1147,ProductionTimeSpans,nan,1938,nan,nan
329f78bd-377a-5af0-a7dc-09b6196d86e3,tg:lhsc:871,ProductionTimeSpans,reconstructie,1890,nan,nan
351ee8f4-87ab-5151-86ac-408e340c4426,tg:lhsc:5738,ProductionTimeSpans,nan,1927,nan,nan
982aecde-9f94-5ea9-85c3-42bd04d0605a,tg:lhsc:1281,ProductionTimeSpans,nan,1933,nan,nan
0f4205a7-af3c-5c82-9806-55228875ddf1,tg:lhsc:430,ProductionTimeSpans,nan,1916,nan,nan
ad42c05a-6a77-55bb-aa7b-ae204fa375c1,tg:lhsc:963,ProductionTimeSpans,reconstructie,1901-03-08,nan,nan
cf893d3b-6118-5783-9f27-fa5e4ec9ffa2,tg:lhsc:826,ProductionTimeSpans,nan,1868,nan,nan
dd8c1201-96cb-5dc9-b50f-0ec47b8ec90e,tg:lhsc:1110,ProductionTimeSpans,datum vóór,1941,nan,nan
b73ede10-2db2-58ee-aabf-45ab440343e7,tg:lhsc:1669,ProductionTimeSpans,nan,1969,nan,nan
993d0d9f-90fb-5011-967a-7d8c0d70fc9b,tg:lhsc:975,ProductionTimeSpans,nan,1899-11-27,nan,nan
b2642e64-cf40-534d-a085-d54d22e784c9,tg:lhsc:1043,ProductionTimeSpans,nan,1939-03-19,nan,nan
96889312-9663-58ed-b9ab-42b9b933c8e9,tg:lhsc:426,ProductionTimeSpans,datum vóór,1896,nan,nan
3a671a3c-fabc-56f3-81ed-6dbaa19b91d0,tg:lhsc:1690,ProductionTimeSpans,circa,1921,nan,nan
f3851180-1925-5a42-b8c2-7cb3fef20b5f,tg:lhsc:1014,ProductionTimeSpans,reconstructie,1931-06-29,nan,nan
75406f57-ce0e-5f7b-bf25-711a711c69e2,tg:lhsc:5057,ProductionTimeSpans,nan,1834,nan,nan
b491ba1b-af46-514d-9a14-1949d47ad5cc,tg:lhsc:1278,ProductionTimeSpans,circa,1965,nan,nan
7fa91ab3-4ce6-5e59-a5a3-ce9da90547c6,tg:lhsc:1297,ProductionTimeSpans,nan,1930,nan,nan
6f242fa3-9c42-5ee5-8990-4c9dbda195a5,tg:lhsc:1126,ProductionTimeSpans,circa,1935,nan,nan
c2c74bc9-510f-5c46-9dfd-113244f98495,tg:lhsc:955,ProductionTimeSpans,reconstructie,1901-03-08,nan,nan
d6b3c6c4-1969-5973-a355-c214d231f892,tg:lhsc:1063,ProductionTimeSpans,reconstructie,1933,nan,nan
79c38a16-ce0a-5cbf-93f8-9fb4be5921df,tg:lhsc:9404,ProductionTimeSpans,zonder datum,nan,nan,nan
ac31c0b7-2070-5b13-977c-839e3986dd5d,tg:lhsc:1034,ProductionTimeSpans,nan,1920-05-20,nan,nan
92e16535-75bc-5b5d-92bf-a2a5a9c9ccf3,tg:lhsc:1167,ProductionTimeSpans,nan,1888,nan,nan
74151a4b-8454-5561-b737-3ab1b1bafb7b,tg:lhsc:851,ProductionTimeSpans,nan,1891,nan,nan
ecbdf1c7-5e39-577e-a42f-350f3b711300,tg:lhsc:1022,ProductionTimeSpans,nan,1952,nan,nan
9b6ef5ba-0bf4-5106-807a-f5aaecc1ed63,tg:lhsc:9412,ProductionTimeSpans,zonder datum,nan,nan,nan
6ce7d351-6e3a-57dc-873f-2c95224c5624,tg:lhsc:447,ProductionTimeSpans,nan,1930,nan,nan
3230cfbd-14fa-5474-99e0-4e24a9c827a5,tg:lhsc:1188,ProductionTimeSpans,nan,1921-03-21,nan,nan
3d67e26f-4655-5fce-b4e5-6b04882dbe74,tg:lhsc:1130,ProductionTimeSpans,reconstructie,1880,nan,nan
4e4e7b45-a6bc-5609-aab4-c75e742c034a,tg:lhsc:410,ProductionTimeSpans,reconstructie,1936,nan,nan
5bc31604-0b9b-53b9-970a-20bda3bc1bb7,tg:lhsc:1075,ProductionTimeSpans,nan,1884,nan,nan
8214bb15-4ade-5466-8647-110925e9a0ac,tg:lhsc:943,ProductionTimeSpans,reconstructie,1989-10-25,nan,nan
42be8ba1-c56f-5a29-965c-f7ef7dc7ba1d,tg:lhsc:1327,ProductionTimeSpans,nan,1936,nan,nan
2046f21b-8cb3-5f0c-80cc-8f1043ea9ac8,tg:lhsc:938,ProductionTimeSpans,reconstructie,1959-04-24,nan,nan
5855f397-594e-5c36-a3e6-abdfd9d51a52,tg:lhsc:1235,ProductionTimeSpans,nan,1951,nan,nan
d5967ff2-dfa5-580d-941d-85b75a349d73,tg:lhsc:1370,ProductionTimeSpans,reconstructie,1951,nan,nan
c0668c9b-d5a4-58c1-88cf-60be1c49e8a1,tg:lhsc:980,ProductionTimeSpans,reconstructie,1849-05-07,nan,nan
0752d698-5559-5f26-9bc7-0c22f6cc4a98,tg:lhsc:1366,ProductionTimeSpans,nan,1947,nan,nan
0b460bd8-9b8e-580d-bed5-38a05bd079fd,tg:lhsc:979,ProductionTimeSpans,reconstructie,1935-04-20,nan,nan
e45ccb0f-8b3d-5225-91ae-e7041a97d2d3,tg:lhsc:996,ProductionTimeSpans,reconstructie,1937-02-19,nan,nan
041882a6-2b28-57d2-a8cb-313cade7ff6a,tg:lhsc:1018,ProductionTimeSpans,reconstructie,1945-10-30,nan,nan
13e37524-f03c-591b-8dbf-7814a6fc95e2,tg:lhsc:31,ProductionTimeSpans,nan,1942,nan,nan
3964c2af-bd80-5a14-97b6-bb7a7dbd68cf,tg:lhsc:1275,ProductionTimeSpans,circa,1933,nan,nan
78323621-3f0b-5c47-8140-9d63eb558080,tg:lhsc:1330,ProductionTimeSpans,nan,1946,nan,nan
c3dc0285-c5fe-5fdd-9596-0b8b065a8a5c,tg:lhsc:978,ProductionTimeSpans,reconstructie,1929-08-24,nan,nan
a1e4552c-9140-5bd0-a6f6-349968958ddb,tg:lhsc:997,ProductionTimeSpans,reconstructie,1937-02-19,nan,nan
32f691cc-f08e-53b5-ab70-1c1e8f7b361d,tg:lhsc:1222,ProductionTimeSpans,reconstructie,1959-04-24,nan,nan
25294799-6b39-5a23-b237-1239fec67b37,tg:lhsc:1672,ProductionTimeSpans,nan,1959,nan,nan
4f92cc36-92a1-5e79-9b70-2566f4843c42,tg:lhsc:1367,ProductionTimeSpans,nan,1935,nan,nan
9e2d2511-c461-5249-81e9-6fa358cb5ee2,tg:lhsc:981,ProductionTimeSpans,reconstructie,1849-05-07,nan,nan
67a0b963-eefd-5594-ba91-168071d6fe20,tg:lhsc:1234,ProductionTimeSpans,nan,1951,nan,nan
0715bd05-3144-5daa-a114-53542bd90551,tg:lhsc:1371,ProductionTimeSpans,nan,1949,nan,nan
2369319a-c50f-5def-a165-214f7df26017,tg:lhsc:939,ProductionTimeSpans,reconstructie,1971,nan,nan
a20d053c-d04a-583d-bf00-b619d17fc394,tg:lhsc:1326,ProductionTimeSpans,nan,1965,nan,nan
9cb1ea69-87e9-58c4-a753-0c476c73cbe8,tg:lhsc:1074,ProductionTimeSpans,nan,1934,nan,nan
9785ef83-ffab-5745-ad19-a502ebae52d8,tg:lhsc:942,ProductionTimeSpans,reconstructie,1960-05-31,nan,nan
3a8db150-e483-582a-b619-65d30596b007,tg:lhsc:1648,ProductionTimeSpans,nan,1892,nan,nan
e625cf08-bf97-5160-bd2b-9865469d4c3e,tg:lhsc:1166,ProductionTimeSpans,reconstructie,1885,nan,nan
f2b3fb9e-a9fe-58df-aa11-70e64121904f,tg:lhsc:850,ProductionTimeSpans,nan,1909-05-25,nan,nan
d38d9708-0516-521b-bb80-a809a561be78,tg:lhsc:9413,ProductionTimeSpans,nan,1916-01-30,nan,nan
1000d161-923b-5ee5-a7c7-10c59cf2bded,tg:lhsc:1023,ProductionTimeSpans,reconstructie,1939-07-05,nan,nan
fe58283f-d95f-536b-b453-f0e65d0c382d,tg:lhsc:1189,ProductionTimeSpans,nan,1861,nan,nan
3c1850cd-b5d2-5b36-92f7-4d93cac672a2,tg:lhsc:446,ProductionTimeSpans,nan,1930,nan,nan
0037c8b2-625d-5e8e-a6f5-fef61711e8d9,tg:lhsc:1035,ProductionTimeSpans,reconstructie,1935-06-28,nan,nan
768c357c-5e80-57b4-806a-d12062ff20ad,tg:lhsc:9405,ProductionTimeSpans,nan,1930,nan,nan
c8f585cb-9158-5a6f-b8b8-cb72f2a20c43,tg:lhsc:903,ProductionTimeSpans,nan,1933,nan,nan
14e6bdc2-e723-55a4-a090-6e6b5b099805,tg:lhsc:779,ProductionTimeSpans,nan,1951,nan,nan
521e73eb-8182-5abc-85db-4ce8f68bb5a6,tg:lhsc:9393,ProductionTimeSpans,circa,1880,nan,nan
310d02bc-b3f9-54a4-ba0f-f8b0dbf98efc,tg:lhsc:407,ProductionTimeSpans,reconstructie,1903,nan,nan
ecc3da21-40ad-550b-8d87-945e2c6344d6,tg:lhsc:9281,ProductionTimeSpans,nan,1881,nan,nan
6dc55640-b9fc-569d-beac-580b064e9b39,tg:lhsc:684,ProductionTimeSpans,nan,1900,nan,nan
b4731182-f254-591a-a7df-4f4b6263ad31,tg:lhsc:1279,ProductionTimeSpans,nan,1981,1982,nan
f9b73f84-d020-5318-a7de-cc6afbbebcbe,tg:lhsc:889,ProductionTimeSpans,reconstructie,1949,nan,nan
65ea93a3-0f5d-5a4e-bf3c-d2c257a631e1,tg:lhsc:866,ProductionTimeSpans,nan,1937,nan,nan
4033c8db-8ba4-5d17-8c07-2a3200cf1814,tg:lhsc:1150,ProductionTimeSpans,circa,1875,nan,nan
f72722ec-7527-5808-8921-9d0e5c2aac82,tg:lhsc:974,ProductionTimeSpans,reconstructie,1899-11-27,nan,nan
f4ee596d-f2e6-58a3-9507-f813e4cb5f63,tg:lhsc:9188,ProductionTimeSpans,reconstructie,1959-05-29,nan,nan
9b580fe2-dedf-5aeb-b5b2-923133569e39,tg:lhsc:1042,ProductionTimeSpans,nan,1934,nan,nan
e769403f-7189-56fc-af95-c11e84c94bff,tg:lhsc:427,ProductionTimeSpans,reconstructie,1894,nan,nan
135dde48-fde5-5082-a586-88de91fc0046,tg:lhsc:718,ProductionTimeSpans,nan,1931,nan,nan
56453bf7-3f37-584d-a3fd-52b7586f9498,tg:lhsc:431,ProductionTimeSpans,nan,1847,nan,nan
29839ebe-7317-53b4-bd17-8cade0222af5,tg:lhsc:1054,ProductionTimeSpans,nan,1910,nan,nan
6c66a023-b211-5d30-8131-f20b8e0704a7,tg:lhsc:962,ProductionTimeSpans,reconstructie,1901-03-08,nan,nan
5e114be4-606d-5013-a9a9-156222c4ee0f,tg:lhsc:827,ProductionTimeSpans,nan,1916,nan,nan
e583a8bd-f9b3-5a25-93ff-bb1096f2d896,tg:lhsc:1111,ProductionTimeSpans,nan,1897,nan,nan
17068039-827b-51f5-9845-55a7842ab05c,tg:lhsc:1280,ProductionTimeSpans,nan,1931,nan,nan
8bc127bc-0eb5-5d82-bdcb-d96e714ec52f,tg:lhsc:935,ProductionTimeSpans,reconstructie,1912-05-26,nan,nan
89f6a345-1100-5d98-84c9-aa13d05e7716,tg:lhsc:1003,ProductionTimeSpans,reconstructie,1965-01-28,nan,nan
6e9fd2bc-a8a9-55e0-92e8-b08d7d9cf5fb,tg:lhsc:671,ProductionTimeSpans,reconstructie,1907,nan,nan
9ee6d884-cea2-5cad-b661-3bbdbb5c5603,tg:lhsc:1097,ProductionTimeSpans,nan,1947,nan,nan
34ea6a2a-a057-577f-8322-0f5477bf3990,tg:lhsc:1078,ProductionTimeSpans,nan,1850,nan,nan
a55eead7-0d64-5462-8bb1-13e7b1d7cc64,tg:lhsc:1306,ProductionTimeSpans,nan,1933,nan,nan
563e89a4-2590-5e61-9c0f-c8e139c85567,tg:lhsc:763,ProductionTimeSpans,reconstructie,1937,nan,nan
0d6e5966-8c4e-5dc8-9d5c-626c9f9dc548,tg:lhsc:1243,ProductionTimeSpans,nan,1948,nan,nan
a7afd071-e036-5c1c-958a-551cda78eb5d,tg:lhsc:1185,ProductionTimeSpans,nan,1920-03-27,nan,nan
2e746cce-f1cf-51da-a6b9-df0237c68279,tg:lhsc:9370,ProductionTimeSpans,nan,1956,nan,nan
61e2024a-fee3-5b46-9038-5aefcbce3739,tg:lhsc:1310,ProductionTimeSpans,nan,1956,nan,nan
1b1d68ee-746f-58e9-8ae2-db68056f3412,tg:lhsc:1255,ProductionTimeSpans,nan,1952,nan,nan
9640db43-dc5b-5c99-a80b-c278494bfb1d,tg:lhsc:9409,ProductionTimeSpans,nan,2016,nan,nan
9ca97dea-5e1a-5392-aa1a-8dce243690d6,tg:lhsc:1039,ProductionTimeSpans,reconstructie,1853-02-19,nan,nan
c9c88d88-ce72-59bd-bd72-249ea73a4447,tg:lhsc:1193,ProductionTimeSpans,nan,1894,nan,nan
e690fe1c-60cb-59c9-b326-8e4632801198,tg:lhsc:7339,ProductionTimeSpans,nan,1952,nan,nan
7d7f8f98-9156-532e-9a7a-802cc375d7e6,tg:lhsc:1982,ProductionTimeSpans,nan,1922,1924,nan
34429990-f70a-5af9-9541-7ef726039b06,tg:lhsc:1081,ProductionTimeSpans,nan,1924,nan,nan
974b1623-a0cd-5558-b36e-d2450e3515bd,tg:lhsc:958,ProductionTimeSpans,reconstructie,1901-03-08,nan,nan
944f30dc-217b-51b4-ba88-43ed19904fe5,tg:lhsc:7341,ProductionTimeSpans,nan,1977,nan,nan
24cb803a-b0d3-5a97-8ddb-b57e72ca3277,tg:lhsc:1295,ProductionTimeSpans,nan,1945,nan,nan
0abe9ebc-241f-5490-8928-c1c3088223cb,tg:lhsc:1016,ProductionTimeSpans,reconstructie,1949-11-08,nan,nan
f00a2bb4-3a5b-53eb-a3d2-e4c6b0117ab8,tg:lhsc:832,ProductionTimeSpans,nan,1854,nan,nan
d1800dc2-4e01-5194-a413-55098b5b74d1,tg:lhsc:998,ProductionTimeSpans,reconstructie,1975-03-21,nan,nan
78552b1f-3594-50cd-a091-266796249e4b,tg:lhsc:1104,ProductionTimeSpans,circa,1945,nan,nan
22573d84-c9b6-5ca5-ae6c-782d46b1759c,tg:lhsc:1041,ProductionTimeSpans,nan,1929,nan,nan
edf6ad82-e6bf-5ba1-b5e2-9bfce26f3741,tg:lhsc:977,ProductionTimeSpans,reconstructie,1859-11-13,nan,nan
08cf37aa-6c38-500d-bcec-34a284e4bb3f,tg:lhsc:1684,ProductionTimeSpans,circa,1930,1940,circa
c3ebd8fd-93ae-5f08-8d3a-d6f66f4ab8a7,tg:lhsc:1112,ProductionTimeSpans,nan,1927,nan,nan
eaef1f4f-ceb4-5aec-a22f-cd33fde18858,tg:lhsc:961,ProductionTimeSpans,reconstructie,1901-03-08,nan,nan
9ef760ec-09ad-5721-9269-5c964154d8c9,tg:lhsc:432,ProductionTimeSpans,nan,1947,nan,nan
9e1290f4-22cb-51f5-a34a-b364908fc01d,tg:lhsc:1057,ProductionTimeSpans,nan,1937,nan,nan
4310edf1-c502-5a7f-b4a8-650ae079495d,tg:lhsc:873,ProductionTimeSpans,nan,1938,nan,nan
4b285160-9046-59d3-8c6f-74d7e6adc0ca,tg:lhsc:1000,ProductionTimeSpans,reconstructie,1951-03-17,nan,nan
62778d00-93f1-5594-90d6-ef9b3a2b968d,tg:lhsc:936,ProductionTimeSpans,reconstructie,1912-05-26,nan,nan
78b7f5ba-1c32-5884-bf54-92e40e4b0ac1,tg:lhsc:5741,ProductionTimeSpans,nan,1951,nan,nan
74bc179a-23ff-5896-8640-9b0ff0ce1ef4,tg:lhsc:1978,ProductionTimeSpans,nan,1922,1924,nan
e87525b7-4ec0-5dcf-ab6e-3b8f27cff77c,tg:lhsc:2207,ProductionTimeSpans,circa,1910,1930,circa
22a62011-96bc-5f17-a7d9-afde16c0ded1,tg:lhsc:808,ProductionTimeSpans,reconstructie,1883,nan,nan
324ed6e8-c0e4-5dc3-aa16-d18ceec2d2d6,tg:lhsc:53,ProductionTimeSpans,reconstructie,1885,nan,nan
b4831efa-9318-5be7-9fa9-5a4ab1cff942,tg:lhsc:1094,ProductionTimeSpans,nan,1955,nan,nan
3fa37144-1dc9-5c7d-9dcd-68c86ad21fd2,tg:lhsc:9220,ProductionTimeSpans,nan,1942-09-15,nan,nan
2e9db128-3e8f-5edc-8dc9-164952603207,tg:lhsc:1305,ProductionTimeSpans,nan,1936,nan,nan
226f9620-ce6f-5b66-ad3d-69eaeaae8ce0,tg:lhsc:1186,ProductionTimeSpans,reconstructie,1936,nan,nan
e941a9b5-2f15-5450-8983-1a63fd54a75b,tg:lhsc:1169,ProductionTimeSpans,nan,1922,nan,nan
9515c8fd-3cc2-5ca5-bdab-09e5b07cf607,tg:lhsc:1256,ProductionTimeSpans,nan,1934,nan,nan
c8250952-5817-5d45-a504-a747384087d3,tg:lhsc:776,ProductionTimeSpans,nan,1840,nan,nan
05634d34-0886-5578-bf83-7c4d06355f42,tg:lhsc:9373,ProductionTimeSpans,nan,1956,nan,nan
7da60b76-1666-5bdc-8b94-3ca33cdafdaf,tg:lhsc:1313,ProductionTimeSpans,nan,1929,nan,nan
b55be486-9895-503e-bfb0-c9b8a7b4435a,tg:lhsc:1190,ProductionTimeSpans,reconstructie,1884,nan,nan
6ace3ad5-b377-5558-ac8b-0051b75bde1f,tg:lhsc:664,ProductionTimeSpans,nan,1885,nan,nan
ff0a0e0a-0ca8-564d-b33d-8ce77d4a77c9,tg:lhsc:1714,ProductionTimeSpans,circa,1929,nan,nan
b31232c8-f28e-57a8-aa98-78765504a3d1,tg:lhsc:408,ProductionTimeSpans,reconstructie,1882,nan,nan
2ad77777-2e0a-5c8c-a523-450ea5def420,tg:lhsc:1128,ProductionTimeSpans,reconstructie,1942,nan,nan
294e2fc2-47ce-514b-ba6a-4c5f9d3dc9b3,tg:lhsc:1981,ProductionTimeSpans,nan,1922,1924,nan
e0b081da-3b59-511f-8b66-552d3fd293b8,tg:lhsc:886,ProductionTimeSpans,reconstructie,1895,nan,nan
b4206bf2-a902-515d-90f6-f3af0983d805,tg:lhsc:1276,ProductionTimeSpans,circa,1936,nan,nan
522e5be3-8ada-5b7f-a944-46811f7b52c0,tg:lhsc:1108,ProductionTimeSpans,nan,nan,nan,nan
5796dddb-5090-51e1-bb4e-58fb9a0bc545,tg:lhsc:994,ProductionTimeSpans,reconstructie,1931-12-10,nan,nan
68fc9426-cca0-5fd0-8e7e-09303bf1f719,tg:lhsc:428,ProductionTimeSpans,datum na,1912,nan,nan
e2ae796c-4312-562a-85d4-23ebd830ab69,tg:lhsc:1221,ProductionTimeSpans,nan,1915,nan,nan
6b0cd9ab-ffbc-5385-998a-c4fd68ad7d48,tg:lhsc:4920,ProductionTimeSpans,nan,1912,nan,nan
eb077197-c50b-5ca0-b291-c9e56ec5de62,tg:lhsc:828,ProductionTimeSpans,reconstructie,1934,nan,nan
713e97c5-19c1-5fdf-a553-684febe0e14e,tg:lhsc:982,ProductionTimeSpans,reconstructie,1849-05-07,nan,nan
92c7b1ed-8adb-54fb-ac7c-ddd608e2168c,tg:lhsc:1372,ProductionTimeSpans,nan,1939,nan,nan
df8f5f2b-454c-5245-8212-bd02c7fe458f,tg:lhsc:9257,ProductionTimeSpans,nan,1960,nan,nan
588ed434-8cdc-5aa9-94d4-b9db39f8e369,tg:lhsc:5736,ProductionTimeSpans,nan,1938,nan,nan
efeb48b7-b43d-5445-ba97-7f0c7008da7c,tg:lhsc:1325,ProductionTimeSpans,nan,1962,nan,nan
cb459b5c-5ed2-5454-bf3c-41c11134cc1b,tg:lhsc:941,ProductionTimeSpans,reconstructie,1920-09-29,nan,nan
42d6866a-0d15-5fbd-9692-c896e202b02e,tg:lhsc:1077,ProductionTimeSpans,reconstructie,1936,nan,nan
f2b16e8e-b2b4-578b-9671-dae3b461bf7d,tg:lhsc:9410,ProductionTimeSpans,zonder datum,nan,nan,nan
7184e6f1-80a6-551b-9ba1-c6b0b87989dd,tg:lhsc:1020,ProductionTimeSpans,reconstructie,1993-09-14,nan,nan
