brocade.id,ResourceID,card,order,Illustration Type,Illustration URL
tg:lhbr:244213,d14e8bae-1df1-592a-8dae-2eee51b19b87,Images,2,,
tg:lhbr:252797,3e94edd3-e843-56c8-904e-8003cb696bc1,Images,2,,
tg:lhbr:259972,314b9948-58bb-5492-992d-47e3bc33595d,Images,2,,
tg:lhbr:244643,8f94caa4-5012-52df-bdfb-93dab13ba155,Images,2,,
tg:lhbr:291759,6e3f44f0-1171-5518-83d4-7c8434c6f2c3,Images,2,,
tg:lhbr:245402,e8db8390-ad3c-576e-8bdd-2d4487651144,Images,2,,
tg:lhbr:221743,62bd37d1-b3d4-58a0-a632-87aee0e423f7,Images,2,,
tg:lhbr:245052,de248af2-2828-5ba8-a0c6-3d4068a19c19,Images,2,,
tg:lhbr:124514,d11db150-4203-5160-88d2-a03c53a11910,Images,1,Hoge resolutie,https://anet.be/docstore/d:lh:241112
tg:lhbr:251441,61373ccf-43fd-56a8-8292-e4f551919c0b,Images,2,,
tg:lhbr:245547,6b3e044e-7a7a-5d4f-8640-a83c0070cbf9,Images,2,,
tg:lhbr:245117,056971ac-6ec0-55f3-b552-55d817d06529,Images,2,,
tg:lhbr:259134,51042989-6897-536d-99c2-8bd02ddd1b5b,Images,2,,
tg:lhbr:49164,17a867f5-4d4d-53e7-a11d-cd82ce6eac14,Images,2,,
tg:lhbr:244356,9a4a1c65-a514-5045-a179-7c3d41f3d581,Images,2,,
tg:lhbr:243493,685ae78d-a4ef-5eee-84f9-800069c544ad,Images,2,,
tg:lhbr:268239,0a833f89-341b-59b2-9746-2429d8ccb295,Images,2,,
tg:lhbr:243169,73865d79-d8b6-5bdd-b23b-92bf2a7f5052,Images,2,,
tg:lhbr:244706,fbe2edc3-ae7a-5407-9be5-a2513edc35ea,Images,2,,
tg:lhbr:268393,ac32ec21-399d-5915-a4ea-d443def3b1d3,Images,2,,
tg:lhbr:250315,702a61a2-02de-5dc6-9dd8-61c0b4f47992,Images,2,,
tg:lhbr:200788,4c653839-9624-5820-8154-b35b8501ac73,Images,2,Hoge resolutie,https://anet.be/docstore/d:lh:250938
tg:lhbr:200788,4c653839-9624-5820-8154-b35b8501ac73,Images,3,,
tg:lhbr:57253,e20a7cce-4f49-5528-8dc9-71e7817c5592,Images,2,,
tg:lhbr:178145,814d4dd6-c973-53f8-8345-317514efcc81,Images,2,,
tg:lhbr:178145,814d4dd6-c973-53f8-8345-317514efcc81,Images,3,Hoge resolutie,https://anet.be/docstore/d:lh:238716
tg:lhbr:247653,b29d4507-643f-5f39-83d3-6d8b15b061e6,Images,2,,
tg:lhbr:245394,edddb4f4-4855-5a6f-90af-7a9f4125d7d3,Images,2,,
tg:lhbr:274830,70cd0555-ddbe-5d2d-8b16-6d20648c6482,Images,2,,
tg:lhbr:204661,4b90ea31-9271-5660-abb6-66dd519559fb,Images,2,,
tg:lhbr:243610,e87087d0-3ea4-5758-bf0e-15a36363016f,Images,2,,
tg:lhbr:244585,e27088c1-05bd-5e9b-92ee-b5911b77a1c9,Images,2,,
tg:lhbr:274426,9d1a9973-a436-5822-8d62-e3ac521bbaf7,Images,2,,
tg:lhbr:243755,73475133-9d94-5bbc-b580-35261d84d991,Images,2,,
tg:lhbr:244090,511b500d-f109-5525-88af-6f9f317a9d22,Images,2,,
tg:lhbr:204724,694bb2a7-5509-58e0-8ce2-fe1846a51f32,Images,2,,
tg:lhbr:220781,3b1d4899-a78b-5942-9e9e-f563498b2e42,Images,1,Hoge resolutie,https://anet.be/docstore/d:lh:286275
tg:lhbr:220781,3b1d4899-a78b-5942-9e9e-f563498b2e42,Images,3,,
tg:lhbr:268055,b0bbfdc0-1cff-5c78-b7d3-26c971f99c2f,Images,2,,
tg:lhbr:262458,cd18ca03-3b40-5d1a-b0ff-94d4ccb8f8c2,Images,2,,
tg:lhbr:264975,4f6c1c1b-df89-5bac-8aad-addb663433d1,Images,2,,
tg:lhbr:244993,afbba860-8a65-5a69-9f4e-ab3a39a3cdfc,Images,2,,
tg:lhbr:245681,ba5bcbb4-0333-5113-b039-92adcf24f594,Images,2,,
